episode_id,trial_index,seed,role_permutation,hidden_state_controlled_injection,gt_local_a,gt_local_b,gt_local_c,adaptive_selected_subset,adaptive_selected_k,adaptive_status,adaptive_degradation_mode,adaptive_execution_calls,adaptive_exploration_calls,adaptive_total_calls,adaptive_success,fixed_subset,fixed_calls,fixed_success,oracle_feasible
v4conf-000,0,2000000,role_0=local-c;role_1=local-a;role_2=local-b,SHARED_DEGRADATION,0,0,1,local-a|local-b|local-c,3,WARMUP,warmup,0,3,3,1,local-b|local-c,2,1,1
v4conf-000,1,2000000,role_0=local-c;role_1=local-a;role_2=local-b,SHARED_DEGRADATION,0,0,0,local-a|local-b|local-c,3,WARMUP,warmup,0,3,3,0,local-b|local-c,2,0,0
v4conf-000,2,2000000,role_0=local-c;role_1=local-a;role_2=local-b,SHARED_DEGRADATION,0,0,0,local-a|local-b|local-c,3,WARMUP,warmup,0,3,3,0,local-b|local-c,2,0,0
v4conf-000,3,2000000,role_0=local-c;role_1=local-a;role_2=local-b,SHARED_DEGRADATION,0,0,0,local-c,1,SLO_ESTIMATE_UNSATISFIABLE,best-effort,1,0,1,0,local-b|local-c,2,0,0
v4conf-000,4,2000000,role_0=local-c;role_1=local-a;role_2=local-b,SINGLE_PROVIDER_CONGESTED,1,1,0,local-a|local-c,2,SLO_ESTIMATE_UNSATISFIABLE,best-effort,2,0,2,1,local-b|local-c,2,1,1
v4conf-000,5,2000000,role_0=local-c;role_1=local-a;role_2=local-b,SINGLE_PROVIDER_CONGESTED,1,1,0,local-a|local-c,2,SLO_ESTIMATE_UNSATISFIABLE,best-effort,2,0,2,1,local-b|local-c,2,1,1
v4conf-000,6,2000000,role_0=local-c;role_1=local-a;role_2=local-b,SINGLE_PROVIDER_CONGESTED,1,1,0,local-a|local-c,2,SLO_ESTIMATE_UNSATISFIABLE,best-effort,2,0,2,1,local-b|local-c,2,1,1
v4conf-000,7,2000000,role_0=local-c;role_1=local-a;role_2=local-b,SINGLE_PROVIDER_CONGESTED,1,1,0,local-a|local-c,2,SLO_ESTIMATE_UNSATISFIABLE,best-effort,2,3,5,1,local-b|local-c,2,1,1
v4conf-000,8,2000000,role_0=local-c;role_1=local-a;role_2=local-b,SINGLE_PROVIDER_CONGESTED,1,1,0,local-a|local-c,2,SLO_ESTIMATE_UNSATISFIABLE,best-effort,2,0,2,1,local-b|local-c,2,1,1
v4conf-000,9,2000000,role_0=local-c;role_1=local-a;role_2=local-b,SINGLE_PROVIDER_CONGESTED,1,1,0,local-a|local-c,2,SLO_ESTIMATE_UNSATISFIABLE,best-effort,2,0,2,1,local-b|local-c,2,1,1
v4conf-000,10,2000000,role_0=local-c;role_1=local-a;role_2=local-b,SINGLE_PROVIDER_CONGESTED,1,1,0,local-a|local-c,2,SLO_ESTIMATE_UNSATISFIABLE,best-effort,2,0,2,1,local-b|local-c,2,1,1
v4conf-000,11,2000000,role_0=local-c;role_1=local-a;role_2=local-b,SINGLE_PROVIDER_CONGESTED,1,1,0,local-a|local-c,2,SLO_ESTIMATE_UNSATISFIABLE,best-effort,2,0,2,1,local-b|local-c,2,1,1
v4conf-000,12,2000000,role_0=local-c;role_1=local-a;role_2=local-b,SINGLE_PROVIDER_UNSTABLE,1,1,1,local-a,1,SLO_ESTIMATE_UNSATISFIABLE,best-effort,1,0,1,1,local-b|local-c,2,1,1
v4conf-000,13,2000000,role_0=local-c;role_1=local-a;role_2=local-b,SINGLE_PROVIDER_UNSTABLE,1,1,0,local-a,1,SLO_ESTIMATE_UNSATISFIABLE,best-effort,1,0,1,1,local-b|local-c,2,1,1
v4conf-000,14,2000000,role_0=local-c;role_1=local-a;role_2=local-b,SINGLE_PROVIDER_UNSTABLE,1,1,0,local-a,1,SELECTED,,1,0,1,1,local-b|local-c,2,1,1
v4conf-000,15,2000000,role_0=local-c;role_1=local-a;role_2=local-b,SINGLE_PROVIDER_UNSTABLE,1,1,1,local-a,1,SELECTED,,1,3,4,1,local-b|local-c,2,1,1
v4conf-000,16,2000000,role_0=local-c;role_1=local-a;role_2=local-b,SINGLE_PROVIDER_UNSTABLE,1,1,0,local-a,1,SELECTED,,1,0,1,1,local-b|local-c,2,1,1
v4conf-000,17,2000000,role_0=local-c;role_1=local-a;role_2=local-b,SINGLE_PROVIDER_UNSTABLE,1,1,0,local-a,1,SELECTED,,1,0,1,1,local-b|local-c,2,1,1
v4conf-000,18,2000000,role_0=local-c;role_1=local-a;role_2=local-b,SINGLE_PROVIDER_UNSTABLE,1,1,0,local-a,1,SELECTED,,1,0,1,1,local-b|local-c,2,1,1
v4conf-000,19,2000000,role_0=local-c;role_1=local-a;role_2=local-b,SINGLE_PROVIDER_INVALID_RISK,1,1,1,local-a,1,SELECTED,,1,0,1,1,local-b|local-c,2,1,1
v4conf-000,20,2000000,role_0=local-c;role_1=local-a;role_2=local-b,SINGLE_PROVIDER_INVALID_RISK,1,1,1,local-a,1,SELECTED,,1,0,1,1,local-b|local-c,2,1,1
v4conf-000,21,2000000,role_0=local-c;role_1=local-a;role_2=local-b,SINGLE_PROVIDER_INVALID_RISK,1,1,1,local-a,1,SELECTED,,1,0,1,1,local-b|local-c,2,1,1
v4conf-001,0,2000001,role_0=local-b;role_1=local-a;role_2=local-c,PAIR_CORRELATED_DEGRADATION,0,0,1,local-a|local-b|local-c,3,WARMUP,warmup,0,3,3,1,local-b|local-c,2,1,1
v4conf-001,1,2000001,role_0=local-b;role_1=local-a;role_2=local-c,PAIR_CORRELATED_DEGRADATION,0,0,1,local-a|local-b|local-c,3,WARMUP,warmup,0,3,3,1,local-b|local-c,2,1,1
v4conf-001,2,2000001,role_0=local-b;role_1=local-a;role_2=local-c,PAIR_CORRELATED_DEGRADATION,1,0,1,local-a|local-b|local-c,3,WARMUP,warmup,0,3,3,1,local-b|local-c,2,1,1
v4conf-001,3,2000001,role_0=local-b;role_1=local-a;role_2=local-c,PAIR_CORRELATED_DEGRADATION,0,0,1,local-c,1,SLO_ESTIMATE_UNSATISFIABLE,best-effort,1,0,1,1,local-b|local-c,2,1,1
v4conf-001,4,2000001,role_0=local-b;role_1=local-a;role_2=local-c,PAIR_CORRELATED_DEGRADATION,0,0,1,local-c,1,SLO_ESTIMATE_UNSATISFIABLE,best-effort,1,0,1,1,local-b|local-c,2,1,1
v4conf-001,5,2000001,role_0=local-b;role_1=local-a;role_2=local-c,PAIR_CORRELATED_DEGRADATION,0,0,1,local-c,1,SELECTED,,1,0,1,1,local-b|local-c,2,1,1
v4conf-001,6,2000001,role_0=local-b;role_1=local-a;role_2=local-c,PAIR_CORRELATED_DEGRADATION,0,1,1,local-c,1,SELECTED,,1,0,1,1,local-b|local-c,2,1,1
v4conf-001,7,2000001,role_0=local-b;role_1=local-a;role_2=local-c,PAIR_CORRELATED_DEGRADATION,1,0,1,local-c,1,SELECTED,,1,3,4,1,local-b|local-c,2,1,1
v4conf-001,8,2000001,role_0=local-b;role_1=local-a;role_2=local-c,PAIR_CORRELATED_DEGRADATION,0,0,1,local-c,1,SELECTED,,1,0,1,1,local-b|local-c,2,1,1
v4conf-001,9,2000001,role_0=local-b;role_1=local-a;role_2=local-c,PAIR_CORRELATED_DEGRADATION,0,0,1,local-c,1,SELECTED,,1,0,1,1,local-b|local-c,2,1,1
v4conf-001,10,2000001,role_0=local-b;role_1=local-a;role_2=local-c,PAIR_CORRELATED_DEGRADATION,0,1,1,local-c,1,SELECTED,,1,0,1,1,local-b|local-c,2,1,1
v4conf-001,11,2000001,role_0=local-b;role_1=local-a;role_2=local-c,PAIR_CORRELATED_DEGRADATION,0,0,1,local-c,1,SELECTED,,1,0,1,1,local-b|local-c,2,1,1
v4conf-001,12,2000001,role_0=local-b;role_1=local-a;role_2=local-c,SINGLE_PROVIDER_UNSTABLE,1,0,1,local-c,1,SELECTED,,1,0,1,1,local-b|local-c,2,1,1
v4conf-001,13,2000001,role_0=local-b;role_1=local-a;role_2=local-c,SINGLE_PROVIDER_UNSTABLE,1,0,1,local-c,1,SELECTED,,1,0,1,1,local-b|local-c,2,1,1
v4conf-001,14,2000001,role_0=local-b;role_1=local-a;role_2=local-c,SINGLE_PROVIDER_UNSTABLE,1,0,1,local-c,1,SELECTED,,1,0,1,1,local-b|local-c,2,1,1
v4conf-001,15,2000001,role_0=local-b;role_1=local-a;role_2=local-c,SINGLE_PROVIDER_UNSTABLE,1,1,1,local-c,1,SELECTED,,1,3,4,1,local-b|local-c,2,1,1
v4conf-001,16,2000001,role_0=local-b;role_1=local-a;role_2=local-c,NORMAL,1,1,1,local-c,1,SELECTED,,1,0,1,1,local-b|local-c,2,1,1
v4conf-001,17,2000001,role_0=local-b;role_1=local-a;role_2=local-c,NORMAL,1,1,1,local-c,1,SELECTED,,1,0,1,1,local-b|local-c,2,1,1
v4conf-001,18,2000001,role_0=local-b;role_1=local-a;role_2=local-c,NORMAL,1,1,1,local-c,1,SELECTED,,1,0,1,1,local-b|local-c,2,1,1
v4conf-001,19,2000001,role_0=local-b;role_1=local-a;role_2=local-c,NORMAL,1,1,1,local-c,1,SELECTED,,1,0,1,1,local-b|local-c,2,1,1
v4conf-001,20,2000001,role_0=local-b;role_1=local-a;role_2=local-c,NORMAL,1,1,1,local-c,1,SELECTED,,1,0,1,1,local-b|local-c,2,1,1
v4conf-001,21,2000001,role_0=local-b;role_1=local-a;role_2=local-c,NORMAL,1,1,1,local-c,1,SELECTED,,1,0,1,1,local-b|local-c,2,1,1
v4conf-002,0,2000002,role_0=local-c;role_1=local-b;role_2=local-a,SINGLE_PROVIDER_CONGESTED,1,1,0,local-a|local-b|local-c,3,WARMUP,warmup,0,3,3,1,local-b|local-c,2,1,1
v4conf-002,1,2000002,role_0=local-c;role_1=local-b;role_2=local-a,SINGLE_PROVIDER_CONGESTED,1,1,0,local-a|local-b|local-c,3,WARMUP,warmup,0,3,3,1,local-b|local-c,2,1,1
v4conf-002,2,2000002,role_0=local-c;role_1=local-b;role_2=local-a,SINGLE_PROVIDER_CONGESTED,1,1,0,local-a|local-b|local-c,3,WARMUP,warmup,0,3,3,1,local-b|local-c,2,1,1
v4conf-002,3,2000002,role_0=local-c;role_1=local-b;role_2=local-a,SINGLE_PROVIDER_CONGESTED,1,1,0,local-a,1,SLO_ESTIMATE_UNSATISFIABLE,best-effort,1,0,1,1,local-b|local-c,2,1,1
v4conf-002,4,2000002,role_0=local-c;role_1=local-b;role_2=local-a,SINGLE_PROVIDER_CONGESTED,1,1,0,local-a,1,SLO_ESTIMATE_UNSATISFIABLE,best-effort,1,0,1,1,local-b|local-c,2,1,1
v4conf-002,5,2000002,role_0=local-c;role_1=local-b;role_2=local-a,SINGLE_PROVIDER_CONGESTED,1,1,0,local-a,1,SELECTED,,1,0,1,1,local-b|local-c,2,1,1
v4conf-002,6,2000002,role_0=local-c;role_1=local-b;role_2=local-a,SINGLE_PROVIDER_CONGESTED,1,1,0,local-a,1,SELECTED,,1,0,1,1,local-b|local-c,2,1,1
v4conf-002,7,2000002,role_0=local-c;role_1=local-b;role_2=local-a,SINGLE_PROVIDER_CONGESTED,1,1,0,local-a,1,SELECTED,,1,3,4,1,local-b|local-c,2,1,1
v4conf-002,8,2000002,role_0=local-c;role_1=local-b;role_2=local-a,PAIR_CORRELATED_DEGRADATION,1,0,0,local-a,1,SELECTED,,1,0,1,1,local-b|local-c,2,0,1
v4conf-002,9,2000002,role_0=local-c;role_1=local-b;role_2=local-a,PAIR_CORRELATED_DEGRADATION,1,0,0,local-a,1,SELECTED,,1,0,1,1,local-b|local-c,2,0,1
v4conf-002,10,2000002,role_0=local-c;role_1=local-b;role_2=local-a,PAIR_CORRELATED_DEGRADATION,1,1,0,local-a,1,SELECTED,,1,0,1,1,local-b|local-c,2,1,1
v4conf-002,11,2000002,role_0=local-c;role_1=local-b;role_2=local-a,PAIR_CORRELATED_DEGRADATION,1,0,0,local-a,1,SELECTED,,1,0,1,1,local-b|local-c,2,0,1
v4conf-002,12,2000002,role_0=local-c;role_1=local-b;role_2=local-a,PAIR_CORRELATED_DEGRADATION,1,0,0,local-a,1,SELECTED,,1,0,1,1,local-b|local-c,2,0,1
v4conf-002,13,2000002,role_0=local-c;role_1=local-b;role_2=local-a,NORMAL,1,1,1,local-a,1,SELECTED,,1,0,1,1,local-b|local-c,2,1,1
v4conf-002,14,2000002,role_0=local-c;role_1=local-b;role_2=local-a,NORMAL,1,1,1,local-a,1,SELECTED,,1,0,1,1,local-b|local-c,2,1,1
v4conf-002,15,2000002,role_0=local-c;role_1=local-b;role_2=local-a,NORMAL,1,1,1,local-a,1,SELECTED,,1,3,4,1,local-b|local-c,2,1,1
v4conf-002,16,2000002,role_0=local-c;role_1=local-b;role_2=local-a,NORMAL,1,1,1,local-a,1,SELECTED,,1,0,1,1,local-b|local-c,2,1,1
v4conf-002,17,2000002,role_0=local-c;role_1=local-b;role_2=local-a,NORMAL,1,1,1,local-a,1,SELECTED,,1,0,1,1,local-b|local-c,2,1,1
v4conf-002,18,2000002,role_0=local-c;role_1=local-b;role_2=local-a,NORMAL,1,1,1,local-a,1,SELECTED,,1,0,1,1,local-b|local-c,2,1,1
v4conf-002,19,2000002,role_0=local-c;role_1=local-b;role_2=local-a,NORMAL,1,1,1,local-a,1,SELECTED,,1,0,1,1,local-b|local-c,2,1,1
v4conf-002,20,2000002,role_0=local-c;role_1=local-b;role_2=local-a,NORMAL,1,1,1,local-a,1,SELECTED,,1,0,1,1,local-b|local-c,2,1,1
v4conf-002,21,2000002,role_0=local-c;role_1=local-b;role_2=local-a,NORMAL,1,1,1,local-a,1,SELECTED,,1,0,1,1,local-b|local-c,2,1,1
v4conf-003,0,2000003,role_0=local-b;role_1=local-a;role_2=local-c,SINGLE_PROVIDER_UNSTABLE,1,1,1,local-a|local-b|local-c,3,WARMUP,warmup,0,3,3,1,local-b|local-c,2,1,1
v4conf-003,1,2000003,role_0=local-b;role_1=local-a;role_2=local-c,SINGLE_PROVIDER_UNSTABLE,1,1,1,local-a|local-b|local-c,3,WARMUP,warmup,0,3,3,1,local-b|local-c,2,1,1
v4conf-003,2,2000003,role_0=local-b;role_1=local-a;role_2=local-c,SINGLE_PROVIDER_UNSTABLE,1,0,1,local-a|local-b|local-c,3,WARMUP,warmup,0,3,3,1,local-b|local-c,2,1,1
v4conf-003,3,2000003,role_0=local-b;role_1=local-a;role_2=local-c,SINGLE_PROVIDER_UNSTABLE,1,1,1,local-a,1,SLO_ESTIMATE_UNSATISFIABLE,best-effort,1,0,1,1,local-b|local-c,2,1,1
v4conf-003,4,2000003,role_0=local-b;role_1=local-a;role_2=local-c,SINGLE_PROVIDER_INVALID_RISK,1,1,1,local-a,1,SLO_ESTIMATE_UNSATISFIABLE,best-effort,1,0,1,1,local-b|local-c,2,1,1
v4conf-003,5,2000003,role_0=local-b;role_1=local-a;role_2=local-c,SINGLE_PROVIDER_INVALID_RISK,1,1,1,local-a,1,SELECTED,,1,0,1,1,local-b|local-c,2,1,1
v4conf-003,6,2000003,role_0=local-b;role_1=local-a;role_2=local-c,SINGLE_PROVIDER_INVALID_RISK,1,0,1,local-a,1,SELECTED,,1,0,1,1,local-b|local-c,2,1,1
v4conf-003,7,2000003,role_0=local-b;role_1=local-a;role_2=local-c,SINGLE_PROVIDER_INVALID_RISK,1,1,1,local-a,1,SELECTED,,1,3,4,1,local-b|local-c,2,1,1
v4conf-003,8,2000003,role_0=local-b;role_1=local-a;role_2=local-c,SINGLE_PROVIDER_INVALID_RISK,1,1,1,local-a,1,SELECTED,,1,0,1,1,local-b|local-c,2,1,1
v4conf-003,9,2000003,role_0=local-b;role_1=local-a;role_2=local-c,SINGLE_PROVIDER_INVALID_RISK,1,0,1,local-a,1,SELECTED,,1,0,1,1,local-b|local-c,2,1,1
v4conf-003,10,2000003,role_0=local-b;role_1=local-a;role_2=local-c,SINGLE_PROVIDER_INVALID_RISK,1,0,1,local-a,1,SELECTED,,1,0,1,1,local-b|local-c,2,1,1
v4conf-003,11,2000003,role_0=local-b;role_1=local-a;role_2=local-c,SINGLE_PROVIDER_INVALID_RISK,1,0,1,local-a,1,SELECTED,,1,0,1,1,local-b|local-c,2,1,1
v4conf-003,12,2000003,role_0=local-b;role_1=local-a;role_2=local-c,SINGLE_PROVIDER_INVALID_RISK,1,0,1,local-a,1,SELECTED,,1,0,1,1,local-b|local-c,2,1,1
v4conf-003,13,2000003,role_0=local-b;role_1=local-a;role_2=local-c,SINGLE_PROVIDER_INVALID_RISK,1,1,1,local-a,1,SELECTED,,1,0,1,1,local-b|local-c,2,1,1
v4conf-003,14,2000003,role_0=local-b;role_1=local-a;role_2=local-c,SHARED_DEGRADATION,0,0,0,local-a,1,SELECTED,,1,0,1,0,local-b|local-c,2,0,0
v4conf-003,15,2000003,role_0=local-b;role_1=local-a;role_2=local-c,SHARED_DEGRADATION,0,0,0,local-a|local-b,2,SELECTED,,2,3,5,0,local-b|local-c,2,0,0
v4conf-003,16,2000003,role_0=local-b;role_1=local-a;role_2=local-c,SHARED_DEGRADATION,0,0,0,local-a|local-b,2,SLO_ESTIMATE_UNSATISFIABLE,best-effort,2,0,2,0,local-b|local-c,2,0,0
v4conf-003,17,2000003,role_0=local-b;role_1=local-a;role_2=local-c,SHARED_DEGRADATION,1,1,0,local-a|local-c,2,SLO_ESTIMATE_UNSATISFIABLE,best-effort,2,0,2,1,local-b|local-c,2,1,1
v4conf-003,18,2000003,role_0=local-b;role_1=local-a;role_2=local-c,SHARED_DEGRADATION,0,0,0,local-a|local-c,2,SLO_ESTIMATE_UNSATISFIABLE,best-effort,2,0,2,0,local-b|local-c,2,0,0
v4conf-003,19,2000003,role_0=local-b;role_1=local-a;role_2=local-c,SHARED_DEGRADATION,0,0,0,local-a|local-b|local-c,3,SLO_ESTIMATE_UNSATISFIABLE,best-effort,3,0,3,0,local-b|local-c,2,0,0
v4conf-003,20,2000003,role_0=local-b;role_1=local-a;role_2=local-c,SHARED_DEGRADATION,0,0,0,local-a|local-b|local-c,3,SLO_ESTIMATE_UNSATISFIABLE,best-effort,3,0,3,0,local-b|local-c,2,0,0
v4conf-003,21,2000003,role_0=local-b;role_1=local-a;role_2=local-c,SHARED_DEGRADATION,0,0,1,local-a|local-b|local-c,3,SLO_ESTIMATE_UNSATISFIABLE,best-effort,3,0,3,1,local-b|local-c,2,1,1
v4conf-004,0,2000004,role_0=local-a;role_1=local-b;role_2=local-c,SINGLE_PROVIDER_CONGESTED,0,1,1,local-a|local-b|local-c,3,WARMUP,warmup,0,3,3,1,local-b|local-c,2,1,1
v4conf-004,1,2000004,role_0=local-a;role_1=local-b;role_2=local-c,SINGLE_PROVIDER_CONGESTED,0,1,1,local-a|local-b|local-c,3,WARMUP,warmup,0,3,3,1,local-b|local-c,2,1,1
v4conf-004,2,2000004,role_0=local-a;role_1=local-b;role_2=local-c,SINGLE_PROVIDER_CONGESTED,0,1,1,local-a|local-b|local-c,3,WARMUP,warmup,0,3,3,1,local-b|local-c,2,1,1
v4conf-004,3,2000004,role_0=local-a;role_1=local-b;role_2=local-c,SINGLE_PROVIDER_CONGESTED,0,1,1,local-b,1,SLO_ESTIMATE_UNSATISFIABLE,best-effort,1,0,1,1,local-b|local-c,2,1,1
v4conf-004,4,2000004,role_0=local-a;role_1=local-b;role_2=local-c,SINGLE_PROVIDER_CONGESTED,0,1,1,local-b,1,SLO_ESTIMATE_UNSATISFIABLE,best-effort,1,0,1,1,local-b|local-c,2,1,1
v4conf-004,5,2000004,role_0=local-a;role_1=local-b;role_2=local-c,SINGLE_PROVIDER_CONGESTED,0,1,1,local-b,1,SELECTED,,1,0,1,1,local-b|local-c,2,1,1
v4conf-004,6,2000004,role_0=local-a;role_1=local-b;role_2=local-c,SINGLE_PROVIDER_CONGESTED,0,1,1,local-b,1,SELECTED,,1,0,1,1,local-b|local-c,2,1,1
v4conf-004,7,2000004,role_0=local-a;role_1=local-b;role_2=local-c,SINGLE_PROVIDER_CONGESTED,0,1,1,local-b,1,SELECTED,,1,3,4,1,local-b|local-c,2,1,1
v4conf-004,8,2000004,role_0=local-a;role_1=local-b;role_2=local-c,SINGLE_PROVIDER_CONGESTED,0,1,1,local-b,1,SELECTED,,1,0,1,1,local-b|local-c,2,1,1
v4conf-004,9,2000004,role_0=local-a;role_1=local-b;role_2=local-c,SHARED_DEGRADATION,0,1,0,local-b,1,SELECTED,,1,0,1,1,local-b|local-c,2,1,1
v4conf-004,10,2000004,role_0=local-a;role_1=local-b;role_2=local-c,SHARED_DEGRADATION,0,1,1,local-b,1,SELECTED,,1,0,1,1,local-b|local-c,2,1,1
v4conf-004,11,2000004,role_0=local-a;role_1=local-b;role_2=local-c,SHARED_DEGRADATION,0,0,0,local-b,1,SELECTED,,1,0,1,0,local-b|local-c,2,0,0
v4conf-004,12,2000004,role_0=local-a;role_1=local-b;role_2=local-c,SHARED_DEGRADATION,1,0,0,local-a|local-b,2,SELECTED,,2,0,2,1,local-b|local-c,2,0,1
v4conf-004,13,2000004,role_0=local-a;role_1=local-b;role_2=local-c,SHARED_DEGRADATION,0,0,0,local-a|local-b,2,SELECTED,,2,0,2,0,local-b|local-c,2,0,0
v4conf-004,14,2000004,role_0=local-a;role_1=local-b;role_2=local-c,SHARED_DEGRADATION,0,0,0,local-b|local-c,2,SELECTED,,2,0,2,0,local-b|local-c,2,0,0
v4conf-004,15,2000004,role_0=local-a;role_1=local-b;role_2=local-c,SHARED_DEGRADATION,0,0,0,local-a|local-c,2,SELECTED,,2,3,5,0,local-b|local-c,2,0,0
v4conf-004,16,2000004,role_0=local-a;role_1=local-b;role_2=local-c,SHARED_DEGRADATION,0,0,0,local-a|local-b|local-c,3,SLO_ESTIMATE_UNSATISFIABLE,best-effort,3,0,3,0,local-b|local-c,2,0,0
v4conf-004,17,2000004,role_0=local-a;role_1=local-b;role_2=local-c,SINGLE_PROVIDER_CONGESTED,0,1,1,local-a|local-b|local-c,3,SLO_ESTIMATE_UNSATISFIABLE,best-effort,3,0,3,1,local-b|local-c,2,1,1
v4conf-004,18,2000004,role_0=local-a;role_1=local-b;role_2=local-c,SINGLE_PROVIDER_CONGESTED,0,1,1,local-a|local-b|local-c,3,SLO_ESTIMATE_UNSATISFIABLE,best-effort,3,0,3,1,local-b|local-c,2,1,1
v4conf-004,19,2000004,role_0=local-a;role_1=local-b;role_2=local-c,SINGLE_PROVIDER_CONGESTED,0,1,1,local-a|local-b|local-c,3,SLO_ESTIMATE_UNSATISFIABLE,best-effort,3,0,3,1,local-b|local-c,2,1,1
v4conf-004,20,2000004,role_0=local-a;role_1=local-b;role_2=local-c,SINGLE_PROVIDER_CONGESTED,0,1,1,local-a|local-c,2,SLO_ESTIMATE_UNSATISFIABLE,best-effort,2,0,2,1,local-b|local-c,2,1,1
v4conf-004,21,2000004,role_0=local-a;role_1=local-b;role_2=local-c,SINGLE_PROVIDER_CONGESTED,0,1,1,local-a|local-c,2,SLO_ESTIMATE_UNSATISFIABLE,best-effort,2,0,2,1,local-b|local-c,2,1,1
v4conf-005,0,2000005,role_0=local-c;role_1=local-a;role_2=local-b,PAIR_CORRELATED_DEGRADATION,0,1,0,local-a|local-b|local-c,3,WARMUP,warmup,0,3,3,1,local-b|local-c,2,1,1
v4conf-005,1,2000005,role_0=local-c;role_1=local-a;role_2=local-b,PAIR_CORRELATED_DEGRADATION,0,1,0,local-a|local-b|local-c,3,WARMUP,warmup,0,3,3,1,local-b|local-c,2,1,1
v4conf-005,2,2000005,role_0=local-c;role_1=local-a;role_2=local-b,PAIR_CORRELATED_DEGRADATION,0,1,0,local-a|local-b|local-c,3,WARMUP,warmup,0,3,3,1,local-b|local-c,2,1,1
v4conf-005,3,2000005,role_0=local-c;role_1=local-a;role_2=local-b,PAIR_CORRELATED_DEGRADATION,0,1,0,local-b,1,SLO_ESTIMATE_UNSATISFIABLE,best-effort,1,0,1,1,local-b|local-c,2,1,1
v4conf-005,4,2000005,role_0=local-c;role_1=local-a;role_2=local-b,PAIR_CORRELATED_DEGRADATION,0,1,0,local-b,1,SLO_ESTIMATE_UNSATISFIABLE,best-effort,1,0,1,1,local-b|local-c,2,1,1
v4conf-005,5,2000005,role_0=local-c;role_1=local-a;role_2=local-b,PAIR_CORRELATED_DEGRADATION,0,1,0,local-b,1,SELECTED,,1,0,1,1,local-b|local-c,2,1,1
v4conf-005,6,2000005,role_0=local-c;role_1=local-a;role_2=local-b,SINGLE_PROVIDER_INVALID_RISK,1,1,0,local-b,1,SELECTED,,1,0,1,1,local-b|local-c,2,1,1
v4conf-005,7,2000005,role_0=local-c;role_1=local-a;role_2=local-b,SINGLE_PROVIDER_INVALID_RISK,1,1,1,local-b,1,SELECTED,,1,3,4,1,local-b|local-c,2,1,1
v4conf-005,8,2000005,role_0=local-c;role_1=local-a;role_2=local-b,SINGLE_PROVIDER_INVALID_RISK,1,1,1,local-b,1,SELECTED,,1,0,1,1,local-b|local-c,2,1,1
v4conf-005,9,2000005,role_0=local-c;role_1=local-a;role_2=local-b,SINGLE_PROVIDER_INVALID_RISK,1,1,0,local-b,1,SELECTED,,1,0,1,1,local-b|local-c,2,1,1
v4conf-005,10,2000005,role_0=local-c;role_1=local-a;role_2=local-b,SINGLE_PROVIDER_INVALID_RISK,1,1,0,local-b,1,SELECTED,,1,0,1,1,local-b|local-c,2,1,1
v4conf-005,11,2000005,role_0=local-c;role_1=local-a;role_2=local-b,PAIR_CORRELATED_DEGRADATION,0,1,0,local-b,1,SELECTED,,1,0,1,1,local-b|local-c,2,1,1
v4conf-005,12,2000005,role_0=local-c;role_1=local-a;role_2=local-b,PAIR_CORRELATED_DEGRADATION,0,1,0,local-b,1,SELECTED,,1,0,1,1,local-b|local-c,2,1,1
v4conf-005,13,2000005,role_0=local-c;role_1=local-a;role_2=local-b,PAIR_CORRELATED_DEGRADATION,0,1,0,local-b,1,SELECTED,,1,0,1,1,local-b|local-c,2,1,1
v4conf-005,14,2000005,role_0=local-c;role_1=local-a;role_2=local-b,PAIR_CORRELATED_DEGRADATION,0,1,1,local-b,1,SELECTED,,1,0,1,1,local-b|local-c,2,1,1
v4conf-005,15,2000005,role_0=local-c;role_1=local-a;role_2=local-b,PAIR_CORRELATED_DEGRADATION,0,1,0,local-b,1,SELECTED,,1,3,4,1,local-b|local-c,2,1,1
v4conf-005,16,2000005,role_0=local-c;role_1=local-a;role_2=local-b,PAIR_CORRELATED_DEGRADATION,0,1,0,local-b,1,SELECTED,,1,0,1,1,local-b|local-c,2,1,1
v4conf-005,17,2000005,role_0=local-c;role_1=local-a;role_2=local-b,PAIR_CORRELATED_DEGRADATION,0,1,0,local-b,1,SELECTED,,1,0,1,1,local-b|local-c,2,1,1
v4conf-005,18,2000005,role_0=local-c;role_1=local-a;role_2=local-b,PAIR_CORRELATED_DEGRADATION,1,1,1,local-b,1,SELECTED,,1,0,1,1,local-b|local-c,2,1,1
v4conf-005,19,2000005,role_0=local-c;role_1=local-a;role_2=local-b,PAIR_CORRELATED_DEGRADATION,1,1,0,local-b,1,SELECTED,,1,0,1,1,local-b|local-c,2,1,1
v4conf-005,20,2000005,role_0=local-c;role_1=local-a;role_2=local-b,SINGLE_PROVIDER_CONGESTED,1,1,0,local-b,1,SELECTED,,1,0,1,1,local-b|local-c,2,1,1
v4conf-005,21,2000005,role_0=local-c;role_1=local-a;role_2=local-b,SINGLE_PROVIDER_CONGESTED,1,1,0,local-b,1,SELECTED,,1,0,1,1,local-b|local-c,2,1,1
v4conf-006,0,2000006,role_0=local-c;role_1=local-a;role_2=local-b,SINGLE_PROVIDER_INVALID_RISK,1,1,0,local-a|local-b|local-c,3,WARMUP,warmup,0,3,3,1,local-b|local-c,2,1,1
v4conf-006,1,2000006,role_0=local-c;role_1=local-a;role_2=local-b,SINGLE_PROVIDER_INVALID_RISK,1,1,0,local-a|local-b|local-c,3,WARMUP,warmup,0,3,3,1,local-b|local-c,2,1,1
v4conf-006,2,2000006,role_0=local-c;role_1=local-a;role_2=local-b,SINGLE_PROVIDER_INVALID_RISK,1,1,0,local-a|local-b|local-c,3,WARMUP,warmup,0,3,3,1,local-b|local-c,2,1,1
v4conf-006,3,2000006,role_0=local-c;role_1=local-a;role_2=local-b,SINGLE_PROVIDER_INVALID_RISK,1,1,0,local-a,1,SLO_ESTIMATE_UNSATISFIABLE,best-effort,1,0,1,1,local-b|local-c,2,1,1
v4conf-006,4,2000006,role_0=local-c;role_1=local-a;role_2=local-b,SHARED_DEGRADATION,0,0,0,local-a,1,SLO_ESTIMATE_UNSATISFIABLE,best-effort,1,0,1,0,local-b|local-c,2,0,0
v4conf-006,5,2000006,role_0=local-c;role_1=local-a;role_2=local-b,SHARED_DEGRADATION,0,0,1,local-a|local-b,2,SLO_ESTIMATE_UNSATISFIABLE,best-effort,2,0,2,0,local-b|local-c,2,1,1
v4conf-006,6,2000006,role_0=local-c;role_1=local-a;role_2=local-b,SHARED_DEGRADATION,0,0,0,local-a|local-c,2,SLO_ESTIMATE_UNSATISFIABLE,best-effort,2,0,2,0,local-b|local-c,2,0,0
v4conf-006,7,2000006,role_0=local-c;role_1=local-a;role_2=local-b,SHARED_DEGRADATION,1,1,0,local-a|local-b|local-c,3,SLO_ESTIMATE_UNSATISFIABLE,best-effort,3,3,6,1,local-b|local-c,2,1,1
v4conf-006,8,2000006,role_0=local-c;role_1=local-a;role_2=local-b,SHARED_DEGRADATION,0,0,0,local-a|local-b|local-c,3,SELECTED,,3,0,3,0,local-b|local-c,2,0,0
v4conf-006,9,2000006,role_0=local-c;role_1=local-a;role_2=local-b,SHARED_DEGRADATION,1,0,0,local-a|local-b|local-c,3,SLO_ESTIMATE_UNSATISFIABLE,best-effort,3,0,3,1,local-b|local-c,2,0,1
v4conf-006,10,2000006,role_0=local-c;role_1=local-a;role_2=local-b,SHARED_DEGRADATION,0,0,0,local-a|local-b|local-c,3,SLO_ESTIMATE_UNSATISFIABLE,best-effort,3,0,3,0,local-b|local-c,2,0,0
v4conf-006,11,2000006,role_0=local-c;role_1=local-a;role_2=local-b,SHARED_DEGRADATION,0,0,0,local-a|local-b|local-c,3,SLO_ESTIMATE_UNSATISFIABLE,best-effort,3,0,3,0,local-b|local-c,2,0,0
v4conf-006,12,2000006,role_0=local-c;role_1=local-a;role_2=local-b,SHARED_DEGRADATION,0,0,0,local-a|local-b|local-c,3,SLO_ESTIMATE_UNSATISFIABLE,best-effort,3,0,3,0,local-b|local-c,2,0,0
v4conf-006,13,2000006,role_0=local-c;role_1=local-a;role_2=local-b,SHARED_DEGRADATION,0,1,1,local-a|local-b|local-c,3,SLO_ESTIMATE_UNSATISFIABLE,best-effort,3,0,3,1,local-b|local-c,2,1,1
v4conf-006,14,2000006,role_0=local-c;role_1=local-a;role_2=local-b,SHARED_DEGRADATION,0,1,1,local-a|local-b|local-c,3,SLO_ESTIMATE_UNSATISFIABLE,best-effort,3,0,3,1,local-b|local-c,2,1,1
v4conf-006,15,2000006,role_0=local-c;role_1=local-a;role_2=local-b,NORMAL,1,1,1,local-a|local-b|local-c,3,SLO_ESTIMATE_UNSATISFIABLE,best-effort,3,3,6,1,local-b|local-c,2,1,1
v4conf-006,16,2000006,role_0=local-c;role_1=local-a;role_2=local-b,NORMAL,1,1,1,local-a|local-b|local-c,3,SLO_ESTIMATE_UNSATISFIABLE,best-effort,3,0,3,1,local-b|local-c,2,1,1
v4conf-006,17,2000006,role_0=local-c;role_1=local-a;role_2=local-b,NORMAL,1,1,1,local-a|local-b,2,SLO_ESTIMATE_UNSATISFIABLE,best-effort,2,0,2,1,local-b|local-c,2,1,1
v4conf-006,18,2000006,role_0=local-c;role_1=local-a;role_2=local-b,NORMAL,1,1,1,local-a|local-b,2,SLO_ESTIMATE_UNSATISFIABLE,best-effort,2,0,2,1,local-b|local-c,2,1,1
v4conf-006,19,2000006,role_0=local-c;role_1=local-a;role_2=local-b,PAIR_CORRELATED_DEGRADATION,0,1,0,local-a|local-b,2,SLO_ESTIMATE_UNSATISFIABLE,best-effort,2,0,2,1,local-b|local-c,2,1,1
v4conf-006,20,2000006,role_0=local-c;role_1=local-a;role_2=local-b,PAIR_CORRELATED_DEGRADATION,0,1,0,local-b,1,SLO_ESTIMATE_UNSATISFIABLE,best-effort,1,0,1,1,local-b|local-c,2,1,1
v4conf-006,21,2000006,role_0=local-c;role_1=local-a;role_2=local-b,PAIR_CORRELATED_DEGRADATION,0,1,0,local-b,1,SLO_ESTIMATE_UNSATISFIABLE,best-effort,1,0,1,1,local-b|local-c,2,1,1
v4conf-007,0,2000007,role_0=local-a;role_1=local-b;role_2=local-c,NORMAL,1,1,1,local-a|local-b|local-c,3,WARMUP,warmup,0,3,3,1,local-b|local-c,2,1,1
v4conf-007,1,2000007,role_0=local-a;role_1=local-b;role_2=local-c,NORMAL,1,1,1,local-a|local-b|local-c,3,WARMUP,warmup,0,3,3,1,local-b|local-c,2,1,1
v4conf-007,2,2000007,role_0=local-a;role_1=local-b;role_2=local-c,NORMAL,1,1,1,local-a|local-b|local-c,3,WARMUP,warmup,0,3,3,1,local-b|local-c,2,1,1
v4conf-007,3,2000007,role_0=local-a;role_1=local-b;role_2=local-c,NORMAL,1,1,1,local-a,1,SLO_ESTIMATE_UNSATISFIABLE,best-effort,1,0,1,1,local-b|local-c,2,1,1
v4conf-007,4,2000007,role_0=local-a;role_1=local-b;role_2=local-c,NORMAL,1,1,1,local-a,1,SLO_ESTIMATE_UNSATISFIABLE,best-effort,1,0,1,1,local-b|local-c,2,1,1
v4conf-007,5,2000007,role_0=local-a;role_1=local-b;role_2=local-c,NORMAL,1,1,1,local-a,1,SELECTED,,1,0,1,1,local-b|local-c,2,1,1
v4conf-007,6,2000007,role_0=local-a;role_1=local-b;role_2=local-c,NORMAL,1,1,1,local-a,1,SELECTED,,1,0,1,1,local-b|local-c,2,1,1
v4conf-007,7,2000007,role_0=local-a;role_1=local-b;role_2=local-c,SHARED_DEGRADATION,0,0,0,local-a,1,SELECTED,,1,3,4,0,local-b|local-c,2,0,0
v4conf-007,8,2000007,role_0=local-a;role_1=local-b;role_2=local-c,SHARED_DEGRADATION,0,0,0,local-a,1,SLO_ESTIMATE_UNSATISFIABLE,best-effort,1,0,1,0,local-b|local-c,2,0,0
v4conf-007,9,2000007,role_0=local-a;role_1=local-b;role_2=local-c,SHARED_DEGRADATION,0,0,0,local-a|local-b,2,SLO_ESTIMATE_UNSATISFIABLE,best-effort,2,0,2,0,local-b|local-c,2,0,0
v4conf-007,10,2000007,role_0=local-a;role_1=local-b;role_2=local-c,SHARED_DEGRADATION,0,0,0,local-a|local-c,2,SLO_ESTIMATE_UNSATISFIABLE,best-effort,2,0,2,0,local-b|local-c,2,0,0
v4conf-007,11,2000007,role_0=local-a;role_1=local-b;role_2=local-c,SHARED_DEGRADATION,1,0,0,local-a|local-b|local-c,3,SLO_ESTIMATE_UNSATISFIABLE,best-effort,3,0,3,1,local-b|local-c,2,0,1
v4conf-007,12,2000007,role_0=local-a;role_1=local-b;role_2=local-c,SHARED_DEGRADATION,1,0,0,local-a|local-b|local-c,3,SLO_ESTIMATE_UNSATISFIABLE,best-effort,3,0,3,1,local-b|local-c,2,0,1
v4conf-007,13,2000007,role_0=local-a;role_1=local-b;role_2=local-c,SHARED_DEGRADATION,0,0,1,local-a|local-b|local-c,3,SLO_ESTIMATE_UNSATISFIABLE,best-effort,3,0,3,1,local-b|local-c,2,1,1
v4conf-007,14,2000007,role_0=local-a;role_1=local-b;role_2=local-c,SHARED_DEGRADATION,0,0,0,local-a|local-b|local-c,3,SLO_ESTIMATE_UNSATISFIABLE,best-effort,3,0,3,0,local-b|local-c,2,0,0
v4conf-007,15,2000007,role_0=local-a;role_1=local-b;role_2=local-c,PAIR_CORRELATED_DEGRADATION,0,0,1,local-a|local-b|local-c,3,SLO_ESTIMATE_UNSATISFIABLE,best-effort,3,3,6,1,local-b|local-c,2,1,1
v4conf-007,16,2000007,role_0=local-a;role_1=local-b;role_2=local-c,PAIR_CORRELATED_DEGRADATION,0,0,1,local-a|local-b|local-c,3,SLO_ESTIMATE_UNSATISFIABLE,best-effort,3,0,3,1,local-b|local-c,2,1,1
v4conf-007,17,2000007,role_0=local-a;role_1=local-b;role_2=local-c,PAIR_CORRELATED_DEGRADATION,0,0,1,local-a|local-b|local-c,3,SLO_ESTIMATE_UNSATISFIABLE,best-effort,3,0,3,1,local-b|local-c,2,1,1
v4conf-007,18,2000007,role_0=local-a;role_1=local-b;role_2=local-c,PAIR_CORRELATED_DEGRADATION,0,0,1,local-a|local-b|local-c,3,SLO_ESTIMATE_UNSATISFIABLE,best-effort,3,0,3,1,local-b|local-c,2,1,1
v4conf-007,19,2000007,role_0=local-a;role_1=local-b;role_2=local-c,PAIR_CORRELATED_DEGRADATION,0,0,1,local-a|local-b|local-c,3,SLO_ESTIMATE_UNSATISFIABLE,best-effort,3,0,3,1,local-b|local-c,2,1,1
v4conf-007,20,2000007,role_0=local-a;role_1=local-b;role_2=local-c,PAIR_CORRELATED_DEGRADATION,1,0,1,local-a|local-c,2,SLO_ESTIMATE_UNSATISFIABLE,best-effort,2,0,2,1,local-b|local-c,2,1,1
v4conf-007,21,2000007,role_0=local-a;role_1=local-b;role_2=local-c,PAIR_CORRELATED_DEGRADATION,0,0,1,local-a|local-c,2,SLO_ESTIMATE_UNSATISFIABLE,best-effort,2,0,2,1,local-b|local-c,2,1,1
v4conf-008,0,2000008,role_0=local-c;role_1=local-b;role_2=local-a,SINGLE_PROVIDER_UNSTABLE,1,1,1,local-a|local-b|local-c,3,WARMUP,warmup,0,3,3,1,local-b|local-c,2,1,1
v4conf-008,1,2000008,role_0=local-c;role_1=local-b;role_2=local-a,SINGLE_PROVIDER_UNSTABLE,1,1,1,local-a|local-b|local-c,3,WARMUP,warmup,0,3,3,1,local-b|local-c,2,1,1
v4conf-008,2,2000008,role_0=local-c;role_1=local-b;role_2=local-a,SINGLE_PROVIDER_UNSTABLE,1,1,1,local-a|local-b|local-c,3,WARMUP,warmup,0,3,3,1,local-b|local-c,2,1,1
v4conf-008,3,2000008,role_0=local-c;role_1=local-b;role_2=local-a,SINGLE_PROVIDER_UNSTABLE,1,1,1,local-a,1,SLO_ESTIMATE_UNSATISFIABLE,best-effort,1,0,1,1,local-b|local-c,2,1,1
v4conf-008,4,2000008,role_0=local-c;role_1=local-b;role_2=local-a,SINGLE_PROVIDER_UNSTABLE,1,1,0,local-a,1,SLO_ESTIMATE_UNSATISFIABLE,best-effort,1,0,1,1,local-b|local-c,2,1,1
v4conf-008,5,2000008,role_0=local-c;role_1=local-b;role_2=local-a,SINGLE_PROVIDER_UNSTABLE,1,1,1,local-a,1,SELECTED,,1,0,1,1,local-b|local-c,2,1,1
v4conf-008,6,2000008,role_0=local-c;role_1=local-b;role_2=local-a,SINGLE_PROVIDER_UNSTABLE,1,1,0,local-a,1,SELECTED,,1,0,1,1,local-b|local-c,2,1,1
v4conf-008,7,2000008,role_0=local-c;role_1=local-b;role_2=local-a,SINGLE_PROVIDER_UNSTABLE,1,1,1,local-a,1,SELECTED,,1,3,4,1,local-b|local-c,2,1,1
v4conf-008,8,2000008,role_0=local-c;role_1=local-b;role_2=local-a,SINGLE_PROVIDER_UNSTABLE,1,1,1,local-a,1,SELECTED,,1,0,1,1,local-b|local-c,2,1,1
v4conf-008,9,2000008,role_0=local-c;role_1=local-b;role_2=local-a,SINGLE_PROVIDER_INVALID_RISK,1,1,1,local-a,1,SELECTED,,1,0,1,1,local-b|local-c,2,1,1
v4conf-008,10,2000008,role_0=local-c;role_1=local-b;role_2=local-a,SINGLE_PROVIDER_INVALID_RISK,1,1,1,local-a,1,SELECTED,,1,0,1,1,local-b|local-c,2,1,1
v4conf-008,11,2000008,role_0=local-c;role_1=local-b;role_2=local-a,SINGLE_PROVIDER_INVALID_RISK,1,1,1,local-a,1,SELECTED,,1,0,1,1,local-b|local-c,2,1,1
v4conf-008,12,2000008,role_0=local-c;role_1=local-b;role_2=local-a,SINGLE_PROVIDER_INVALID_RISK,1,1,0,local-a,1,SELECTED,,1,0,1,1,local-b|local-c,2,1,1
v4conf-008,13,2000008,role_0=local-c;role_1=local-b;role_2=local-a,SINGLE_PROVIDER_INVALID_RISK,1,1,1,local-a,1,SELECTED,,1,0,1,1,local-b|local-c,2,1,1
v4conf-008,14,2000008,role_0=local-c;role_1=local-b;role_2=local-a,SINGLE_PROVIDER_INVALID_RISK,1,1,1,local-a,1,SELECTED,,1,0,1,1,local-b|local-c,2,1,1
v4conf-008,15,2000008,role_0=local-c;role_1=local-b;role_2=local-a,SINGLE_PROVIDER_INVALID_RISK,1,1,1,local-a,1,SELECTED,,1,3,4,1,local-b|local-c,2,1,1
v4conf-008,16,2000008,role_0=local-c;role_1=local-b;role_2=local-a,SINGLE_PROVIDER_UNSTABLE,1,1,0,local-a,1,SELECTED,,1,0,1,1,local-b|local-c,2,1,1
v4conf-008,17,2000008,role_0=local-c;role_1=local-b;role_2=local-a,SINGLE_PROVIDER_UNSTABLE,1,1,1,local-a,1,SELECTED,,1,0,1,1,local-b|local-c,2,1,1
v4conf-008,18,2000008,role_0=local-c;role_1=local-b;role_2=local-a,SINGLE_PROVIDER_UNSTABLE,1,1,1,local-a,1,SELECTED,,1,0,1,1,local-b|local-c,2,1,1
v4conf-008,19,2000008,role_0=local-c;role_1=local-b;role_2=local-a,SINGLE_PROVIDER_UNSTABLE,1,1,0,local-a,1,SELECTED,,1,0,1,1,local-b|local-c,2,1,1
v4conf-008,20,2000008,role_0=local-c;role_1=local-b;role_2=local-a,SINGLE_PROVIDER_UNSTABLE,1,1,0,local-a,1,SELECTED,,1,0,1,1,local-b|local-c,2,1,1
v4conf-008,21,2000008,role_0=local-c;role_1=local-b;role_2=local-a,SINGLE_PROVIDER_UNSTABLE,1,1,1,local-a,1,SELECTED,,1,0,1,1,local-b|local-c,2,1,1
v4conf-009,0,2000009,role_0=local-c;role_1=local-a;role_2=local-b,NORMAL,1,1,1,local-a|local-b|local-c,3,WARMUP,warmup,0,3,3,1,local-b|local-c,2,1,1
v4conf-009,1,2000009,role_0=local-c;role_1=local-a;role_2=local-b,NORMAL,1,1,1,local-a|local-b|local-c,3,WARMUP,warmup,0,3,3,1,local-b|local-c,2,1,1
v4conf-009,2,2000009,role_0=local-c;role_1=local-a;role_2=local-b,NORMAL,1,1,1,local-a|local-b|local-c,3,WARMUP,warmup,0,3,3,1,local-b|local-c,2,1,1
v4conf-009,3,2000009,role_0=local-c;role_1=local-a;role_2=local-b,NORMAL,1,1,1,local-a,1,SLO_ESTIMATE_UNSATISFIABLE,best-effort,1,0,1,1,local-b|local-c,2,1,1
v4conf-009,4,2000009,role_0=local-c;role_1=local-a;role_2=local-b,NORMAL,1,1,1,local-a,1,SLO_ESTIMATE_UNSATISFIABLE,best-effort,1,0,1,1,local-b|local-c,2,1,1
v4conf-009,5,2000009,role_0=local-c;role_1=local-a;role_2=local-b,NORMAL,1,1,1,local-a,1,SELECTED,,1,0,1,1,local-b|local-c,2,1,1
v4conf-009,6,2000009,role_0=local-c;role_1=local-a;role_2=local-b,NORMAL,1,1,1,local-a,1,SELECTED,,1,0,1,1,local-b|local-c,2,1,1
v4conf-009,7,2000009,role_0=local-c;role_1=local-a;role_2=local-b,NORMAL,1,1,1,local-a,1,SELECTED,,1,3,4,1,local-b|local-c,2,1,1
v4conf-009,8,2000009,role_0=local-c;role_1=local-a;role_2=local-b,NORMAL,1,1,1,local-a,1,SELECTED,,1,0,1,1,local-b|local-c,2,1,1
v4conf-009,9,2000009,role_0=local-c;role_1=local-a;role_2=local-b,SHARED_DEGRADATION,0,0,0,local-a,1,SELECTED,,1,0,1,0,local-b|local-c,2,0,0
v4conf-009,10,2000009,role_0=local-c;role_1=local-a;role_2=local-b,SHARED_DEGRADATION,0,0,0,local-a|local-b,2,SELECTED,,2,0,2,0,local-b|local-c,2,0,0
v4conf-009,11,2000009,role_0=local-c;role_1=local-a;role_2=local-b,SHARED_DEGRADATION,0,0,1,local-a|local-c,2,SELECTED,,2,0,2,1,local-b|local-c,2,1,1
v4conf-009,12,2000009,role_0=local-c;role_1=local-a;role_2=local-b,SHARED_DEGRADATION,0,0,0,local-c,1,SELECTED,,1,0,1,0,local-b|local-c,2,0,0
v4conf-009,13,2000009,role_0=local-c;role_1=local-a;role_2=local-b,SHARED_DEGRADATION,0,0,1,local-a|local-c,2,SELECTED,,2,0,2,1,local-b|local-c,2,1,1
v4conf-009,14,2000009,role_0=local-c;role_1=local-a;role_2=local-b,SINGLE_PROVIDER_UNSTABLE,1,1,1,local-a|local-c,2,SELECTED,,2,0,2,1,local-b|local-c,2,1,1
v4conf-009,15,2000009,role_0=local-c;role_1=local-a;role_2=local-b,SINGLE_PROVIDER_UNSTABLE,1,1,0,local-a|local-c,2,SELECTED,,2,3,5,1,local-b|local-c,2,1,1
v4conf-009,16,2000009,role_0=local-c;role_1=local-a;role_2=local-b,SINGLE_PROVIDER_UNSTABLE,1,1,0,local-a|local-c,2,SELECTED,,2,0,2,1,local-b|local-c,2,1,1
v4conf-009,17,2000009,role_0=local-c;role_1=local-a;role_2=local-b,SINGLE_PROVIDER_UNSTABLE,1,1,0,local-a|local-c,2,SELECTED,,2,0,2,1,local-b|local-c,2,1,1
v4conf-009,18,2000009,role_0=local-c;role_1=local-a;role_2=local-b,SINGLE_PROVIDER_UNSTABLE,1,1,0,local-a|local-c,2,SELECTED,,2,0,2,1,local-b|local-c,2,1,1
v4conf-009,19,2000009,role_0=local-c;role_1=local-a;role_2=local-b,SINGLE_PROVIDER_UNSTABLE,1,1,1,local-a|local-c,2,SELECTED,,2,0,2,1,local-b|local-c,2,1,1
v4conf-009,20,2000009,role_0=local-c;role_1=local-a;role_2=local-b,SINGLE_PROVIDER_UNSTABLE,1,1,0,local-a|local-c,2,SELECTED,,2,0,2,1,local-b|local-c,2,1,1
v4conf-009,21,2000009,role_0=local-c;role_1=local-a;role_2=local-b,SINGLE_PROVIDER_UNSTABLE,1,1,1,local-a|local-c,2,SELECTED,,2,0,2,1,local-b|local-c,2,1,1
v4conf-010,0,2000010,role_0=local-b;role_1=local-a;role_2=local-c,SINGLE_PROVIDER_INVALID_RISK,1,1,1,local-a|local-b|local-c,3,WARMUP,warmup,0,3,3,1,local-b|local-c,2,1,1
v4conf-010,1,2000010,role_0=local-b;role_1=local-a;role_2=local-c,SINGLE_PROVIDER_INVALID_RISK,1,0,1,local-a|local-b|local-c,3,WARMUP,warmup,0,3,3,1,local-b|local-c,2,1,1
v4conf-010,2,2000010,role_0=local-b;role_1=local-a;role_2=local-c,SINGLE_PROVIDER_INVALID_RISK,1,1,1,local-a|local-b|local-c,3,WARMUP,warmup,0,3,3,1,local-b|local-c,2,1,1
v4conf-010,3,2000010,role_0=local-b;role_1=local-a;role_2=local-c,SINGLE_PROVIDER_INVALID_RISK,1,1,1,local-a,1,SLO_ESTIMATE_UNSATISFIABLE,best-effort,1,0,1,1,local-b|local-c,2,1,1
v4conf-010,4,2000010,role_0=local-b;role_1=local-a;role_2=local-c,SINGLE_PROVIDER_INVALID_RISK,1,1,1,local-a,1,SLO_ESTIMATE_UNSATISFIABLE,best-effort,1,0,1,1,local-b|local-c,2,1,1
v4conf-010,5,2000010,role_0=local-b;role_1=local-a;role_2=local-c,SINGLE_PROVIDER_INVALID_RISK,1,1,1,local-a,1,SELECTED,,1,0,1,1,local-b|local-c,2,1,1
v4conf-010,6,2000010,role_0=local-b;role_1=local-a;role_2=local-c,SINGLE_PROVIDER_INVALID_RISK,1,0,1,local-a,1,SELECTED,,1,0,1,1,local-b|local-c,2,1,1
v4conf-010,7,2000010,role_0=local-b;role_1=local-a;role_2=local-c,SINGLE_PROVIDER_INVALID_RISK,1,1,1,local-a,1,SELECTED,,1,3,4,1,local-b|local-c,2,1,1
v4conf-010,8,2000010,role_0=local-b;role_1=local-a;role_2=local-c,SINGLE_PROVIDER_INVALID_RISK,1,0,1,local-a,1,SELECTED,,1,0,1,1,local-b|local-c,2,1,1
v4conf-010,9,2000010,role_0=local-b;role_1=local-a;role_2=local-c,SINGLE_PROVIDER_CONGESTED,1,0,1,local-a,1,SELECTED,,1,0,1,1,local-b|local-c,2,1,1
v4conf-010,10,2000010,role_0=local-b;role_1=local-a;role_2=local-c,SINGLE_PROVIDER_CONGESTED,1,0,1,local-a,1,SELECTED,,1,0,1,1,local-b|local-c,2,1,1
v4conf-010,11,2000010,role_0=local-b;role_1=local-a;role_2=local-c,SINGLE_PROVIDER_CONGESTED,1,0,1,local-a,1,SELECTED,,1,0,1,1,local-b|local-c,2,1,1
v4conf-010,12,2000010,role_0=local-b;role_1=local-a;role_2=local-c,SINGLE_PROVIDER_CONGESTED,1,0,1,local-a,1,SELECTED,,1,0,1,1,local-b|local-c,2,1,1
v4conf-010,13,2000010,role_0=local-b;role_1=local-a;role_2=local-c,SINGLE_PROVIDER_CONGESTED,1,0,1,local-a,1,SELECTED,,1,0,1,1,local-b|local-c,2,1,1
v4conf-010,14,2000010,role_0=local-b;role_1=local-a;role_2=local-c,SINGLE_PROVIDER_CONGESTED,1,0,1,local-a,1,SELECTED,,1,0,1,1,local-b|local-c,2,1,1
v4conf-010,15,2000010,role_0=local-b;role_1=local-a;role_2=local-c,SINGLE_PROVIDER_CONGESTED,1,0,1,local-a,1,SELECTED,,1,3,4,1,local-b|local-c,2,1,1
v4conf-010,16,2000010,role_0=local-b;role_1=local-a;role_2=local-c,SINGLE_PROVIDER_CONGESTED,1,0,1,local-a,1,SELECTED,,1,0,1,1,local-b|local-c,2,1,1
v4conf-010,17,2000010,role_0=local-b;role_1=local-a;role_2=local-c,SINGLE_PROVIDER_CONGESTED,1,0,1,local-a,1,SELECTED,,1,0,1,1,local-b|local-c,2,1,1
v4conf-010,18,2000010,role_0=local-b;role_1=local-a;role_2=local-c,SINGLE_PROVIDER_CONGESTED,1,0,1,local-a,1,SELECTED,,1,0,1,1,local-b|local-c,2,1,1
v4conf-010,19,2000010,role_0=local-b;role_1=local-a;role_2=local-c,SINGLE_PROVIDER_CONGESTED,1,0,1,local-a,1,SELECTED,,1,0,1,1,local-b|local-c,2,1,1
v4conf-010,20,2000010,role_0=local-b;role_1=local-a;role_2=local-c,SINGLE_PROVIDER_CONGESTED,1,0,1,local-a,1,SELECTED,,1,0,1,1,local-b|local-c,2,1,1
v4conf-010,21,2000010,role_0=local-b;role_1=local-a;role_2=local-c,SINGLE_PROVIDER_CONGESTED,1,0,1,local-a,1,SELECTED,,1,0,1,1,local-b|local-c,2,1,1
v4conf-011,0,2000011,role_0=local-b;role_1=local-c;role_2=local-a,SINGLE_PROVIDER_CONGESTED,1,0,1,local-a|local-b|local-c,3,WARMUP,warmup,0,3,3,1,local-b|local-c,2,1,1
v4conf-011,1,2000011,role_0=local-b;role_1=local-c;role_2=local-a,SINGLE_PROVIDER_CONGESTED,1,0,1,local-a|local-b|local-c,3,WARMUP,warmup,0,3,3,1,local-b|local-c,2,1,1
v4conf-011,2,2000011,role_0=local-b;role_1=local-c;role_2=local-a,SINGLE_PROVIDER_CONGESTED,1,0,1,local-a|local-b|local-c,3,WARMUP,warmup,0,3,3,1,local-b|local-c,2,1,1
v4conf-011,3,2000011,role_0=local-b;role_1=local-c;role_2=local-a,SINGLE_PROVIDER_CONGESTED,1,0,1,local-a,1,SLO_ESTIMATE_UNSATISFIABLE,best-effort,1,0,1,1,local-b|local-c,2,1,1
v4conf-011,4,2000011,role_0=local-b;role_1=local-c;role_2=local-a,SINGLE_PROVIDER_CONGESTED,1,0,1,local-a,1,SLO_ESTIMATE_UNSATISFIABLE,best-effort,1,0,1,1,local-b|local-c,2,1,1
v4conf-011,5,2000011,role_0=local-b;role_1=local-c;role_2=local-a,SINGLE_PROVIDER_CONGESTED,1,0,1,local-a,1,SELECTED,,1,0,1,1,local-b|local-c,2,1,1
v4conf-011,6,2000011,role_0=local-b;role_1=local-c;role_2=local-a,SINGLE_PROVIDER_CONGESTED,1,0,1,local-a,1,SELECTED,,1,0,1,1,local-b|local-c,2,1,1
v4conf-011,7,2000011,role_0=local-b;role_1=local-c;role_2=local-a,PAIR_CORRELATED_DEGRADATION,1,0,0,local-a,1,SELECTED,,1,3,4,1,local-b|local-c,2,0,1
v4conf-011,8,2000011,role_0=local-b;role_1=local-c;role_2=local-a,PAIR_CORRELATED_DEGRADATION,1,1,0,local-a,1,SELECTED,,1,0,1,1,local-b|local-c,2,1,1
v4conf-011,9,2000011,role_0=local-b;role_1=local-c;role_2=local-a,PAIR_CORRELATED_DEGRADATION,1,0,0,local-a,1,SELECTED,,1,0,1,1,local-b|local-c,2,0,1
v4conf-011,10,2000011,role_0=local-b;role_1=local-c;role_2=local-a,PAIR_CORRELATED_DEGRADATION,1,0,0,local-a,1,SELECTED,,1,0,1,1,local-b|local-c,2,0,1
v4conf-011,11,2000011,role_0=local-b;role_1=local-c;role_2=local-a,PAIR_CORRELATED_DEGRADATION,1,0,0,local-a,1,SELECTED,,1,0,1,1,local-b|local-c,2,0,1
v4conf-011,12,2000011,role_0=local-b;role_1=local-c;role_2=local-a,PAIR_CORRELATED_DEGRADATION,1,0,0,local-a,1,SELECTED,,1,0,1,1,local-b|local-c,2,0,1
v4conf-011,13,2000011,role_0=local-b;role_1=local-c;role_2=local-a,PAIR_CORRELATED_DEGRADATION,1,0,0,local-a,1,SELECTED,,1,0,1,1,local-b|local-c,2,0,1
v4conf-011,14,2000011,role_0=local-b;role_1=local-c;role_2=local-a,PAIR_CORRELATED_DEGRADATION,1,0,0,local-a,1,SELECTED,,1,0,1,1,local-b|local-c,2,0,1
v4conf-011,15,2000011,role_0=local-b;role_1=local-c;role_2=local-a,SINGLE_PROVIDER_CONGESTED,1,0,1,local-a,1,SELECTED,,1,3,4,1,local-b|local-c,2,1,1
v4conf-011,16,2000011,role_0=local-b;role_1=local-c;role_2=local-a,SINGLE_PROVIDER_CONGESTED,1,0,1,local-a,1,SELECTED,,1,0,1,1,local-b|local-c,2,1,1
v4conf-011,17,2000011,role_0=local-b;role_1=local-c;role_2=local-a,SINGLE_PROVIDER_CONGESTED,1,0,1,local-a,1,SELECTED,,1,0,1,1,local-b|local-c,2,1,1
v4conf-011,18,2000011,role_0=local-b;role_1=local-c;role_2=local-a,SINGLE_PROVIDER_CONGESTED,1,0,1,local-a,1,SELECTED,,1,0,1,1,local-b|local-c,2,1,1
v4conf-011,19,2000011,role_0=local-b;role_1=local-c;role_2=local-a,SINGLE_PROVIDER_CONGESTED,1,0,1,local-a,1,SELECTED,,1,0,1,1,local-b|local-c,2,1,1
v4conf-011,20,2000011,role_0=local-b;role_1=local-c;role_2=local-a,SINGLE_PROVIDER_CONGESTED,1,0,1,local-a,1,SELECTED,,1,0,1,1,local-b|local-c,2,1,1
v4conf-011,21,2000011,role_0=local-b;role_1=local-c;role_2=local-a,SINGLE_PROVIDER_CONGESTED,1,0,1,local-a,1,SELECTED,,1,0,1,1,local-b|local-c,2,1,1
v4conf-012,0,2000012,role_0=local-b;role_1=local-a;role_2=local-c,SINGLE_PROVIDER_UNSTABLE,1,1,1,local-a|local-b|local-c,3,WARMUP,warmup,0,3,3,1,local-b|local-c,2,1,1
v4conf-012,1,2000012,role_0=local-b;role_1=local-a;role_2=local-c,SINGLE_PROVIDER_UNSTABLE,1,0,1,local-a|local-b|local-c,3,WARMUP,warmup,0,3,3,1,local-b|local-c,2,1,1
v4conf-012,2,2000012,role_0=local-b;role_1=local-a;role_2=local-c,SINGLE_PROVIDER_UNSTABLE,1,1,1,local-a|local-b|local-c,3,WARMUP,warmup,0,3,3,1,local-b|local-c,2,1,1
v4conf-012,3,2000012,role_0=local-b;role_1=local-a;role_2=local-c,SINGLE_PROVIDER_UNSTABLE,1,1,1,local-a,1,SLO_ESTIMATE_UNSATISFIABLE,best-effort,1,0,1,1,local-b|local-c,2,1,1
v4conf-012,4,2000012,role_0=local-b;role_1=local-a;role_2=local-c,SINGLE_PROVIDER_UNSTABLE,1,1,1,local-a,1,SLO_ESTIMATE_UNSATISFIABLE,best-effort,1,0,1,1,local-b|local-c,2,1,1
v4conf-012,5,2000012,role_0=local-b;role_1=local-a;role_2=local-c,SINGLE_PROVIDER_UNSTABLE,1,1,1,local-a,1,SELECTED,,1,0,1,1,local-b|local-c,2,1,1
v4conf-012,6,2000012,role_0=local-b;role_1=local-a;role_2=local-c,SINGLE_PROVIDER_INVALID_RISK,1,0,1,local-a,1,SELECTED,,1,0,1,1,local-b|local-c,2,1,1
v4conf-012,7,2000012,role_0=local-b;role_1=local-a;role_2=local-c,SINGLE_PROVIDER_INVALID_RISK,1,1,1,local-a,1,SELECTED,,1,3,4,1,local-b|local-c,2,1,1
v4conf-012,8,2000012,role_0=local-b;role_1=local-a;role_2=local-c,SINGLE_PROVIDER_INVALID_RISK,1,1,1,local-a,1,SELECTED,,1,0,1,1,local-b|local-c,2,1,1
v4conf-012,9,2000012,role_0=local-b;role_1=local-a;role_2=local-c,SINGLE_PROVIDER_INVALID_RISK,1,1,1,local-a,1,SELECTED,,1,0,1,1,local-b|local-c,2,1,1
v4conf-012,10,2000012,role_0=local-b;role_1=local-a;role_2=local-c,SINGLE_PROVIDER_INVALID_RISK,1,0,1,local-a,1,SELECTED,,1,0,1,1,local-b|local-c,2,1,1
v4conf-012,11,2000012,role_0=local-b;role_1=local-a;role_2=local-c,SINGLE_PROVIDER_INVALID_RISK,1,1,1,local-a,1,SELECTED,,1,0,1,1,local-b|local-c,2,1,1
v4conf-012,12,2000012,role_0=local-b;role_1=local-a;role_2=local-c,SINGLE_PROVIDER_INVALID_RISK,1,1,1,local-a,1,SELECTED,,1,0,1,1,local-b|local-c,2,1,1
v4conf-012,13,2000012,role_0=local-b;role_1=local-a;role_2=local-c,SINGLE_PROVIDER_INVALID_RISK,1,1,1,local-a,1,SELECTED,,1,0,1,1,local-b|local-c,2,1,1
v4conf-012,14,2000012,role_0=local-b;role_1=local-a;role_2=local-c,SINGLE_PROVIDER_INVALID_RISK,1,1,1,local-a,1,SELECTED,,1,0,1,1,local-b|local-c,2,1,1
v4conf-012,15,2000012,role_0=local-b;role_1=local-a;role_2=local-c,SINGLE_PROVIDER_UNSTABLE,1,1,1,local-a,1,SELECTED,,1,3,4,1,local-b|local-c,2,1,1
v4conf-012,16,2000012,role_0=local-b;role_1=local-a;role_2=local-c,SINGLE_PROVIDER_UNSTABLE,1,0,1,local-a,1,SELECTED,,1,0,1,1,local-b|local-c,2,1,1
v4conf-012,17,2000012,role_0=local-b;role_1=local-a;role_2=local-c,SINGLE_PROVIDER_UNSTABLE,1,1,1,local-a,1,SELECTED,,1,0,1,1,local-b|local-c,2,1,1
v4conf-012,18,2000012,role_0=local-b;role_1=local-a;role_2=local-c,SINGLE_PROVIDER_UNSTABLE,1,0,1,local-a,1,SELECTED,,1,0,1,1,local-b|local-c,2,1,1
v4conf-012,19,2000012,role_0=local-b;role_1=local-a;role_2=local-c,SINGLE_PROVIDER_UNSTABLE,1,0,1,local-a,1,SELECTED,,1,0,1,1,local-b|local-c,2,1,1
v4conf-012,20,2000012,role_0=local-b;role_1=local-a;role_2=local-c,SINGLE_PROVIDER_UNSTABLE,1,0,1,local-a,1,SELECTED,,1,0,1,1,local-b|local-c,2,1,1
v4conf-012,21,2000012,role_0=local-b;role_1=local-a;role_2=local-c,SINGLE_PROVIDER_UNSTABLE,1,0,1,local-a,1,SELECTED,,1,0,1,1,local-b|local-c,2,1,1
v4conf-013,0,2000013,role_0=local-a;role_1=local-b;role_2=local-c,PAIR_CORRELATED_DEGRADATION,0,0,1,local-a|local-b|local-c,3,WARMUP,warmup,0,3,3,1,local-b|local-c,2,1,1
v4conf-013,1,2000013,role_0=local-a;role_1=local-b;role_2=local-c,PAIR_CORRELATED_DEGRADATION,0,0,1,local-a|local-b|local-c,3,WARMUP,warmup,0,3,3,1,local-b|local-c,2,1,1
v4conf-013,2,2000013,role_0=local-a;role_1=local-b;role_2=local-c,PAIR_CORRELATED_DEGRADATION,0,0,1,local-a|local-b|local-c,3,WARMUP,warmup,0,3,3,1,local-b|local-c,2,1,1
v4conf-013,3,2000013,role_0=local-a;role_1=local-b;role_2=local-c,PAIR_CORRELATED_DEGRADATION,0,1,1,local-c,1,SLO_ESTIMATE_UNSATISFIABLE,best-effort,1,0,1,1,local-b|local-c,2,1,1
v4conf-013,4,2000013,role_0=local-a;role_1=local-b;role_2=local-c,PAIR_CORRELATED_DEGRADATION,0,0,1,local-c,1,SLO_ESTIMATE_UNSATISFIABLE,best-effort,1,0,1,1,local-b|local-c,2,1,1
v4conf-013,5,2000013,role_0=local-a;role_1=local-b;role_2=local-c,PAIR_CORRELATED_DEGRADATION,0,1,1,local-c,1,SELECTED,,1,0,1,1,local-b|local-c,2,1,1
v4conf-013,6,2000013,role_0=local-a;role_1=local-b;role_2=local-c,PAIR_CORRELATED_DEGRADATION,0,0,1,local-c,1,SELECTED,,1,0,1,1,local-b|local-c,2,1,1
v4conf-013,7,2000013,role_0=local-a;role_1=local-b;role_2=local-c,PAIR_CORRELATED_DEGRADATION,0,0,1,local-c,1,SELECTED,,1,3,4,1,local-b|local-c,2,1,1
v4conf-013,8,2000013,role_0=local-a;role_1=local-b;role_2=local-c,PAIR_CORRELATED_DEGRADATION,0,0,1,local-c,1,SELECTED,,1,0,1,1,local-b|local-c,2,1,1
v4conf-013,9,2000013,role_0=local-a;role_1=local-b;role_2=local-c,SHARED_DEGRADATION,1,0,0,local-c,1,SELECTED,,1,0,1,0,local-b|local-c,2,0,1
v4conf-013,10,2000013,role_0=local-a;role_1=local-b;role_2=local-c,SHARED_DEGRADATION,0,0,0,local-a|local-c,2,SELECTED,,2,0,2,0,local-b|local-c,2,0,0
v4conf-013,11,2000013,role_0=local-a;role_1=local-b;role_2=local-c,SHARED_DEGRADATION,0,0,0,local-b|local-c,2,SELECTED,,2,0,2,0,local-b|local-c,2,0,0
v4conf-013,12,2000013,role_0=local-a;role_1=local-b;role_2=local-c,SHARED_DEGRADATION,0,0,0,local-a|local-b|local-c,3,SELECTED,,3,0,3,0,local-b|local-c,2,0,0
v4conf-013,13,2000013,role_0=local-a;role_1=local-b;role_2=local-c,NORMAL,1,1,1,local-a|local-b|local-c,3,SLO_ESTIMATE_UNSATISFIABLE,best-effort,3,0,3,1,local-b|local-c,2,1,1
v4conf-013,14,2000013,role_0=local-a;role_1=local-b;role_2=local-c,NORMAL,1,1,1,local-a|local-b|local-c,3,SLO_ESTIMATE_UNSATISFIABLE,best-effort,3,0,3,1,local-b|local-c,2,1,1
v4conf-013,15,2000013,role_0=local-a;role_1=local-b;role_2=local-c,NORMAL,1,1,1,local-a|local-b|local-c,3,SLO_ESTIMATE_UNSATISFIABLE,best-effort,3,3,6,1,local-b|local-c,2,1,1
v4conf-013,16,2000013,role_0=local-a;role_1=local-b;role_2=local-c,NORMAL,1,1,1,local-a|local-b|local-c,3,SLO_ESTIMATE_UNSATISFIABLE,best-effort,3,0,3,1,local-b|local-c,2,1,1
v4conf-013,17,2000013,role_0=local-a;role_1=local-b;role_2=local-c,NORMAL,1,1,1,local-a|local-b|local-c,3,SLO_ESTIMATE_UNSATISFIABLE,best-effort,3,0,3,1,local-b|local-c,2,1,1
v4conf-013,18,2000013,role_0=local-a;role_1=local-b;role_2=local-c,NORMAL,1,1,1,local-a|local-b|local-c,3,SLO_ESTIMATE_UNSATISFIABLE,best-effort,3,0,3,1,local-b|local-c,2,1,1
v4conf-013,19,2000013,role_0=local-a;role_1=local-b;role_2=local-c,NORMAL,1,1,1,local-a|local-b|local-c,3,SLO_ESTIMATE_UNSATISFIABLE,best-effort,3,0,3,1,local-b|local-c,2,1,1
v4conf-013,20,2000013,role_0=local-a;role_1=local-b;role_2=local-c,NORMAL,1,1,1,local-a|local-b|local-c,3,SLO_ESTIMATE_UNSATISFIABLE,best-effort,3,0,3,1,local-b|local-c,2,1,1
v4conf-013,21,2000013,role_0=local-a;role_1=local-b;role_2=local-c,SINGLE_PROVIDER_INVALID_RISK,0,1,1,local-a|local-b|local-c,3,SLO_ESTIMATE_UNSATISFIABLE,best-effort,3,0,3,1,local-b|local-c,2,1,1
v4conf-014,0,2000014,role_0=local-c;role_1=local-b;role_2=local-a,PAIR_CORRELATED_DEGRADATION,1,0,0,local-a|local-b|local-c,3,WARMUP,warmup,0,3,3,1,local-b|local-c,2,0,1
v4conf-014,1,2000014,role_0=local-c;role_1=local-b;role_2=local-a,PAIR_CORRELATED_DEGRADATION,1,0,0,local-a|local-b|local-c,3,WARMUP,warmup,0,3,3,1,local-b|local-c,2,0,1
v4conf-014,2,2000014,role_0=local-c;role_1=local-b;role_2=local-a,PAIR_CORRELATED_DEGRADATION,1,0,1,local-a|local-b|local-c,3,WARMUP,warmup,0,3,3,1,local-b|local-c,2,1,1
v4conf-014,3,2000014,role_0=local-c;role_1=local-b;role_2=local-a,PAIR_CORRELATED_DEGRADATION,1,0,0,local-a,1,SLO_ESTIMATE_UNSATISFIABLE,best-effort,1,0,1,1,local-b|local-c,2,0,1
v4conf-014,4,2000014,role_0=local-c;role_1=local-b;role_2=local-a,PAIR_CORRELATED_DEGRADATION,1,0,0,local-a,1,SLO_ESTIMATE_UNSATISFIABLE,best-effort,1,0,1,1,local-b|local-c,2,0,1
v4conf-014,5,2000014,role_0=local-c;role_1=local-b;role_2=local-a,PAIR_CORRELATED_DEGRADATION,1,0,0,local-a,1,SELECTED,,1,0,1,1,local-b|local-c,2,0,1
v4conf-014,6,2000014,role_0=local-c;role_1=local-b;role_2=local-a,PAIR_CORRELATED_DEGRADATION,1,0,0,local-a,1,SELECTED,,1,0,1,1,local-b|local-c,2,0,1
v4conf-014,7,2000014,role_0=local-c;role_1=local-b;role_2=local-a,PAIR_CORRELATED_DEGRADATION,1,0,0,local-a,1,SELECTED,,1,3,4,1,local-b|local-c,2,0,1
v4conf-014,8,2000014,role_0=local-c;role_1=local-b;role_2=local-a,PAIR_CORRELATED_DEGRADATION,1,0,0,local-a,1,SELECTED,,1,0,1,1,local-b|local-c,2,0,1
v4conf-014,9,2000014,role_0=local-c;role_1=local-b;role_2=local-a,PAIR_CORRELATED_DEGRADATION,1,0,0,local-a,1,SELECTED,,1,0,1,1,local-b|local-c,2,0,1
v4conf-014,10,2000014,role_0=local-c;role_1=local-b;role_2=local-a,PAIR_CORRELATED_DEGRADATION,1,0,1,local-a,1,SELECTED,,1,0,1,1,local-b|local-c,2,1,1
v4conf-014,11,2000014,role_0=local-c;role_1=local-b;role_2=local-a,PAIR_CORRELATED_DEGRADATION,1,0,0,local-a,1,SELECTED,,1,0,1,1,local-b|local-c,2,0,1
v4conf-014,12,2000014,role_0=local-c;role_1=local-b;role_2=local-a,PAIR_CORRELATED_DEGRADATION,1,0,0,local-a,1,SELECTED,,1,0,1,1,local-b|local-c,2,0,1
v4conf-014,13,2000014,role_0=local-c;role_1=local-b;role_2=local-a,PAIR_CORRELATED_DEGRADATION,1,0,0,local-a,1,SELECTED,,1,0,1,1,local-b|local-c,2,0,1
v4conf-014,14,2000014,role_0=local-c;role_1=local-b;role_2=local-a,PAIR_CORRELATED_DEGRADATION,1,0,0,local-a,1,SELECTED,,1,0,1,1,local-b|local-c,2,0,1
v4conf-014,15,2000014,role_0=local-c;role_1=local-b;role_2=local-a,SHARED_DEGRADATION,0,0,0,local-a,1,SELECTED,,1,3,4,0,local-b|local-c,2,0,0
v4conf-014,16,2000014,role_0=local-c;role_1=local-b;role_2=local-a,SHARED_DEGRADATION,0,0,0,local-a,1,SLO_ESTIMATE_UNSATISFIABLE,best-effort,1,0,1,0,local-b|local-c,2,0,0
v4conf-014,17,2000014,role_0=local-c;role_1=local-b;role_2=local-a,SHARED_DEGRADATION,0,0,1,local-a|local-b,2,SLO_ESTIMATE_UNSATISFIABLE,best-effort,2,0,2,0,local-b|local-c,2,1,1
v4conf-014,18,2000014,role_0=local-c;role_1=local-b;role_2=local-a,SHARED_DEGRADATION,0,1,0,local-a|local-c,2,SLO_ESTIMATE_UNSATISFIABLE,best-effort,2,0,2,0,local-b|local-c,2,1,1
v4conf-014,19,2000014,role_0=local-c;role_1=local-b;role_2=local-a,SINGLE_PROVIDER_INVALID_RISK,1,1,1,local-a|local-b|local-c,3,SLO_ESTIMATE_UNSATISFIABLE,best-effort,3,0,3,1,local-b|local-c,2,1,1
v4conf-014,20,2000014,role_0=local-c;role_1=local-b;role_2=local-a,SINGLE_PROVIDER_INVALID_RISK,1,1,1,local-a|local-b|local-c,3,SLO_ESTIMATE_UNSATISFIABLE,best-effort,3,0,3,1,local-b|local-c,2,1,1
v4conf-014,21,2000014,role_0=local-c;role_1=local-b;role_2=local-a,SINGLE_PROVIDER_INVALID_RISK,1,1,1,local-a|local-b|local-c,3,SLO_ESTIMATE_UNSATISFIABLE,best-effort,3,0,3,1,local-b|local-c,2,1,1
v4conf-015,0,2000015,role_0=local-b;role_1=local-c;role_2=local-a,NORMAL,1,1,1,local-a|local-b|local-c,3,WARMUP,warmup,0,3,3,1,local-b|local-c,2,1,1
v4conf-015,1,2000015,role_0=local-b;role_1=local-c;role_2=local-a,NORMAL,1,1,1,local-a|local-b|local-c,3,WARMUP,warmup,0,3,3,1,local-b|local-c,2,1,1
v4conf-015,2,2000015,role_0=local-b;role_1=local-c;role_2=local-a,NORMAL,1,1,1,local-a|local-b|local-c,3,WARMUP,warmup,0,3,3,1,local-b|local-c,2,1,1
v4conf-015,3,2000015,role_0=local-b;role_1=local-c;role_2=local-a,NORMAL,1,1,1,local-a,1,SLO_ESTIMATE_UNSATISFIABLE,best-effort,1,0,1,1,local-b|local-c,2,1,1
v4conf-015,4,2000015,role_0=local-b;role_1=local-c;role_2=local-a,NORMAL,1,1,1,local-a,1,SLO_ESTIMATE_UNSATISFIABLE,best-effort,1,0,1,1,local-b|local-c,2,1,1
v4conf-015,5,2000015,role_0=local-b;role_1=local-c;role_2=local-a,NORMAL,1,1,1,local-a,1,SELECTED,,1,0,1,1,local-b|local-c,2,1,1
v4conf-015,6,2000015,role_0=local-b;role_1=local-c;role_2=local-a,NORMAL,1,1,1,local-a,1,SELECTED,,1,0,1,1,local-b|local-c,2,1,1
v4conf-015,7,2000015,role_0=local-b;role_1=local-c;role_2=local-a,PAIR_CORRELATED_DEGRADATION,1,0,0,local-a,1,SELECTED,,1,3,4,1,local-b|local-c,2,0,1
v4conf-015,8,2000015,role_0=local-b;role_1=local-c;role_2=local-a,PAIR_CORRELATED_DEGRADATION,1,0,0,local-a,1,SELECTED,,1,0,1,1,local-b|local-c,2,0,1
v4conf-015,9,2000015,role_0=local-b;role_1=local-c;role_2=local-a,PAIR_CORRELATED_DEGRADATION,1,0,0,local-a,1,SELECTED,,1,0,1,1,local-b|local-c,2,0,1
v4conf-015,10,2000015,role_0=local-b;role_1=local-c;role_2=local-a,PAIR_CORRELATED_DEGRADATION,1,0,0,local-a,1,SELECTED,,1,0,1,1,local-b|local-c,2,0,1
v4conf-015,11,2000015,role_0=local-b;role_1=local-c;role_2=local-a,PAIR_CORRELATED_DEGRADATION,1,1,0,local-a,1,SELECTED,,1,0,1,1,local-b|local-c,2,1,1
v4conf-015,12,2000015,role_0=local-b;role_1=local-c;role_2=local-a,PAIR_CORRELATED_DEGRADATION,1,0,0,local-a,1,SELECTED,,1,0,1,1,local-b|local-c,2,0,1
v4conf-015,13,2000015,role_0=local-b;role_1=local-c;role_2=local-a,SHARED_DEGRADATION,1,0,0,local-a,1,SELECTED,,1,0,1,1,local-b|local-c,2,0,1
v4conf-015,14,2000015,role_0=local-b;role_1=local-c;role_2=local-a,SHARED_DEGRADATION,0,0,0,local-a,1,SELECTED,,1,0,1,0,local-b|local-c,2,0,0
v4conf-015,15,2000015,role_0=local-b;role_1=local-c;role_2=local-a,SHARED_DEGRADATION,1,1,0,local-a|local-b,2,SELECTED,,2,3,5,1,local-b|local-c,2,1,1
v4conf-015,16,2000015,role_0=local-b;role_1=local-c;role_2=local-a,SHARED_DEGRADATION,0,0,0,local-a|local-b,2,SELECTED,,2,0,2,0,local-b|local-c,2,0,0
v4conf-015,17,2000015,role_0=local-b;role_1=local-c;role_2=local-a,SHARED_DEGRADATION,1,0,0,local-a|local-c,2,SELECTED,,2,0,2,1,local-b|local-c,2,0,1
v4conf-015,18,2000015,role_0=local-b;role_1=local-c;role_2=local-a,SHARED_DEGRADATION,0,1,0,local-a|local-c,2,SELECTED,,2,0,2,0,local-b|local-c,2,1,1
v4conf-015,19,2000015,role_0=local-b;role_1=local-c;role_2=local-a,SHARED_DEGRADATION,0,1,0,local-a|local-b|local-c,3,SELECTED,,3,0,3,1,local-b|local-c,2,1,1
v4conf-015,20,2000015,role_0=local-b;role_1=local-c;role_2=local-a,SINGLE_PROVIDER_INVALID_RISK,1,1,1,local-a|local-b|local-c,3,SELECTED,,3,0,3,1,local-b|local-c,2,1,1
v4conf-015,21,2000015,role_0=local-b;role_1=local-c;role_2=local-a,SINGLE_PROVIDER_INVALID_RISK,1,1,1,local-a|local-b|local-c,3,SELECTED,,3,0,3,1,local-b|local-c,2,1,1
v4conf-016,0,2000016,role_0=local-a;role_1=local-c;role_2=local-b,SINGLE_PROVIDER_INVALID_RISK,0,1,1,local-a|local-b|local-c,3,WARMUP,warmup,0,3,3,1,local-b|local-c,2,1,1
v4conf-016,1,2000016,role_0=local-a;role_1=local-c;role_2=local-b,SINGLE_PROVIDER_INVALID_RISK,1,1,1,local-a|local-b|local-c,3,WARMUP,warmup,0,3,3,1,local-b|local-c,2,1,1
v4conf-016,2,2000016,role_0=local-a;role_1=local-c;role_2=local-b,SINGLE_PROVIDER_INVALID_RISK,0,1,1,local-a|local-b|local-c,3,WARMUP,warmup,0,3,3,1,local-b|local-c,2,1,1
v4conf-016,3,2000016,role_0=local-a;role_1=local-c;role_2=local-b,SINGLE_PROVIDER_INVALID_RISK,0,1,1,local-b,1,SLO_ESTIMATE_UNSATISFIABLE,best-effort,1,0,1,1,local-b|local-c,2,1,1
v4conf-016,4,2000016,role_0=local-a;role_1=local-c;role_2=local-b,SINGLE_PROVIDER_INVALID_RISK,0,1,1,local-b,1,SLO_ESTIMATE_UNSATISFIABLE,best-effort,1,0,1,1,local-b|local-c,2,1,1
v4conf-016,5,2000016,role_0=local-a;role_1=local-c;role_2=local-b,SINGLE_PROVIDER_INVALID_RISK,0,1,1,local-b,1,SELECTED,,1,0,1,1,local-b|local-c,2,1,1
v4conf-016,6,2000016,role_0=local-a;role_1=local-c;role_2=local-b,SINGLE_PROVIDER_INVALID_RISK,1,1,1,local-b,1,SELECTED,,1,0,1,1,local-b|local-c,2,1,1
v4conf-016,7,2000016,role_0=local-a;role_1=local-c;role_2=local-b,SINGLE_PROVIDER_INVALID_RISK,0,1,1,local-b,1,SELECTED,,1,3,4,1,local-b|local-c,2,1,1
v4conf-016,8,2000016,role_0=local-a;role_1=local-c;role_2=local-b,SINGLE_PROVIDER_INVALID_RISK,0,1,1,local-b,1,SELECTED,,1,0,1,1,local-b|local-c,2,1,1
v4conf-016,9,2000016,role_0=local-a;role_1=local-c;role_2=local-b,NORMAL,1,1,1,local-b,1,SELECTED,,1,0,1,1,local-b|local-c,2,1,1
v4conf-016,10,2000016,role_0=local-a;role_1=local-c;role_2=local-b,NORMAL,1,1,1,local-b,1,SELECTED,,1,0,1,1,local-b|local-c,2,1,1
v4conf-016,11,2000016,role_0=local-a;role_1=local-c;role_2=local-b,NORMAL,1,1,1,local-b,1,SELECTED,,1,0,1,1,local-b|local-c,2,1,1
v4conf-016,12,2000016,role_0=local-a;role_1=local-c;role_2=local-b,NORMAL,1,1,1,local-b,1,SELECTED,,1,0,1,1,local-b|local-c,2,1,1
v4conf-016,13,2000016,role_0=local-a;role_1=local-c;role_2=local-b,NORMAL,1,1,1,local-b,1,SELECTED,,1,0,1,1,local-b|local-c,2,1,1
v4conf-016,14,2000016,role_0=local-a;role_1=local-c;role_2=local-b,NORMAL,1,1,1,local-b,1,SELECTED,,1,0,1,1,local-b|local-c,2,1,1
v4conf-016,15,2000016,role_0=local-a;role_1=local-c;role_2=local-b,NORMAL,1,1,1,local-b,1,SELECTED,,1,3,4,1,local-b|local-c,2,1,1
v4conf-016,16,2000016,role_0=local-a;role_1=local-c;role_2=local-b,NORMAL,1,1,1,local-b,1,SELECTED,,1,0,1,1,local-b|local-c,2,1,1
v4conf-016,17,2000016,role_0=local-a;role_1=local-c;role_2=local-b,NORMAL,1,1,1,local-b,1,SELECTED,,1,0,1,1,local-b|local-c,2,1,1
v4conf-016,18,2000016,role_0=local-a;role_1=local-c;role_2=local-b,SINGLE_PROVIDER_CONGESTED,0,1,1,local-b,1,SELECTED,,1,0,1,1,local-b|local-c,2,1,1
v4conf-016,19,2000016,role_0=local-a;role_1=local-c;role_2=local-b,SINGLE_PROVIDER_CONGESTED,0,1,1,local-b,1,SELECTED,,1,0,1,1,local-b|local-c,2,1,1
v4conf-016,20,2000016,role_0=local-a;role_1=local-c;role_2=local-b,SINGLE_PROVIDER_CONGESTED,0,1,1,local-b,1,SELECTED,,1,0,1,1,local-b|local-c,2,1,1
v4conf-016,21,2000016,role_0=local-a;role_1=local-c;role_2=local-b,SINGLE_PROVIDER_CONGESTED,0,1,1,local-b,1,SELECTED,,1,0,1,1,local-b|local-c,2,1,1
v4conf-017,0,2000017,role_0=local-b;role_1=local-a;role_2=local-c,SINGLE_PROVIDER_INVALID_RISK,1,0,1,local-a|local-b|local-c,3,WARMUP,warmup,0,3,3,1,local-b|local-c,2,1,1
v4conf-017,1,2000017,role_0=local-b;role_1=local-a;role_2=local-c,SINGLE_PROVIDER_INVALID_RISK,1,1,1,local-a|local-b|local-c,3,WARMUP,warmup,0,3,3,1,local-b|local-c,2,1,1
v4conf-017,2,2000017,role_0=local-b;role_1=local-a;role_2=local-c,SINGLE_PROVIDER_INVALID_RISK,1,1,1,local-a|local-b|local-c,3,WARMUP,warmup,0,3,3,1,local-b|local-c,2,1,1
v4conf-017,3,2000017,role_0=local-b;role_1=local-a;role_2=local-c,SINGLE_PROVIDER_INVALID_RISK,1,0,1,local-a,1,SLO_ESTIMATE_UNSATISFIABLE,best-effort,1,0,1,1,local-b|local-c,2,1,1
v4conf-017,4,2000017,role_0=local-b;role_1=local-a;role_2=local-c,PAIR_CORRELATED_DEGRADATION,0,0,1,local-a,1,SLO_ESTIMATE_UNSATISFIABLE,best-effort,1,0,1,0,local-b|local-c,2,1,1
v4conf-017,5,2000017,role_0=local-b;role_1=local-a;role_2=local-c,PAIR_CORRELATED_DEGRADATION,0,0,1,local-a|local-b,2,SLO_ESTIMATE_UNSATISFIABLE,best-effort,2,0,2,0,local-b|local-c,2,1,1
v4conf-017,6,2000017,role_0=local-b;role_1=local-a;role_2=local-c,PAIR_CORRELATED_DEGRADATION,0,0,1,local-a|local-c,2,SLO_ESTIMATE_UNSATISFIABLE,best-effort,2,0,2,1,local-b|local-c,2,1,1
v4conf-017,7,2000017,role_0=local-b;role_1=local-a;role_2=local-c,PAIR_CORRELATED_DEGRADATION,0,0,1,local-a|local-c,2,SELECTED,,2,3,5,1,local-b|local-c,2,1,1
v4conf-017,8,2000017,role_0=local-b;role_1=local-a;role_2=local-c,PAIR_CORRELATED_DEGRADATION,0,0,1,local-c,1,SELECTED,,1,0,1,1,local-b|local-c,2,1,1
v4conf-017,9,2000017,role_0=local-b;role_1=local-a;role_2=local-c,SINGLE_PROVIDER_INVALID_RISK,1,0,1,local-c,1,SELECTED,,1,0,1,1,local-b|local-c,2,1,1
v4conf-017,10,2000017,role_0=local-b;role_1=local-a;role_2=local-c,SINGLE_PROVIDER_INVALID_RISK,1,1,1,local-c,1,SELECTED,,1,0,1,1,local-b|local-c,2,1,1
v4conf-017,11,2000017,role_0=local-b;role_1=local-a;role_2=local-c,SINGLE_PROVIDER_INVALID_RISK,1,0,1,local-c,1,SELECTED,,1,0,1,1,local-b|local-c,2,1,1
v4conf-017,12,2000017,role_0=local-b;role_1=local-a;role_2=local-c,SINGLE_PROVIDER_INVALID_RISK,1,0,1,local-c,1,SELECTED,,1,0,1,1,local-b|local-c,2,1,1
v4conf-017,13,2000017,role_0=local-b;role_1=local-a;role_2=local-c,SINGLE_PROVIDER_INVALID_RISK,1,0,1,local-c,1,SELECTED,,1,0,1,1,local-b|local-c,2,1,1
v4conf-017,14,2000017,role_0=local-b;role_1=local-a;role_2=local-c,SINGLE_PROVIDER_INVALID_RISK,1,1,1,local-c,1,SELECTED,,1,0,1,1,local-b|local-c,2,1,1
v4conf-017,15,2000017,role_0=local-b;role_1=local-a;role_2=local-c,SINGLE_PROVIDER_UNSTABLE,1,0,1,local-c,1,SELECTED,,1,3,4,1,local-b|local-c,2,1,1
v4conf-017,16,2000017,role_0=local-b;role_1=local-a;role_2=local-c,SINGLE_PROVIDER_UNSTABLE,1,1,1,local-c,1,SELECTED,,1,0,1,1,local-b|local-c,2,1,1
v4conf-017,17,2000017,role_0=local-b;role_1=local-a;role_2=local-c,SINGLE_PROVIDER_UNSTABLE,1,0,1,local-c,1,SELECTED,,1,0,1,1,local-b|local-c,2,1,1
v4conf-017,18,2000017,role_0=local-b;role_1=local-a;role_2=local-c,SINGLE_PROVIDER_UNSTABLE,1,0,1,local-c,1,SELECTED,,1,0,1,1,local-b|local-c,2,1,1
v4conf-017,19,2000017,role_0=local-b;role_1=local-a;role_2=local-c,SINGLE_PROVIDER_UNSTABLE,1,1,1,local-c,1,SELECTED,,1,0,1,1,local-b|local-c,2,1,1
v4conf-017,20,2000017,role_0=local-b;role_1=local-a;role_2=local-c,SINGLE_PROVIDER_UNSTABLE,1,0,1,local-c,1,SELECTED,,1,0,1,1,local-b|local-c,2,1,1
v4conf-017,21,2000017,role_0=local-b;role_1=local-a;role_2=local-c,SINGLE_PROVIDER_UNSTABLE,1,0,1,local-c,1,SELECTED,,1,0,1,1,local-b|local-c,2,1,1
v4conf-018,0,2000018,role_0=local-b;role_1=local-a;role_2=local-c,PAIR_CORRELATED_DEGRADATION,0,0,1,local-a|local-b|local-c,3,WARMUP,warmup,0,3,3,1,local-b|local-c,2,1,1
v4conf-018,1,2000018,role_0=local-b;role_1=local-a;role_2=local-c,PAIR_CORRELATED_DEGRADATION,0,0,1,local-a|local-b|local-c,3,WARMUP,warmup,0,3,3,1,local-b|local-c,2,1,1
v4conf-018,2,2000018,role_0=local-b;role_1=local-a;role_2=local-c,PAIR_CORRELATED_DEGRADATION,1,0,1,local-a|local-b|local-c,3,WARMUP,warmup,0,3,3,1,local-b|local-c,2,1,1
v4conf-018,3,2000018,role_0=local-b;role_1=local-a;role_2=local-c,PAIR_CORRELATED_DEGRADATION,0,0,1,local-c,1,SLO_ESTIMATE_UNSATISFIABLE,best-effort,1,0,1,1,local-b|local-c,2,1,1
v4conf-018,4,2000018,role_0=local-b;role_1=local-a;role_2=local-c,PAIR_CORRELATED_DEGRADATION,1,1,1,local-c,1,SLO_ESTIMATE_UNSATISFIABLE,best-effort,1,0,1,1,local-b|local-c,2,1,1
v4conf-018,5,2000018,role_0=local-b;role_1=local-a;role_2=local-c,PAIR_CORRELATED_DEGRADATION,0,0,1,local-c,1,SELECTED,,1,0,1,1,local-b|local-c,2,1,1
v4conf-018,6,2000018,role_0=local-b;role_1=local-a;role_2=local-c,PAIR_CORRELATED_DEGRADATION,0,0,1,local-c,1,SELECTED,,1,0,1,1,local-b|local-c,2,1,1
v4conf-018,7,2000018,role_0=local-b;role_1=local-a;role_2=local-c,PAIR_CORRELATED_DEGRADATION,0,0,1,local-c,1,SELECTED,,1,3,4,1,local-b|local-c,2,1,1
v4conf-018,8,2000018,role_0=local-b;role_1=local-a;role_2=local-c,PAIR_CORRELATED_DEGRADATION,0,0,1,local-c,1,SELECTED,,1,0,1,1,local-b|local-c,2,1,1
v4conf-018,9,2000018,role_0=local-b;role_1=local-a;role_2=local-c,PAIR_CORRELATED_DEGRADATION,0,0,1,local-c,1,SELECTED,,1,0,1,1,local-b|local-c,2,1,1
v4conf-018,10,2000018,role_0=local-b;role_1=local-a;role_2=local-c,PAIR_CORRELATED_DEGRADATION,0,1,1,local-c,1,SELECTED,,1,0,1,1,local-b|local-c,2,1,1
v4conf-018,11,2000018,role_0=local-b;role_1=local-a;role_2=local-c,PAIR_CORRELATED_DEGRADATION,1,0,1,local-c,1,SELECTED,,1,0,1,1,local-b|local-c,2,1,1
v4conf-018,12,2000018,role_0=local-b;role_1=local-a;role_2=local-c,PAIR_CORRELATED_DEGRADATION,0,0,1,local-c,1,SELECTED,,1,0,1,1,local-b|local-c,2,1,1
v4conf-018,13,2000018,role_0=local-b;role_1=local-a;role_2=local-c,SINGLE_PROVIDER_CONGESTED,1,0,1,local-c,1,SELECTED,,1,0,1,1,local-b|local-c,2,1,1
v4conf-018,14,2000018,role_0=local-b;role_1=local-a;role_2=local-c,SINGLE_PROVIDER_CONGESTED,1,0,1,local-c,1,SELECTED,,1,0,1,1,local-b|local-c,2,1,1
v4conf-018,15,2000018,role_0=local-b;role_1=local-a;role_2=local-c,SINGLE_PROVIDER_CONGESTED,1,0,1,local-c,1,SELECTED,,1,3,4,1,local-b|local-c,2,1,1
v4conf-018,16,2000018,role_0=local-b;role_1=local-a;role_2=local-c,SINGLE_PROVIDER_CONGESTED,1,0,1,local-c,1,SELECTED,,1,0,1,1,local-b|local-c,2,1,1
v4conf-018,17,2000018,role_0=local-b;role_1=local-a;role_2=local-c,SINGLE_PROVIDER_CONGESTED,1,0,1,local-c,1,SELECTED,,1,0,1,1,local-b|local-c,2,1,1
v4conf-018,18,2000018,role_0=local-b;role_1=local-a;role_2=local-c,SINGLE_PROVIDER_CONGESTED,1,0,1,local-c,1,SELECTED,,1,0,1,1,local-b|local-c,2,1,1
v4conf-018,19,2000018,role_0=local-b;role_1=local-a;role_2=local-c,SINGLE_PROVIDER_CONGESTED,1,0,1,local-c,1,SELECTED,,1,0,1,1,local-b|local-c,2,1,1
v4conf-018,20,2000018,role_0=local-b;role_1=local-a;role_2=local-c,SINGLE_PROVIDER_CONGESTED,1,0,1,local-c,1,SELECTED,,1,0,1,1,local-b|local-c,2,1,1
v4conf-018,21,2000018,role_0=local-b;role_1=local-a;role_2=local-c,SINGLE_PROVIDER_CONGESTED,1,0,1,local-c,1,SELECTED,,1,0,1,1,local-b|local-c,2,1,1
v4conf-019,0,2000019,role_0=local-c;role_1=local-b;role_2=local-a,SINGLE_PROVIDER_CONGESTED,1,1,0,local-a|local-b|local-c,3,WARMUP,warmup,0,3,3,1,local-b|local-c,2,1,1
v4conf-019,1,2000019,role_0=local-c;role_1=local-b;role_2=local-a,SINGLE_PROVIDER_CONGESTED,1,1,0,local-a|local-b|local-c,3,WARMUP,warmup,0,3,3,1,local-b|local-c,2,1,1
v4conf-019,2,2000019,role_0=local-c;role_1=local-b;role_2=local-a,SINGLE_PROVIDER_CONGESTED,1,1,0,local-a|local-b|local-c,3,WARMUP,warmup,0,3,3,1,local-b|local-c,2,1,1
v4conf-019,3,2000019,role_0=local-c;role_1=local-b;role_2=local-a,SINGLE_PROVIDER_CONGESTED,1,1,0,local-a,1,SLO_ESTIMATE_UNSATISFIABLE,best-effort,1,0,1,1,local-b|local-c,2,1,1
v4conf-019,4,2000019,role_0=local-c;role_1=local-b;role_2=local-a,SINGLE_PROVIDER_CONGESTED,1,1,0,local-a,1,SLO_ESTIMATE_UNSATISFIABLE,best-effort,1,0,1,1,local-b|local-c,2,1,1
v4conf-019,5,2000019,role_0=local-c;role_1=local-b;role_2=local-a,SINGLE_PROVIDER_CONGESTED,1,1,0,local-a,1,SELECTED,,1,0,1,1,local-b|local-c,2,1,1
v4conf-019,6,2000019,role_0=local-c;role_1=local-b;role_2=local-a,SINGLE_PROVIDER_CONGESTED,1,1,0,local-a,1,SELECTED,,1,0,1,1,local-b|local-c,2,1,1
v4conf-019,7,2000019,role_0=local-c;role_1=local-b;role_2=local-a,SINGLE_PROVIDER_CONGESTED,1,1,0,local-a,1,SELECTED,,1,3,4,1,local-b|local-c,2,1,1
v4conf-019,8,2000019,role_0=local-c;role_1=local-b;role_2=local-a,SINGLE_PROVIDER_CONGESTED,1,1,0,local-a,1,SELECTED,,1,0,1,1,local-b|local-c,2,1,1
v4conf-019,9,2000019,role_0=local-c;role_1=local-b;role_2=local-a,SINGLE_PROVIDER_CONGESTED,1,1,0,local-a,1,SELECTED,,1,0,1,1,local-b|local-c,2,1,1
v4conf-019,10,2000019,role_0=local-c;role_1=local-b;role_2=local-a,SINGLE_PROVIDER_CONGESTED,1,1,0,local-a,1,SELECTED,,1,0,1,1,local-b|local-c,2,1,1
v4conf-019,11,2000019,role_0=local-c;role_1=local-b;role_2=local-a,SINGLE_PROVIDER_CONGESTED,1,1,0,local-a,1,SELECTED,,1,0,1,1,local-b|local-c,2,1,1
v4conf-019,12,2000019,role_0=local-c;role_1=local-b;role_2=local-a,SINGLE_PROVIDER_CONGESTED,1,1,0,local-a,1,SELECTED,,1,0,1,1,local-b|local-c,2,1,1
v4conf-019,13,2000019,role_0=local-c;role_1=local-b;role_2=local-a,SINGLE_PROVIDER_CONGESTED,1,1,0,local-a,1,SELECTED,,1,0,1,1,local-b|local-c,2,1,1
v4conf-019,14,2000019,role_0=local-c;role_1=local-b;role_2=local-a,SINGLE_PROVIDER_INVALID_RISK,1,1,1,local-a,1,SELECTED,,1,0,1,1,local-b|local-c,2,1,1
v4conf-019,15,2000019,role_0=local-c;role_1=local-b;role_2=local-a,SINGLE_PROVIDER_INVALID_RISK,1,1,1,local-a,1,SELECTED,,1,3,4,1,local-b|local-c,2,1,1
v4conf-019,16,2000019,role_0=local-c;role_1=local-b;role_2=local-a,SINGLE_PROVIDER_INVALID_RISK,1,1,0,local-a,1,SELECTED,,1,0,1,1,local-b|local-c,2,1,1
v4conf-019,17,2000019,role_0=local-c;role_1=local-b;role_2=local-a,SINGLE_PROVIDER_INVALID_RISK,1,1,1,local-a,1,SELECTED,,1,0,1,1,local-b|local-c,2,1,1
v4conf-019,18,2000019,role_0=local-c;role_1=local-b;role_2=local-a,SINGLE_PROVIDER_INVALID_RISK,1,1,1,local-a,1,SELECTED,,1,0,1,1,local-b|local-c,2,1,1
v4conf-019,19,2000019,role_0=local-c;role_1=local-b;role_2=local-a,SINGLE_PROVIDER_CONGESTED,1,1,0,local-a,1,SELECTED,,1,0,1,1,local-b|local-c,2,1,1
v4conf-019,20,2000019,role_0=local-c;role_1=local-b;role_2=local-a,SINGLE_PROVIDER_CONGESTED,1,1,0,local-a,1,SELECTED,,1,0,1,1,local-b|local-c,2,1,1
v4conf-019,21,2000019,role_0=local-c;role_1=local-b;role_2=local-a,SINGLE_PROVIDER_CONGESTED,1,1,0,local-a,1,SELECTED,,1,0,1,1,local-b|local-c,2,1,1
v4conf-020,0,2000020,role_0=local-c;role_1=local-b;role_2=local-a,SINGLE_PROVIDER_UNSTABLE,1,1,0,local-a|local-b|local-c,3,WARMUP,warmup,0,3,3,1,local-b|local-c,2,1,1
v4conf-020,1,2000020,role_0=local-c;role_1=local-b;role_2=local-a,SINGLE_PROVIDER_UNSTABLE,1,1,1,local-a|local-b|local-c,3,WARMUP,warmup,0,3,3,1,local-b|local-c,2,1,1
v4conf-020,2,2000020,role_0=local-c;role_1=local-b;role_2=local-a,SINGLE_PROVIDER_UNSTABLE,1,1,0,local-a|local-b|local-c,3,WARMUP,warmup,0,3,3,1,local-b|local-c,2,1,1
v4conf-020,3,2000020,role_0=local-c;role_1=local-b;role_2=local-a,SINGLE_PROVIDER_UNSTABLE,1,1,1,local-a,1,SLO_ESTIMATE_UNSATISFIABLE,best-effort,1,0,1,1,local-b|local-c,2,1,1
v4conf-020,4,2000020,role_0=local-c;role_1=local-b;role_2=local-a,SINGLE_PROVIDER_UNSTABLE,1,1,1,local-a,1,SLO_ESTIMATE_UNSATISFIABLE,best-effort,1,0,1,1,local-b|local-c,2,1,1
v4conf-020,5,2000020,role_0=local-c;role_1=local-b;role_2=local-a,SINGLE_PROVIDER_UNSTABLE,1,1,1,local-a,1,SELECTED,,1,0,1,1,local-b|local-c,2,1,1
v4conf-020,6,2000020,role_0=local-c;role_1=local-b;role_2=local-a,SINGLE_PROVIDER_UNSTABLE,1,1,1,local-a,1,SELECTED,,1,0,1,1,local-b|local-c,2,1,1
v4conf-020,7,2000020,role_0=local-c;role_1=local-b;role_2=local-a,SINGLE_PROVIDER_UNSTABLE,1,1,1,local-a,1,SELECTED,,1,3,4,1,local-b|local-c,2,1,1
v4conf-020,8,2000020,role_0=local-c;role_1=local-b;role_2=local-a,SINGLE_PROVIDER_UNSTABLE,1,1,1,local-a,1,SELECTED,,1,0,1,1,local-b|local-c,2,1,1
v4conf-020,9,2000020,role_0=local-c;role_1=local-b;role_2=local-a,SINGLE_PROVIDER_UNSTABLE,1,1,0,local-a,1,SELECTED,,1,0,1,1,local-b|local-c,2,1,1
v4conf-020,10,2000020,role_0=local-c;role_1=local-b;role_2=local-a,SINGLE_PROVIDER_UNSTABLE,1,1,1,local-a,1,SELECTED,,1,0,1,1,local-b|local-c,2,1,1
v4conf-020,11,2000020,role_0=local-c;role_1=local-b;role_2=local-a,SINGLE_PROVIDER_UNSTABLE,1,1,0,local-a,1,SELECTED,,1,0,1,1,local-b|local-c,2,1,1
v4conf-020,12,2000020,role_0=local-c;role_1=local-b;role_2=local-a,SINGLE_PROVIDER_UNSTABLE,1,1,0,local-a,1,SELECTED,,1,0,1,1,local-b|local-c,2,1,1
v4conf-020,13,2000020,role_0=local-c;role_1=local-b;role_2=local-a,SINGLE_PROVIDER_UNSTABLE,1,1,1,local-a,1,SELECTED,,1,0,1,1,local-b|local-c,2,1,1
v4conf-020,14,2000020,role_0=local-c;role_1=local-b;role_2=local-a,SINGLE_PROVIDER_UNSTABLE,1,1,1,local-a,1,SELECTED,,1,0,1,1,local-b|local-c,2,1,1
v4conf-020,15,2000020,role_0=local-c;role_1=local-b;role_2=local-a,SINGLE_PROVIDER_UNSTABLE,1,1,0,local-a,1,SELECTED,,1,3,4,1,local-b|local-c,2,1,1
v4conf-020,16,2000020,role_0=local-c;role_1=local-b;role_2=local-a,SINGLE_PROVIDER_UNSTABLE,1,1,1,local-a,1,SELECTED,,1,0,1,1,local-b|local-c,2,1,1
v4conf-020,17,2000020,role_0=local-c;role_1=local-b;role_2=local-a,SINGLE_PROVIDER_UNSTABLE,1,1,0,local-a,1,SELECTED,,1,0,1,1,local-b|local-c,2,1,1
v4conf-020,18,2000020,role_0=local-c;role_1=local-b;role_2=local-a,SINGLE_PROVIDER_UNSTABLE,1,1,1,local-a,1,SELECTED,,1,0,1,1,local-b|local-c,2,1,1
v4conf-020,19,2000020,role_0=local-c;role_1=local-b;role_2=local-a,SINGLE_PROVIDER_UNSTABLE,1,1,1,local-a,1,SELECTED,,1,0,1,1,local-b|local-c,2,1,1
v4conf-020,20,2000020,role_0=local-c;role_1=local-b;role_2=local-a,SINGLE_PROVIDER_UNSTABLE,1,1,0,local-a,1,SELECTED,,1,0,1,1,local-b|local-c,2,1,1
v4conf-020,21,2000020,role_0=local-c;role_1=local-b;role_2=local-a,SINGLE_PROVIDER_UNSTABLE,1,1,1,local-a,1,SELECTED,,1,0,1,1,local-b|local-c,2,1,1
v4conf-021,0,2000021,role_0=local-c;role_1=local-a;role_2=local-b,SINGLE_PROVIDER_CONGESTED,1,1,0,local-a|local-b|local-c,3,WARMUP,warmup,0,3,3,1,local-b|local-c,2,1,1
v4conf-021,1,2000021,role_0=local-c;role_1=local-a;role_2=local-b,SINGLE_PROVIDER_CONGESTED,1,1,0,local-a|local-b|local-c,3,WARMUP,warmup,0,3,3,1,local-b|local-c,2,1,1
v4conf-021,2,2000021,role_0=local-c;role_1=local-a;role_2=local-b,SINGLE_PROVIDER_CONGESTED,1,1,0,local-a|local-b|local-c,3,WARMUP,warmup,0,3,3,1,local-b|local-c,2,1,1
v4conf-021,3,2000021,role_0=local-c;role_1=local-a;role_2=local-b,SINGLE_PROVIDER_CONGESTED,1,1,0,local-a,1,SLO_ESTIMATE_UNSATISFIABLE,best-effort,1,0,1,1,local-b|local-c,2,1,1
v4conf-021,4,2000021,role_0=local-c;role_1=local-a;role_2=local-b,SINGLE_PROVIDER_CONGESTED,1,1,0,local-a,1,SLO_ESTIMATE_UNSATISFIABLE,best-effort,1,0,1,1,local-b|local-c,2,1,1
v4conf-021,5,2000021,role_0=local-c;role_1=local-a;role_2=local-b,SINGLE_PROVIDER_CONGESTED,1,1,0,local-a,1,SELECTED,,1,0,1,1,local-b|local-c,2,1,1
v4conf-021,6,2000021,role_0=local-c;role_1=local-a;role_2=local-b,SINGLE_PROVIDER_CONGESTED,1,1,0,local-a,1,SELECTED,,1,0,1,1,local-b|local-c,2,1,1
v4conf-021,7,2000021,role_0=local-c;role_1=local-a;role_2=local-b,SINGLE_PROVIDER_CONGESTED,1,1,0,local-a,1,SELECTED,,1,3,4,1,local-b|local-c,2,1,1
v4conf-021,8,2000021,role_0=local-c;role_1=local-a;role_2=local-b,SINGLE_PROVIDER_CONGESTED,1,1,0,local-a,1,SELECTED,,1,0,1,1,local-b|local-c,2,1,1
v4conf-021,9,2000021,role_0=local-c;role_1=local-a;role_2=local-b,SINGLE_PROVIDER_UNSTABLE,1,1,1,local-a,1,SELECTED,,1,0,1,1,local-b|local-c,2,1,1
v4conf-021,10,2000021,role_0=local-c;role_1=local-a;role_2=local-b,SINGLE_PROVIDER_UNSTABLE,1,1,1,local-a,1,SELECTED,,1,0,1,1,local-b|local-c,2,1,1
v4conf-021,11,2000021,role_0=local-c;role_1=local-a;role_2=local-b,SINGLE_PROVIDER_UNSTABLE,1,1,0,local-a,1,SELECTED,,1,0,1,1,local-b|local-c,2,1,1
v4conf-021,12,2000021,role_0=local-c;role_1=local-a;role_2=local-b,SINGLE_PROVIDER_UNSTABLE,1,1,1,local-a,1,SELECTED,,1,0,1,1,local-b|local-c,2,1,1
v4conf-021,13,2000021,role_0=local-c;role_1=local-a;role_2=local-b,SINGLE_PROVIDER_UNSTABLE,1,1,0,local-a,1,SELECTED,,1,0,1,1,local-b|local-c,2,1,1
v4conf-021,14,2000021,role_0=local-c;role_1=local-a;role_2=local-b,SINGLE_PROVIDER_UNSTABLE,1,1,0,local-a,1,SELECTED,,1,0,1,1,local-b|local-c,2,1,1
v4conf-021,15,2000021,role_0=local-c;role_1=local-a;role_2=local-b,SINGLE_PROVIDER_UNSTABLE,1,1,0,local-a,1,SELECTED,,1,3,4,1,local-b|local-c,2,1,1
v4conf-021,16,2000021,role_0=local-c;role_1=local-a;role_2=local-b,SINGLE_PROVIDER_UNSTABLE,1,1,0,local-a,1,SELECTED,,1,0,1,1,local-b|local-c,2,1,1
v4conf-021,17,2000021,role_0=local-c;role_1=local-a;role_2=local-b,SINGLE_PROVIDER_UNSTABLE,1,1,0,local-a,1,SELECTED,,1,0,1,1,local-b|local-c,2,1,1
v4conf-021,18,2000021,role_0=local-c;role_1=local-a;role_2=local-b,SINGLE_PROVIDER_UNSTABLE,1,1,1,local-a,1,SELECTED,,1,0,1,1,local-b|local-c,2,1,1
v4conf-021,19,2000021,role_0=local-c;role_1=local-a;role_2=local-b,SINGLE_PROVIDER_UNSTABLE,1,1,0,local-a,1,SELECTED,,1,0,1,1,local-b|local-c,2,1,1
v4conf-021,20,2000021,role_0=local-c;role_1=local-a;role_2=local-b,SINGLE_PROVIDER_UNSTABLE,1,1,1,local-a,1,SELECTED,,1,0,1,1,local-b|local-c,2,1,1
v4conf-021,21,2000021,role_0=local-c;role_1=local-a;role_2=local-b,SINGLE_PROVIDER_UNSTABLE,1,1,1,local-a,1,SELECTED,,1,0,1,1,local-b|local-c,2,1,1
v4conf-022,0,2000022,role_0=local-b;role_1=local-a;role_2=local-c,PAIR_CORRELATED_DEGRADATION,0,0,1,local-a|local-b|local-c,3,WARMUP,warmup,0,3,3,1,local-b|local-c,2,1,1
v4conf-022,1,2000022,role_0=local-b;role_1=local-a;role_2=local-c,PAIR_CORRELATED_DEGRADATION,0,0,1,local-a|local-b|local-c,3,WARMUP,warmup,0,3,3,1,local-b|local-c,2,1,1
v4conf-022,2,2000022,role_0=local-b;role_1=local-a;role_2=local-c,PAIR_CORRELATED_DEGRADATION,0,0,1,local-a|local-b|local-c,3,WARMUP,warmup,0,3,3,1,local-b|local-c,2,1,1
v4conf-022,3,2000022,role_0=local-b;role_1=local-a;role_2=local-c,PAIR_CORRELATED_DEGRADATION,0,0,1,local-c,1,SLO_ESTIMATE_UNSATISFIABLE,best-effort,1,0,1,1,local-b|local-c,2,1,1
v4conf-022,4,2000022,role_0=local-b;role_1=local-a;role_2=local-c,PAIR_CORRELATED_DEGRADATION,0,0,1,local-c,1,SLO_ESTIMATE_UNSATISFIABLE,best-effort,1,0,1,1,local-b|local-c,2,1,1
v4conf-022,5,2000022,role_0=local-b;role_1=local-a;role_2=local-c,PAIR_CORRELATED_DEGRADATION,0,1,1,local-c,1,SELECTED,,1,0,1,1,local-b|local-c,2,1,1
v4conf-022,6,2000022,role_0=local-b;role_1=local-a;role_2=local-c,PAIR_CORRELATED_DEGRADATION,0,0,1,local-c,1,SELECTED,,1,0,1,1,local-b|local-c,2,1,1
v4conf-022,7,2000022,role_0=local-b;role_1=local-a;role_2=local-c,SHARED_DEGRADATION,1,0,0,local-c,1,SELECTED,,1,3,4,0,local-b|local-c,2,0,1
v4conf-022,8,2000022,role_0=local-b;role_1=local-a;role_2=local-c,SHARED_DEGRADATION,0,0,0,local-a|local-c,2,SELECTED,,2,0,2,0,local-b|local-c,2,0,0
v4conf-022,9,2000022,role_0=local-b;role_1=local-a;role_2=local-c,SHARED_DEGRADATION,0,0,0,local-a|local-b|local-c,3,SELECTED,,3,0,3,0,local-b|local-c,2,0,0
v4conf-022,10,2000022,role_0=local-b;role_1=local-a;role_2=local-c,SHARED_DEGRADATION,0,0,0,local-a|local-b|local-c,3,SLO_ESTIMATE_UNSATISFIABLE,best-effort,3,0,3,0,local-b|local-c,2,0,0
v4conf-022,11,2000022,role_0=local-b;role_1=local-a;role_2=local-c,SHARED_DEGRADATION,0,0,1,local-a|local-b|local-c,3,SLO_ESTIMATE_UNSATISFIABLE,best-effort,3,0,3,1,local-b|local-c,2,1,1
v4conf-022,12,2000022,role_0=local-b;role_1=local-a;role_2=local-c,SHARED_DEGRADATION,0,0,0,local-a|local-b|local-c,3,SLO_ESTIMATE_UNSATISFIABLE,best-effort,3,0,3,0,local-b|local-c,2,0,0
v4conf-022,13,2000022,role_0=local-b;role_1=local-a;role_2=local-c,SHARED_DEGRADATION,1,0,0,local-a|local-b|local-c,3,SLO_ESTIMATE_UNSATISFIABLE,best-effort,3,0,3,1,local-b|local-c,2,0,1
v4conf-022,14,2000022,role_0=local-b;role_1=local-a;role_2=local-c,PAIR_CORRELATED_DEGRADATION,0,0,1,local-a|local-b|local-c,3,SLO_ESTIMATE_UNSATISFIABLE,best-effort,3,0,3,1,local-b|local-c,2,1,1
v4conf-022,15,2000022,role_0=local-b;role_1=local-a;role_2=local-c,PAIR_CORRELATED_DEGRADATION,0,0,1,local-a|local-b|local-c,3,SLO_ESTIMATE_UNSATISFIABLE,best-effort,3,3,6,1,local-b|local-c,2,1,1
v4conf-022,16,2000022,role_0=local-b;role_1=local-a;role_2=local-c,PAIR_CORRELATED_DEGRADATION,0,0,1,local-a|local-b|local-c,3,SLO_ESTIMATE_UNSATISFIABLE,best-effort,3,0,3,1,local-b|local-c,2,1,1
v4conf-022,17,2000022,role_0=local-b;role_1=local-a;role_2=local-c,PAIR_CORRELATED_DEGRADATION,0,0,1,local-a|local-b|local-c,3,SLO_ESTIMATE_UNSATISFIABLE,best-effort,3,0,3,1,local-b|local-c,2,1,1
v4conf-022,18,2000022,role_0=local-b;role_1=local-a;role_2=local-c,SINGLE_PROVIDER_INVALID_RISK,1,1,1,local-a|local-b|local-c,3,SLO_ESTIMATE_UNSATISFIABLE,best-effort,3,0,3,1,local-b|local-c,2,1,1
v4conf-022,19,2000022,role_0=local-b;role_1=local-a;role_2=local-c,SINGLE_PROVIDER_INVALID_RISK,1,0,1,local-a|local-c,2,SLO_ESTIMATE_UNSATISFIABLE,best-effort,2,0,2,1,local-b|local-c,2,1,1
v4conf-022,20,2000022,role_0=local-b;role_1=local-a;role_2=local-c,SINGLE_PROVIDER_INVALID_RISK,1,1,1,local-a|local-c,2,SLO_ESTIMATE_UNSATISFIABLE,best-effort,2,0,2,1,local-b|local-c,2,1,1
v4conf-022,21,2000022,role_0=local-b;role_1=local-a;role_2=local-c,SINGLE_PROVIDER_INVALID_RISK,1,1,1,local-a|local-c,2,SLO_ESTIMATE_UNSATISFIABLE,best-effort,2,0,2,1,local-b|local-c,2,1,1
v4conf-023,0,2000023,role_0=local-a;role_1=local-b;role_2=local-c,SINGLE_PROVIDER_CONGESTED,0,1,1,local-a|local-b|local-c,3,WARMUP,warmup,0,3,3,1,local-b|local-c,2,1,1
v4conf-023,1,2000023,role_0=local-a;role_1=local-b;role_2=local-c,SINGLE_PROVIDER_CONGESTED,0,1,1,local-a|local-b|local-c,3,WARMUP,warmup,0,3,3,1,local-b|local-c,2,1,1
v4conf-023,2,2000023,role_0=local-a;role_1=local-b;role_2=local-c,SINGLE_PROVIDER_CONGESTED,0,1,1,local-a|local-b|local-c,3,WARMUP,warmup,0,3,3,1,local-b|local-c,2,1,1
v4conf-023,3,2000023,role_0=local-a;role_1=local-b;role_2=local-c,SINGLE_PROVIDER_CONGESTED,0,1,1,local-b,1,SLO_ESTIMATE_UNSATISFIABLE,best-effort,1,0,1,1,local-b|local-c,2,1,1
v4conf-023,4,2000023,role_0=local-a;role_1=local-b;role_2=local-c,SINGLE_PROVIDER_CONGESTED,0,1,1,local-b,1,SLO_ESTIMATE_UNSATISFIABLE,best-effort,1,0,1,1,local-b|local-c,2,1,1
v4conf-023,5,2000023,role_0=local-a;role_1=local-b;role_2=local-c,SINGLE_PROVIDER_CONGESTED,0,1,1,local-b,1,SELECTED,,1,0,1,1,local-b|local-c,2,1,1
v4conf-023,6,2000023,role_0=local-a;role_1=local-b;role_2=local-c,SHARED_DEGRADATION,0,0,0,local-b,1,SELECTED,,1,0,1,0,local-b|local-c,2,0,0
v4conf-023,7,2000023,role_0=local-a;role_1=local-b;role_2=local-c,SHARED_DEGRADATION,0,0,0,local-a|local-b,2,SELECTED,,2,3,5,0,local-b|local-c,2,0,0
v4conf-023,8,2000023,role_0=local-a;role_1=local-b;role_2=local-c,SHARED_DEGRADATION,0,0,1,local-a|local-b,2,SLO_ESTIMATE_UNSATISFIABLE,best-effort,2,0,2,0,local-b|local-c,2,1,1
v4conf-023,9,2000023,role_0=local-a;role_1=local-b;role_2=local-c,SHARED_DEGRADATION,0,0,0,local-b|local-c,2,SLO_ESTIMATE_UNSATISFIABLE,best-effort,2,0,2,0,local-b|local-c,2,0,0
v4conf-023,10,2000023,role_0=local-a;role_1=local-b;role_2=local-c,SHARED_DEGRADATION,0,0,0,local-a|local-b|local-c,3,SLO_ESTIMATE_UNSATISFIABLE,best-effort,3,0,3,0,local-b|local-c,2,0,0
v4conf-023,11,2000023,role_0=local-a;role_1=local-b;role_2=local-c,SHARED_DEGRADATION,0,0,0,local-a|local-b|local-c,3,SLO_ESTIMATE_UNSATISFIABLE,best-effort,3,0,3,0,local-b|local-c,2,0,0
v4conf-023,12,2000023,role_0=local-a;role_1=local-b;role_2=local-c,SHARED_DEGRADATION,0,0,0,local-a|local-b|local-c,3,SLO_ESTIMATE_UNSATISFIABLE,best-effort,3,0,3,0,local-b|local-c,2,0,0
v4conf-023,13,2000023,role_0=local-a;role_1=local-b;role_2=local-c,SHARED_DEGRADATION,0,1,0,local-a|local-b|local-c,3,SLO_ESTIMATE_UNSATISFIABLE,best-effort,3,0,3,1,local-b|local-c,2,1,1
v4conf-023,14,2000023,role_0=local-a;role_1=local-b;role_2=local-c,PAIR_CORRELATED_DEGRADATION,0,0,1,local-a|local-b|local-c,3,SLO_ESTIMATE_UNSATISFIABLE,best-effort,3,0,3,1,local-b|local-c,2,1,1
v4conf-023,15,2000023,role_0=local-a;role_1=local-b;role_2=local-c,PAIR_CORRELATED_DEGRADATION,0,0,1,local-a|local-b|local-c,3,SLO_ESTIMATE_UNSATISFIABLE,best-effort,3,3,6,1,local-b|local-c,2,1,1
v4conf-023,16,2000023,role_0=local-a;role_1=local-b;role_2=local-c,PAIR_CORRELATED_DEGRADATION,0,0,1,local-a|local-b|local-c,3,SLO_ESTIMATE_UNSATISFIABLE,best-effort,3,0,3,1,local-b|local-c,2,1,1
v4conf-023,17,2000023,role_0=local-a;role_1=local-b;role_2=local-c,PAIR_CORRELATED_DEGRADATION,0,0,1,local-a|local-b|local-c,3,SLO_ESTIMATE_UNSATISFIABLE,best-effort,3,0,3,1,local-b|local-c,2,1,1
v4conf-023,18,2000023,role_0=local-a;role_1=local-b;role_2=local-c,SHARED_DEGRADATION,0,0,0,local-a|local-b|local-c,3,SLO_ESTIMATE_UNSATISFIABLE,best-effort,3,0,3,0,local-b|local-c,2,0,0
v4conf-023,19,2000023,role_0=local-a;role_1=local-b;role_2=local-c,SHARED_DEGRADATION,0,0,0,local-b|local-c,2,SLO_ESTIMATE_UNSATISFIABLE,best-effort,2,0,2,0,local-b|local-c,2,0,0
v4conf-023,20,2000023,role_0=local-a;role_1=local-b;role_2=local-c,SHARED_DEGRADATION,0,0,0,local-b|local-c,2,SLO_ESTIMATE_UNSATISFIABLE,best-effort,2,0,2,0,local-b|local-c,2,0,0
v4conf-023,21,2000023,role_0=local-a;role_1=local-b;role_2=local-c,SHARED_DEGRADATION,0,0,0,local-b|local-c,2,SLO_ESTIMATE_UNSATISFIABLE,best-effort,2,0,2,0,local-b|local-c,2,0,0
v4conf-024,0,2000024,role_0=local-a;role_1=local-c;role_2=local-b,SHARED_DEGRADATION,0,0,0,local-a|local-b|local-c,3,WARMUP,warmup,0,3,3,0,local-b|local-c,2,0,0
v4conf-024,1,2000024,role_0=local-a;role_1=local-c;role_2=local-b,SHARED_DEGRADATION,0,0,0,local-a|local-b|local-c,3,WARMUP,warmup,0,3,3,0,local-b|local-c,2,0,0
v4conf-024,2,2000024,role_0=local-a;role_1=local-c;role_2=local-b,SHARED_DEGRADATION,1,0,0,local-a|local-b|local-c,3,WARMUP,warmup,0,3,3,1,local-b|local-c,2,0,1
v4conf-024,3,2000024,role_0=local-a;role_1=local-c;role_2=local-b,SHARED_DEGRADATION,0,0,0,local-a,1,SLO_ESTIMATE_UNSATISFIABLE,best-effort,1,0,1,0,local-b|local-c,2,0,0
v4conf-024,4,2000024,role_0=local-a;role_1=local-c;role_2=local-b,SHARED_DEGRADATION,0,0,0,local-a|local-b,2,SLO_ESTIMATE_UNSATISFIABLE,best-effort,2,0,2,0,local-b|local-c,2,0,0
v4conf-024,5,2000024,role_0=local-a;role_1=local-c;role_2=local-b,SHARED_DEGRADATION,0,0,0,local-a|local-c,2,SLO_ESTIMATE_UNSATISFIABLE,best-effort,2,0,2,0,local-b|local-c,2,0,0
v4conf-024,6,2000024,role_0=local-a;role_1=local-c;role_2=local-b,SHARED_DEGRADATION,0,0,0,local-a|local-b|local-c,3,SLO_ESTIMATE_UNSATISFIABLE,best-effort,3,0,3,0,local-b|local-c,2,0,0
v4conf-024,7,2000024,role_0=local-a;role_1=local-c;role_2=local-b,SHARED_DEGRADATION,0,0,1,local-a|local-b|local-c,3,SLO_ESTIMATE_UNSATISFIABLE,best-effort,3,3,6,1,local-b|local-c,2,1,1
v4conf-024,8,2000024,role_0=local-a;role_1=local-c;role_2=local-b,SHARED_DEGRADATION,0,0,0,local-a|local-b|local-c,3,SLO_ESTIMATE_UNSATISFIABLE,best-effort,3,0,3,0,local-b|local-c,2,0,0
v4conf-024,9,2000024,role_0=local-a;role_1=local-c;role_2=local-b,SHARED_DEGRADATION,0,0,0,local-a|local-b|local-c,3,SLO_ESTIMATE_UNSATISFIABLE,best-effort,3,0,3,0,local-b|local-c,2,0,0
v4conf-024,10,2000024,role_0=local-a;role_1=local-c;role_2=local-b,SHARED_DEGRADATION,0,0,0,local-a|local-b|local-c,3,SLO_ESTIMATE_UNSATISFIABLE,best-effort,3,0,3,0,local-b|local-c,2,0,0
v4conf-024,11,2000024,role_0=local-a;role_1=local-c;role_2=local-b,SHARED_DEGRADATION,0,0,1,local-a|local-b|local-c,3,SLO_ESTIMATE_UNSATISFIABLE,best-effort,3,0,3,1,local-b|local-c,2,1,1
v4conf-024,12,2000024,role_0=local-a;role_1=local-c;role_2=local-b,SHARED_DEGRADATION,0,0,0,local-a|local-b|local-c,3,SLO_ESTIMATE_UNSATISFIABLE,best-effort,3,0,3,0,local-b|local-c,2,0,0
v4conf-024,13,2000024,role_0=local-a;role_1=local-c;role_2=local-b,NORMAL,1,1,1,local-a|local-c,2,SLO_ESTIMATE_UNSATISFIABLE,best-effort,2,0,2,1,local-b|local-c,2,1,1
v4conf-024,14,2000024,role_0=local-a;role_1=local-c;role_2=local-b,NORMAL,1,1,1,local-a|local-c,2,SLO_ESTIMATE_UNSATISFIABLE,best-effort,2,0,2,1,local-b|local-c,2,1,1
v4conf-024,15,2000024,role_0=local-a;role_1=local-c;role_2=local-b,NORMAL,1,1,1,local-a|local-b|local-c,3,SLO_ESTIMATE_UNSATISFIABLE,best-effort,3,3,6,1,local-b|local-c,2,1,1
v4conf-024,16,2000024,role_0=local-a;role_1=local-c;role_2=local-b,NORMAL,1,1,1,local-c,1,SLO_ESTIMATE_UNSATISFIABLE,best-effort,1,0,1,1,local-b|local-c,2,1,1
v4conf-024,17,2000024,role_0=local-a;role_1=local-c;role_2=local-b,NORMAL,1,1,1,local-c,1,SLO_ESTIMATE_UNSATISFIABLE,best-effort,1,0,1,1,local-b|local-c,2,1,1
v4conf-024,18,2000024,role_0=local-a;role_1=local-c;role_2=local-b,NORMAL,1,1,1,local-c,1,SLO_ESTIMATE_UNSATISFIABLE,best-effort,1,0,1,1,local-b|local-c,2,1,1
v4conf-024,19,2000024,role_0=local-a;role_1=local-c;role_2=local-b,NORMAL,1,1,1,local-c,1,SLO_ESTIMATE_UNSATISFIABLE,best-effort,1,0,1,1,local-b|local-c,2,1,1
v4conf-024,20,2000024,role_0=local-a;role_1=local-c;role_2=local-b,NORMAL,1,1,1,local-c,1,SLO_ESTIMATE_UNSATISFIABLE,best-effort,1,0,1,1,local-b|local-c,2,1,1
v4conf-024,21,2000024,role_0=local-a;role_1=local-c;role_2=local-b,PAIR_CORRELATED_DEGRADATION,1,1,0,local-c,1,SLO_ESTIMATE_UNSATISFIABLE,best-effort,1,0,1,0,local-b|local-c,2,1,1
v4conf-025,0,2000025,role_0=local-b;role_1=local-c;role_2=local-a,SINGLE_PROVIDER_UNSTABLE,1,0,1,local-a|local-b|local-c,3,WARMUP,warmup,0,3,3,1,local-b|local-c,2,1,1
v4conf-025,1,2000025,role_0=local-b;role_1=local-c;role_2=local-a,SINGLE_PROVIDER_UNSTABLE,1,1,1,local-a|local-b|local-c,3,WARMUP,warmup,0,3,3,1,local-b|local-c,2,1,1
v4conf-025,2,2000025,role_0=local-b;role_1=local-c;role_2=local-a,SINGLE_PROVIDER_UNSTABLE,1,0,1,local-a|local-b|local-c,3,WARMUP,warmup,0,3,3,1,local-b|local-c,2,1,1
v4conf-025,3,2000025,role_0=local-b;role_1=local-c;role_2=local-a,SINGLE_PROVIDER_UNSTABLE,1,1,1,local-a,1,SLO_ESTIMATE_UNSATISFIABLE,best-effort,1,0,1,1,local-b|local-c,2,1,1
v4conf-025,4,2000025,role_0=local-b;role_1=local-c;role_2=local-a,SINGLE_PROVIDER_UNSTABLE,1,0,1,local-a,1,SLO_ESTIMATE_UNSATISFIABLE,best-effort,1,0,1,1,local-b|local-c,2,1,1
v4conf-025,5,2000025,role_0=local-b;role_1=local-c;role_2=local-a,SINGLE_PROVIDER_UNSTABLE,1,0,1,local-a,1,SELECTED,,1,0,1,1,local-b|local-c,2,1,1
v4conf-025,6,2000025,role_0=local-b;role_1=local-c;role_2=local-a,SINGLE_PROVIDER_UNSTABLE,1,1,1,local-a,1,SELECTED,,1,0,1,1,local-b|local-c,2,1,1
v4conf-025,7,2000025,role_0=local-b;role_1=local-c;role_2=local-a,SINGLE_PROVIDER_UNSTABLE,1,1,1,local-a,1,SELECTED,,1,3,4,1,local-b|local-c,2,1,1
v4conf-025,8,2000025,role_0=local-b;role_1=local-c;role_2=local-a,SINGLE_PROVIDER_UNSTABLE,1,1,1,local-a,1,SELECTED,,1,0,1,1,local-b|local-c,2,1,1
v4conf-025,9,2000025,role_0=local-b;role_1=local-c;role_2=local-a,SINGLE_PROVIDER_UNSTABLE,1,0,1,local-a,1,SELECTED,,1,0,1,1,local-b|local-c,2,1,1
v4conf-025,10,2000025,role_0=local-b;role_1=local-c;role_2=local-a,SINGLE_PROVIDER_UNSTABLE,1,0,1,local-a,1,SELECTED,,1,0,1,1,local-b|local-c,2,1,1
v4conf-025,11,2000025,role_0=local-b;role_1=local-c;role_2=local-a,SINGLE_PROVIDER_UNSTABLE,1,1,1,local-a,1,SELECTED,,1,0,1,1,local-b|local-c,2,1,1
v4conf-025,12,2000025,role_0=local-b;role_1=local-c;role_2=local-a,SINGLE_PROVIDER_UNSTABLE,1,1,1,local-a,1,SELECTED,,1,0,1,1,local-b|local-c,2,1,1
v4conf-025,13,2000025,role_0=local-b;role_1=local-c;role_2=local-a,SINGLE_PROVIDER_CONGESTED,1,0,1,local-a,1,SELECTED,,1,0,1,1,local-b|local-c,2,1,1
v4conf-025,14,2000025,role_0=local-b;role_1=local-c;role_2=local-a,SINGLE_PROVIDER_CONGESTED,1,0,1,local-a,1,SELECTED,,1,0,1,1,local-b|local-c,2,1,1
v4conf-025,15,2000025,role_0=local-b;role_1=local-c;role_2=local-a,SINGLE_PROVIDER_CONGESTED,1,0,1,local-a,1,SELECTED,,1,3,4,1,local-b|local-c,2,1,1
v4conf-025,16,2000025,role_0=local-b;role_1=local-c;role_2=local-a,SINGLE_PROVIDER_CONGESTED,1,0,1,local-a,1,SELECTED,,1,0,1,1,local-b|local-c,2,1,1
v4conf-025,17,2000025,role_0=local-b;role_1=local-c;role_2=local-a,SINGLE_PROVIDER_CONGESTED,1,0,1,local-a,1,SELECTED,,1,0,1,1,local-b|local-c,2,1,1
v4conf-025,18,2000025,role_0=local-b;role_1=local-c;role_2=local-a,SINGLE_PROVIDER_CONGESTED,1,0,1,local-a,1,SELECTED,,1,0,1,1,local-b|local-c,2,1,1
v4conf-025,19,2000025,role_0=local-b;role_1=local-c;role_2=local-a,SINGLE_PROVIDER_CONGESTED,1,0,1,local-a,1,SELECTED,,1,0,1,1,local-b|local-c,2,1,1
v4conf-025,20,2000025,role_0=local-b;role_1=local-c;role_2=local-a,SINGLE_PROVIDER_CONGESTED,1,0,1,local-a,1,SELECTED,,1,0,1,1,local-b|local-c,2,1,1
v4conf-025,21,2000025,role_0=local-b;role_1=local-c;role_2=local-a,PAIR_CORRELATED_DEGRADATION,1,0,1,local-a,1,SELECTED,,1,0,1,1,local-b|local-c,2,1,1
v4conf-026,0,2000026,role_0=local-c;role_1=local-a;role_2=local-b,NORMAL,1,1,1,local-a|local-b|local-c,3,WARMUP,warmup,0,3,3,1,local-b|local-c,2,1,1
v4conf-026,1,2000026,role_0=local-c;role_1=local-a;role_2=local-b,NORMAL,1,1,1,local-a|local-b|local-c,3,WARMUP,warmup,0,3,3,1,local-b|local-c,2,1,1
v4conf-026,2,2000026,role_0=local-c;role_1=local-a;role_2=local-b,NORMAL,1,1,1,local-a|local-b|local-c,3,WARMUP,warmup,0,3,3,1,local-b|local-c,2,1,1
v4conf-026,3,2000026,role_0=local-c;role_1=local-a;role_2=local-b,NORMAL,1,1,1,local-a,1,SLO_ESTIMATE_UNSATISFIABLE,best-effort,1,0,1,1,local-b|local-c,2,1,1
v4conf-026,4,2000026,role_0=local-c;role_1=local-a;role_2=local-b,SINGLE_PROVIDER_INVALID_RISK,1,1,1,local-a,1,SLO_ESTIMATE_UNSATISFIABLE,best-effort,1,0,1,1,local-b|local-c,2,1,1
v4conf-026,5,2000026,role_0=local-c;role_1=local-a;role_2=local-b,SINGLE_PROVIDER_INVALID_RISK,1,1,0,local-a,1,SELECTED,,1,0,1,1,local-b|local-c,2,1,1
v4conf-026,6,2000026,role_0=local-c;role_1=local-a;role_2=local-b,SINGLE_PROVIDER_INVALID_RISK,1,1,0,local-a,1,SELECTED,,1,0,1,1,local-b|local-c,2,1,1
v4conf-026,7,2000026,role_0=local-c;role_1=local-a;role_2=local-b,SINGLE_PROVIDER_INVALID_RISK,1,1,1,local-a,1,SELECTED,,1,3,4,1,local-b|local-c,2,1,1
v4conf-026,8,2000026,role_0=local-c;role_1=local-a;role_2=local-b,SINGLE_PROVIDER_INVALID_RISK,1,1,1,local-a,1,SELECTED,,1,0,1,1,local-b|local-c,2,1,1
v4conf-026,9,2000026,role_0=local-c;role_1=local-a;role_2=local-b,SINGLE_PROVIDER_INVALID_RISK,1,1,1,local-a,1,SELECTED,,1,0,1,1,local-b|local-c,2,1,1
v4conf-026,10,2000026,role_0=local-c;role_1=local-a;role_2=local-b,SINGLE_PROVIDER_INVALID_RISK,1,1,1,local-a,1,SELECTED,,1,0,1,1,local-b|local-c,2,1,1
v4conf-026,11,2000026,role_0=local-c;role_1=local-a;role_2=local-b,SINGLE_PROVIDER_INVALID_RISK,1,1,1,local-a,1,SELECTED,,1,0,1,1,local-b|local-c,2,1,1
v4conf-026,12,2000026,role_0=local-c;role_1=local-a;role_2=local-b,PAIR_CORRELATED_DEGRADATION,0,1,0,local-a,1,SELECTED,,1,0,1,0,local-b|local-c,2,1,1
v4conf-026,13,2000026,role_0=local-c;role_1=local-a;role_2=local-b,PAIR_CORRELATED_DEGRADATION,0,1,0,local-a|local-b,2,SELECTED,,2,0,2,1,local-b|local-c,2,1,1
v4conf-026,14,2000026,role_0=local-c;role_1=local-a;role_2=local-b,PAIR_CORRELATED_DEGRADATION,0,1,0,local-b,1,SELECTED,,1,0,1,1,local-b|local-c,2,1,1
v4conf-026,15,2000026,role_0=local-c;role_1=local-a;role_2=local-b,PAIR_CORRELATED_DEGRADATION,0,1,0,local-b,1,SELECTED,,1,3,4,1,local-b|local-c,2,1,1
v4conf-026,16,2000026,role_0=local-c;role_1=local-a;role_2=local-b,PAIR_CORRELATED_DEGRADATION,1,1,1,local-b,1,SELECTED,,1,0,1,1,local-b|local-c,2,1,1
v4conf-026,17,2000026,role_0=local-c;role_1=local-a;role_2=local-b,PAIR_CORRELATED_DEGRADATION,1,1,0,local-b,1,SELECTED,,1,0,1,1,local-b|local-c,2,1,1
v4conf-026,18,2000026,role_0=local-c;role_1=local-a;role_2=local-b,PAIR_CORRELATED_DEGRADATION,1,1,1,local-b,1,SELECTED,,1,0,1,1,local-b|local-c,2,1,1
v4conf-026,19,2000026,role_0=local-c;role_1=local-a;role_2=local-b,SINGLE_PROVIDER_UNSTABLE,1,1,0,local-b,1,SELECTED,,1,0,1,1,local-b|local-c,2,1,1
v4conf-026,20,2000026,role_0=local-c;role_1=local-a;role_2=local-b,SINGLE_PROVIDER_UNSTABLE,1,1,0,local-b,1,SELECTED,,1,0,1,1,local-b|local-c,2,1,1
v4conf-026,21,2000026,role_0=local-c;role_1=local-a;role_2=local-b,SINGLE_PROVIDER_UNSTABLE,1,1,1,local-b,1,SELECTED,,1,0,1,1,local-b|local-c,2,1,1
v4conf-027,0,2000027,role_0=local-a;role_1=local-c;role_2=local-b,SINGLE_PROVIDER_UNSTABLE,1,1,1,local-a|local-b|local-c,3,WARMUP,warmup,0,3,3,1,local-b|local-c,2,1,1
v4conf-027,1,2000027,role_0=local-a;role_1=local-c;role_2=local-b,SINGLE_PROVIDER_UNSTABLE,0,1,1,local-a|local-b|local-c,3,WARMUP,warmup,0,3,3,1,local-b|local-c,2,1,1
v4conf-027,2,2000027,role_0=local-a;role_1=local-c;role_2=local-b,SINGLE_PROVIDER_UNSTABLE,1,1,1,local-a|local-b|local-c,3,WARMUP,warmup,0,3,3,1,local-b|local-c,2,1,1
v4conf-027,3,2000027,role_0=local-a;role_1=local-c;role_2=local-b,SINGLE_PROVIDER_UNSTABLE,0,1,1,local-b,1,SLO_ESTIMATE_UNSATISFIABLE,best-effort,1,0,1,1,local-b|local-c,2,1,1
v4conf-027,4,2000027,role_0=local-a;role_1=local-c;role_2=local-b,SINGLE_PROVIDER_UNSTABLE,0,1,1,local-b,1,SLO_ESTIMATE_UNSATISFIABLE,best-effort,1,0,1,1,local-b|local-c,2,1,1
v4conf-027,5,2000027,role_0=local-a;role_1=local-c;role_2=local-b,SINGLE_PROVIDER_INVALID_RISK,0,1,1,local-b,1,SELECTED,,1,0,1,1,local-b|local-c,2,1,1
v4conf-027,6,2000027,role_0=local-a;role_1=local-c;role_2=local-b,SINGLE_PROVIDER_INVALID_RISK,0,1,1,local-b,1,SELECTED,,1,0,1,1,local-b|local-c,2,1,1
v4conf-027,7,2000027,role_0=local-a;role_1=local-c;role_2=local-b,SINGLE_PROVIDER_INVALID_RISK,1,1,1,local-b,1,SELECTED,,1,3,4,1,local-b|local-c,2,1,1
v4conf-027,8,2000027,role_0=local-a;role_1=local-c;role_2=local-b,SINGLE_PROVIDER_INVALID_RISK,1,1,1,local-b,1,SELECTED,,1,0,1,1,local-b|local-c,2,1,1
v4conf-027,9,2000027,role_0=local-a;role_1=local-c;role_2=local-b,SINGLE_PROVIDER_UNSTABLE,1,1,1,local-b,1,SELECTED,,1,0,1,1,local-b|local-c,2,1,1
v4conf-027,10,2000027,role_0=local-a;role_1=local-c;role_2=local-b,SINGLE_PROVIDER_UNSTABLE,1,1,1,local-b,1,SELECTED,,1,0,1,1,local-b|local-c,2,1,1
v4conf-027,11,2000027,role_0=local-a;role_1=local-c;role_2=local-b,SINGLE_PROVIDER_UNSTABLE,1,1,1,local-b,1,SELECTED,,1,0,1,1,local-b|local-c,2,1,1
v4conf-027,12,2000027,role_0=local-a;role_1=local-c;role_2=local-b,SINGLE_PROVIDER_UNSTABLE,1,1,1,local-b,1,SELECTED,,1,0,1,1,local-b|local-c,2,1,1
v4conf-027,13,2000027,role_0=local-a;role_1=local-c;role_2=local-b,SINGLE_PROVIDER_UNSTABLE,1,1,1,local-b,1,SELECTED,,1,0,1,1,local-b|local-c,2,1,1
v4conf-027,14,2000027,role_0=local-a;role_1=local-c;role_2=local-b,SINGLE_PROVIDER_INVALID_RISK,0,1,1,local-b,1,SELECTED,,1,0,1,1,local-b|local-c,2,1,1
v4conf-027,15,2000027,role_0=local-a;role_1=local-c;role_2=local-b,SINGLE_PROVIDER_INVALID_RISK,1,1,1,local-b,1,SELECTED,,1,3,4,1,local-b|local-c,2,1,1
v4conf-027,16,2000027,role_0=local-a;role_1=local-c;role_2=local-b,SINGLE_PROVIDER_INVALID_RISK,0,1,1,local-b,1,SELECTED,,1,0,1,1,local-b|local-c,2,1,1
v4conf-027,17,2000027,role_0=local-a;role_1=local-c;role_2=local-b,SINGLE_PROVIDER_INVALID_RISK,0,1,1,local-b,1,SELECTED,,1,0,1,1,local-b|local-c,2,1,1
v4conf-027,18,2000027,role_0=local-a;role_1=local-c;role_2=local-b,SINGLE_PROVIDER_INVALID_RISK,0,1,1,local-b,1,SELECTED,,1,0,1,1,local-b|local-c,2,1,1
v4conf-027,19,2000027,role_0=local-a;role_1=local-c;role_2=local-b,SINGLE_PROVIDER_INVALID_RISK,1,1,1,local-b,1,SELECTED,,1,0,1,1,local-b|local-c,2,1,1
v4conf-027,20,2000027,role_0=local-a;role_1=local-c;role_2=local-b,SINGLE_PROVIDER_INVALID_RISK,0,1,1,local-b,1,SELECTED,,1,0,1,1,local-b|local-c,2,1,1
v4conf-027,21,2000027,role_0=local-a;role_1=local-c;role_2=local-b,SINGLE_PROVIDER_INVALID_RISK,1,1,1,local-b,1,SELECTED,,1,0,1,1,local-b|local-c,2,1,1
v4conf-028,0,2000028,role_0=local-a;role_1=local-b;role_2=local-c,SHARED_DEGRADATION,0,0,0,local-a|local-b|local-c,3,WARMUP,warmup,0,3,3,0,local-b|local-c,2,0,0
v4conf-028,1,2000028,role_0=local-a;role_1=local-b;role_2=local-c,SHARED_DEGRADATION,0,0,0,local-a|local-b|local-c,3,WARMUP,warmup,0,3,3,0,local-b|local-c,2,0,0
v4conf-028,2,2000028,role_0=local-a;role_1=local-b;role_2=local-c,SHARED_DEGRADATION,0,0,0,local-a|local-b|local-c,3,WARMUP,warmup,0,3,3,0,local-b|local-c,2,0,0
v4conf-028,3,2000028,role_0=local-a;role_1=local-b;role_2=local-c,SHARED_DEGRADATION,0,0,0,local-a,1,SLO_ESTIMATE_UNSATISFIABLE,best-effort,1,0,1,0,local-b|local-c,2,0,0
v4conf-028,4,2000028,role_0=local-a;role_1=local-b;role_2=local-c,SINGLE_PROVIDER_UNSTABLE,1,1,1,local-b,1,SLO_ESTIMATE_UNSATISFIABLE,best-effort,1,0,1,1,local-b|local-c,2,1,1
v4conf-028,5,2000028,role_0=local-a;role_1=local-b;role_2=local-c,SINGLE_PROVIDER_UNSTABLE,0,1,1,local-b,1,SLO_ESTIMATE_UNSATISFIABLE,best-effort,1,0,1,1,local-b|local-c,2,1,1
v4conf-028,6,2000028,role_0=local-a;role_1=local-b;role_2=local-c,SINGLE_PROVIDER_UNSTABLE,0,1,1,local-b,1,SLO_ESTIMATE_UNSATISFIABLE,best-effort,1,0,1,1,local-b|local-c,2,1,1
v4conf-028,7,2000028,role_0=local-a;role_1=local-b;role_2=local-c,SINGLE_PROVIDER_UNSTABLE,0,1,1,local-b,1,SLO_ESTIMATE_UNSATISFIABLE,best-effort,1,3,4,1,local-b|local-c,2,1,1
v4conf-028,8,2000028,role_0=local-a;role_1=local-b;role_2=local-c,SINGLE_PROVIDER_UNSTABLE,0,1,1,local-b,1,SLO_ESTIMATE_UNSATISFIABLE,best-effort,1,0,1,1,local-b|local-c,2,1,1
v4conf-028,9,2000028,role_0=local-a;role_1=local-b;role_2=local-c,SINGLE_PROVIDER_UNSTABLE,1,1,1,local-b,1,SLO_ESTIMATE_UNSATISFIABLE,best-effort,1,0,1,1,local-b|local-c,2,1,1
v4conf-028,10,2000028,role_0=local-a;role_1=local-b;role_2=local-c,SHARED_DEGRADATION,0,0,0,local-b,1,SLO_ESTIMATE_UNSATISFIABLE,best-effort,1,0,1,0,local-b|local-c,2,0,0
v4conf-028,11,2000028,role_0=local-a;role_1=local-b;role_2=local-c,SHARED_DEGRADATION,0,0,0,local-a|local-b,2,SLO_ESTIMATE_UNSATISFIABLE,best-effort,2,0,2,0,local-b|local-c,2,0,0
v4conf-028,12,2000028,role_0=local-a;role_1=local-b;role_2=local-c,SHARED_DEGRADATION,0,0,0,local-b|local-c,2,SLO_ESTIMATE_UNSATISFIABLE,best-effort,2,0,2,0,local-b|local-c,2,0,0
v4conf-028,13,2000028,role_0=local-a;role_1=local-b;role_2=local-c,SHARED_DEGRADATION,0,0,0,local-a|local-b|local-c,3,SLO_ESTIMATE_UNSATISFIABLE,best-effort,3,0,3,0,local-b|local-c,2,0,0
v4conf-028,14,2000028,role_0=local-a;role_1=local-b;role_2=local-c,PAIR_CORRELATED_DEGRADATION,0,0,1,local-b,1,SLO_ESTIMATE_UNSATISFIABLE,best-effort,1,0,1,0,local-b|local-c,2,1,1
v4conf-028,15,2000028,role_0=local-a;role_1=local-b;role_2=local-c,PAIR_CORRELATED_DEGRADATION,0,0,1,local-a|local-b,2,SLO_ESTIMATE_UNSATISFIABLE,best-effort,2,3,5,0,local-b|local-c,2,1,1
v4conf-028,16,2000028,role_0=local-a;role_1=local-b;role_2=local-c,PAIR_CORRELATED_DEGRADATION,0,0,1,local-b|local-c,2,SLO_ESTIMATE_UNSATISFIABLE,best-effort,2,0,2,1,local-b|local-c,2,1,1
v4conf-028,17,2000028,role_0=local-a;role_1=local-b;role_2=local-c,PAIR_CORRELATED_DEGRADATION,0,0,1,local-b|local-c,2,SLO_ESTIMATE_UNSATISFIABLE,best-effort,2,0,2,1,local-b|local-c,2,1,1
v4conf-028,18,2000028,role_0=local-a;role_1=local-b;role_2=local-c,PAIR_CORRELATED_DEGRADATION,0,0,1,local-a|local-b|local-c,3,SLO_ESTIMATE_UNSATISFIABLE,best-effort,3,0,3,1,local-b|local-c,2,1,1
v4conf-028,19,2000028,role_0=local-a;role_1=local-b;role_2=local-c,SINGLE_PROVIDER_CONGESTED,0,1,1,local-a|local-b|local-c,3,SLO_ESTIMATE_UNSATISFIABLE,best-effort,3,0,3,1,local-b|local-c,2,1,1
v4conf-028,20,2000028,role_0=local-a;role_1=local-b;role_2=local-c,SINGLE_PROVIDER_CONGESTED,0,1,1,local-a|local-b|local-c,3,SLO_ESTIMATE_UNSATISFIABLE,best-effort,3,0,3,1,local-b|local-c,2,1,1
v4conf-028,21,2000028,role_0=local-a;role_1=local-b;role_2=local-c,SINGLE_PROVIDER_CONGESTED,0,1,1,local-a|local-b|local-c,3,SLO_ESTIMATE_UNSATISFIABLE,best-effort,3,0,3,1,local-b|local-c,2,1,1
v4conf-029,0,2000029,role_0=local-c;role_1=local-a;role_2=local-b,SINGLE_PROVIDER_UNSTABLE,1,1,1,local-a|local-b|local-c,3,WARMUP,warmup,0,3,3,1,local-b|local-c,2,1,1
v4conf-029,1,2000029,role_0=local-c;role_1=local-a;role_2=local-b,SINGLE_PROVIDER_UNSTABLE,1,1,1,local-a|local-b|local-c,3,WARMUP,warmup,0,3,3,1,local-b|local-c,2,1,1
v4conf-029,2,2000029,role_0=local-c;role_1=local-a;role_2=local-b,SINGLE_PROVIDER_UNSTABLE,1,1,1,local-a|local-b|local-c,3,WARMUP,warmup,0,3,3,1,local-b|local-c,2,1,1
v4conf-029,3,2000029,role_0=local-c;role_1=local-a;role_2=local-b,SINGLE_PROVIDER_UNSTABLE,1,1,0,local-a,1,SLO_ESTIMATE_UNSATISFIABLE,best-effort,1,0,1,1,local-b|local-c,2,1,1
v4conf-029,4,2000029,role_0=local-c;role_1=local-a;role_2=local-b,SINGLE_PROVIDER_UNSTABLE,1,1,0,local-a,1,SLO_ESTIMATE_UNSATISFIABLE,best-effort,1,0,1,1,local-b|local-c,2,1,1
v4conf-029,5,2000029,role_0=local-c;role_1=local-a;role_2=local-b,SINGLE_PROVIDER_UNSTABLE,1,1,1,local-a,1,SELECTED,,1,0,1,1,local-b|local-c,2,1,1
v4conf-029,6,2000029,role_0=local-c;role_1=local-a;role_2=local-b,SINGLE_PROVIDER_INVALID_RISK,1,1,0,local-a,1,SELECTED,,1,0,1,1,local-b|local-c,2,1,1
v4conf-029,7,2000029,role_0=local-c;role_1=local-a;role_2=local-b,SINGLE_PROVIDER_INVALID_RISK,1,1,1,local-a,1,SELECTED,,1,3,4,1,local-b|local-c,2,1,1
v4conf-029,8,2000029,role_0=local-c;role_1=local-a;role_2=local-b,SINGLE_PROVIDER_INVALID_RISK,1,1,1,local-a,1,SELECTED,,1,0,1,1,local-b|local-c,2,1,1
v4conf-029,9,2000029,role_0=local-c;role_1=local-a;role_2=local-b,SINGLE_PROVIDER_INVALID_RISK,1,1,0,local-a,1,SELECTED,,1,0,1,1,local-b|local-c,2,1,1
v4conf-029,10,2000029,role_0=local-c;role_1=local-a;role_2=local-b,SINGLE_PROVIDER_CONGESTED,1,1,0,local-a,1,SELECTED,,1,0,1,1,local-b|local-c,2,1,1
v4conf-029,11,2000029,role_0=local-c;role_1=local-a;role_2=local-b,SINGLE_PROVIDER_CONGESTED,1,1,0,local-a,1,SELECTED,,1,0,1,1,local-b|local-c,2,1,1
v4conf-029,12,2000029,role_0=local-c;role_1=local-a;role_2=local-b,SINGLE_PROVIDER_CONGESTED,1,1,0,local-a,1,SELECTED,,1,0,1,1,local-b|local-c,2,1,1
v4conf-029,13,2000029,role_0=local-c;role_1=local-a;role_2=local-b,SINGLE_PROVIDER_CONGESTED,1,1,0,local-a,1,SELECTED,,1,0,1,1,local-b|local-c,2,1,1
v4conf-029,14,2000029,role_0=local-c;role_1=local-a;role_2=local-b,SINGLE_PROVIDER_CONGESTED,1,1,0,local-a,1,SELECTED,,1,0,1,1,local-b|local-c,2,1,1
v4conf-029,15,2000029,role_0=local-c;role_1=local-a;role_2=local-b,SINGLE_PROVIDER_CONGESTED,1,1,0,local-a,1,SELECTED,,1,3,4,1,local-b|local-c,2,1,1
v4conf-029,16,2000029,role_0=local-c;role_1=local-a;role_2=local-b,PAIR_CORRELATED_DEGRADATION,0,1,0,local-a,1,SELECTED,,1,0,1,0,local-b|local-c,2,1,1
v4conf-029,17,2000029,role_0=local-c;role_1=local-a;role_2=local-b,PAIR_CORRELATED_DEGRADATION,0,1,0,local-b,1,SELECTED,,1,0,1,1,local-b|local-c,2,1,1
v4conf-029,18,2000029,role_0=local-c;role_1=local-a;role_2=local-b,PAIR_CORRELATED_DEGRADATION,0,1,0,local-b,1,SELECTED,,1,0,1,1,local-b|local-c,2,1,1
v4conf-029,19,2000029,role_0=local-c;role_1=local-a;role_2=local-b,PAIR_CORRELATED_DEGRADATION,0,1,1,local-b,1,SELECTED,,1,0,1,1,local-b|local-c,2,1,1
v4conf-029,20,2000029,role_0=local-c;role_1=local-a;role_2=local-b,PAIR_CORRELATED_DEGRADATION,1,1,0,local-b,1,SELECTED,,1,0,1,1,local-b|local-c,2,1,1
v4conf-029,21,2000029,role_0=local-c;role_1=local-a;role_2=local-b,PAIR_CORRELATED_DEGRADATION,0,1,0,local-b,1,SELECTED,,1,0,1,1,local-b|local-c,2,1,1
v4conf-030,0,2000030,role_0=local-c;role_1=local-a;role_2=local-b,SINGLE_PROVIDER_CONGESTED,1,1,0,local-a|local-b|local-c,3,WARMUP,warmup,0,3,3,1,local-b|local-c,2,1,1
v4conf-030,1,2000030,role_0=local-c;role_1=local-a;role_2=local-b,SINGLE_PROVIDER_CONGESTED,1,1,0,local-a|local-b|local-c,3,WARMUP,warmup,0,3,3,1,local-b|local-c,2,1,1
v4conf-030,2,2000030,role_0=local-c;role_1=local-a;role_2=local-b,SINGLE_PROVIDER_CONGESTED,1,1,0,local-a|local-b|local-c,3,WARMUP,warmup,0,3,3,1,local-b|local-c,2,1,1
v4conf-030,3,2000030,role_0=local-c;role_1=local-a;role_2=local-b,SINGLE_PROVIDER_CONGESTED,1,1,0,local-a,1,SLO_ESTIMATE_UNSATISFIABLE,best-effort,1,0,1,1,local-b|local-c,2,1,1
v4conf-030,4,2000030,role_0=local-c;role_1=local-a;role_2=local-b,SINGLE_PROVIDER_CONGESTED,1,1,0,local-a,1,SLO_ESTIMATE_UNSATISFIABLE,best-effort,1,0,1,1,local-b|local-c,2,1,1
v4conf-030,5,2000030,role_0=local-c;role_1=local-a;role_2=local-b,SINGLE_PROVIDER_CONGESTED,1,1,0,local-a,1,SELECTED,,1,0,1,1,local-b|local-c,2,1,1
v4conf-030,6,2000030,role_0=local-c;role_1=local-a;role_2=local-b,SINGLE_PROVIDER_CONGESTED,1,1,0,local-a,1,SELECTED,,1,0,1,1,local-b|local-c,2,1,1
v4conf-030,7,2000030,role_0=local-c;role_1=local-a;role_2=local-b,SINGLE_PROVIDER_CONGESTED,1,1,0,local-a,1,SELECTED,,1,3,4,1,local-b|local-c,2,1,1
v4conf-030,8,2000030,role_0=local-c;role_1=local-a;role_2=local-b,SINGLE_PROVIDER_CONGESTED,1,1,0,local-a,1,SELECTED,,1,0,1,1,local-b|local-c,2,1,1
v4conf-030,9,2000030,role_0=local-c;role_1=local-a;role_2=local-b,NORMAL,1,1,1,local-a,1,SELECTED,,1,0,1,1,local-b|local-c,2,1,1
v4conf-030,10,2000030,role_0=local-c;role_1=local-a;role_2=local-b,NORMAL,1,1,1,local-a,1,SELECTED,,1,0,1,1,local-b|local-c,2,1,1
v4conf-030,11,2000030,role_0=local-c;role_1=local-a;role_2=local-b,NORMAL,1,1,1,local-a,1,SELECTED,,1,0,1,1,local-b|local-c,2,1,1
v4conf-030,12,2000030,role_0=local-c;role_1=local-a;role_2=local-b,NORMAL,1,1,1,local-a,1,SELECTED,,1,0,1,1,local-b|local-c,2,1,1
v4conf-030,13,2000030,role_0=local-c;role_1=local-a;role_2=local-b,NORMAL,1,1,1,local-a,1,SELECTED,,1,0,1,1,local-b|local-c,2,1,1
v4conf-030,14,2000030,role_0=local-c;role_1=local-a;role_2=local-b,NORMAL,1,1,1,local-a,1,SELECTED,,1,0,1,1,local-b|local-c,2,1,1
v4conf-030,15,2000030,role_0=local-c;role_1=local-a;role_2=local-b,NORMAL,1,1,1,local-a,1,SELECTED,,1,3,4,1,local-b|local-c,2,1,1
v4conf-030,16,2000030,role_0=local-c;role_1=local-a;role_2=local-b,NORMAL,1,1,1,local-a,1,SELECTED,,1,0,1,1,local-b|local-c,2,1,1
v4conf-030,17,2000030,role_0=local-c;role_1=local-a;role_2=local-b,SINGLE_PROVIDER_UNSTABLE,1,1,1,local-a,1,SELECTED,,1,0,1,1,local-b|local-c,2,1,1
v4conf-030,18,2000030,role_0=local-c;role_1=local-a;role_2=local-b,SINGLE_PROVIDER_UNSTABLE,1,1,0,local-a,1,SELECTED,,1,0,1,1,local-b|local-c,2,1,1
v4conf-030,19,2000030,role_0=local-c;role_1=local-a;role_2=local-b,SINGLE_PROVIDER_UNSTABLE,1,1,0,local-a,1,SELECTED,,1,0,1,1,local-b|local-c,2,1,1
v4conf-030,20,2000030,role_0=local-c;role_1=local-a;role_2=local-b,SINGLE_PROVIDER_UNSTABLE,1,1,1,local-a,1,SELECTED,,1,0,1,1,local-b|local-c,2,1,1
v4conf-030,21,2000030,role_0=local-c;role_1=local-a;role_2=local-b,SINGLE_PROVIDER_UNSTABLE,1,1,1,local-a,1,SELECTED,,1,0,1,1,local-b|local-c,2,1,1
v4conf-031,0,2000031,role_0=local-c;role_1=local-b;role_2=local-a,SINGLE_PROVIDER_CONGESTED,1,1,0,local-a|local-b|local-c,3,WARMUP,warmup,0,3,3,1,local-b|local-c,2,1,1
v4conf-031,1,2000031,role_0=local-c;role_1=local-b;role_2=local-a,SINGLE_PROVIDER_CONGESTED,1,1,0,local-a|local-b|local-c,3,WARMUP,warmup,0,3,3,1,local-b|local-c,2,1,1
v4conf-031,2,2000031,role_0=local-c;role_1=local-b;role_2=local-a,SINGLE_PROVIDER_CONGESTED,1,1,0,local-a|local-b|local-c,3,WARMUP,warmup,0,3,3,1,local-b|local-c,2,1,1
v4conf-031,3,2000031,role_0=local-c;role_1=local-b;role_2=local-a,SINGLE_PROVIDER_CONGESTED,1,1,0,local-a,1,SLO_ESTIMATE_UNSATISFIABLE,best-effort,1,0,1,1,local-b|local-c,2,1,1
v4conf-031,4,2000031,role_0=local-c;role_1=local-b;role_2=local-a,SINGLE_PROVIDER_CONGESTED,1,1,0,local-a,1,SLO_ESTIMATE_UNSATISFIABLE,best-effort,1,0,1,1,local-b|local-c,2,1,1
v4conf-031,5,2000031,role_0=local-c;role_1=local-b;role_2=local-a,SINGLE_PROVIDER_CONGESTED,1,1,0,local-a,1,SELECTED,,1,0,1,1,local-b|local-c,2,1,1
v4conf-031,6,2000031,role_0=local-c;role_1=local-b;role_2=local-a,SINGLE_PROVIDER_CONGESTED,1,1,0,local-a,1,SELECTED,,1,0,1,1,local-b|local-c,2,1,1
v4conf-031,7,2000031,role_0=local-c;role_1=local-b;role_2=local-a,SINGLE_PROVIDER_CONGESTED,1,1,0,local-a,1,SELECTED,,1,3,4,1,local-b|local-c,2,1,1
v4conf-031,8,2000031,role_0=local-c;role_1=local-b;role_2=local-a,SINGLE_PROVIDER_CONGESTED,1,1,0,local-a,1,SELECTED,,1,0,1,1,local-b|local-c,2,1,1
v4conf-031,9,2000031,role_0=local-c;role_1=local-b;role_2=local-a,SINGLE_PROVIDER_CONGESTED,1,1,0,local-a,1,SELECTED,,1,0,1,1,local-b|local-c,2,1,1
v4conf-031,10,2000031,role_0=local-c;role_1=local-b;role_2=local-a,SINGLE_PROVIDER_CONGESTED,1,1,0,local-a,1,SELECTED,,1,0,1,1,local-b|local-c,2,1,1
v4conf-031,11,2000031,role_0=local-c;role_1=local-b;role_2=local-a,SHARED_DEGRADATION,0,0,0,local-a,1,SELECTED,,1,0,1,0,local-b|local-c,2,0,0
v4conf-031,12,2000031,role_0=local-c;role_1=local-b;role_2=local-a,SHARED_DEGRADATION,0,0,1,local-a|local-b,2,SELECTED,,2,0,2,0,local-b|local-c,2,1,1
v4conf-031,13,2000031,role_0=local-c;role_1=local-b;role_2=local-a,SHARED_DEGRADATION,0,0,0,local-a|local-c,2,SELECTED,,2,0,2,0,local-b|local-c,2,0,0
v4conf-031,14,2000031,role_0=local-c;role_1=local-b;role_2=local-a,SHARED_DEGRADATION,0,0,0,local-a|local-b|local-c,3,SELECTED,,3,0,3,0,local-b|local-c,2,0,0
v4conf-031,15,2000031,role_0=local-c;role_1=local-b;role_2=local-a,SHARED_DEGRADATION,0,0,0,local-a|local-b|local-c,3,SLO_ESTIMATE_UNSATISFIABLE,best-effort,3,3,6,0,local-b|local-c,2,0,0
v4conf-031,16,2000031,role_0=local-c;role_1=local-b;role_2=local-a,SHARED_DEGRADATION,0,0,0,local-a|local-b|local-c,3,SLO_ESTIMATE_UNSATISFIABLE,best-effort,3,0,3,0,local-b|local-c,2,0,0
v4conf-031,17,2000031,role_0=local-c;role_1=local-b;role_2=local-a,SHARED_DEGRADATION,0,0,0,local-a|local-b|local-c,3,SLO_ESTIMATE_UNSATISFIABLE,best-effort,3,0,3,0,local-b|local-c,2,0,0
v4conf-031,18,2000031,role_0=local-c;role_1=local-b;role_2=local-a,SINGLE_PROVIDER_UNSTABLE,1,1,0,local-a|local-b|local-c,3,SLO_ESTIMATE_UNSATISFIABLE,best-effort,3,0,3,1,local-b|local-c,2,1,1
v4conf-031,19,2000031,role_0=local-c;role_1=local-b;role_2=local-a,SINGLE_PROVIDER_UNSTABLE,1,1,1,local-a|local-b|local-c,3,SLO_ESTIMATE_UNSATISFIABLE,best-effort,3,0,3,1,local-b|local-c,2,1,1
v4conf-031,20,2000031,role_0=local-c;role_1=local-b;role_2=local-a,SINGLE_PROVIDER_UNSTABLE,1,1,1,local-b|local-c,2,SLO_ESTIMATE_UNSATISFIABLE,best-effort,2,0,2,1,local-b|local-c,2,1,1
v4conf-031,21,2000031,role_0=local-c;role_1=local-b;role_2=local-a,SINGLE_PROVIDER_UNSTABLE,1,1,1,local-b|local-c,2,SLO_ESTIMATE_UNSATISFIABLE,best-effort,2,0,2,1,local-b|local-c,2,1,1
v4conf-032,0,2000032,role_0=local-c;role_1=local-b;role_2=local-a,SHARED_DEGRADATION,0,0,0,local-a|local-b|local-c,3,WARMUP,warmup,0,3,3,0,local-b|local-c,2,0,0
v4conf-032,1,2000032,role_0=local-c;role_1=local-b;role_2=local-a,SHARED_DEGRADATION,0,0,0,local-a|local-b|local-c,3,WARMUP,warmup,0,3,3,0,local-b|local-c,2,0,0
v4conf-032,2,2000032,role_0=local-c;role_1=local-b;role_2=local-a,SHARED_DEGRADATION,0,0,0,local-a|local-b|local-c,3,WARMUP,warmup,0,3,3,0,local-b|local-c,2,0,0
v4conf-032,3,2000032,role_0=local-c;role_1=local-b;role_2=local-a,SHARED_DEGRADATION,0,0,0,local-a,1,SLO_ESTIMATE_UNSATISFIABLE,best-effort,1,0,1,0,local-b|local-c,2,0,0
v4conf-032,4,2000032,role_0=local-c;role_1=local-b;role_2=local-a,SHARED_DEGRADATION,0,0,1,local-b,1,SLO_ESTIMATE_UNSATISFIABLE,best-effort,1,0,1,0,local-b|local-c,2,1,1
v4conf-032,5,2000032,role_0=local-c;role_1=local-b;role_2=local-a,SHARED_DEGRADATION,0,0,0,local-c,1,SLO_ESTIMATE_UNSATISFIABLE,best-effort,1,0,1,0,local-b|local-c,2,0,0
v4conf-032,6,2000032,role_0=local-c;role_1=local-b;role_2=local-a,SHARED_DEGRADATION,0,0,0,local-a|local-b,2,SLO_ESTIMATE_UNSATISFIABLE,best-effort,2,0,2,0,local-b|local-c,2,0,0
v4conf-032,7,2000032,role_0=local-c;role_1=local-b;role_2=local-a,SHARED_DEGRADATION,1,0,0,local-a|local-c,2,SLO_ESTIMATE_UNSATISFIABLE,best-effort,2,3,5,1,local-b|local-c,2,0,1
v4conf-032,8,2000032,role_0=local-c;role_1=local-b;role_2=local-a,SHARED_DEGRADATION,0,1,1,local-a|local-c,2,SLO_ESTIMATE_UNSATISFIABLE,best-effort,2,0,2,1,local-b|local-c,2,1,1
v4conf-032,9,2000032,role_0=local-c;role_1=local-b;role_2=local-a,SINGLE_PROVIDER_INVALID_RISK,1,1,0,local-a|local-c,2,SLO_ESTIMATE_UNSATISFIABLE,best-effort,2,0,2,1,local-b|local-c,2,1,1
v4conf-032,10,2000032,role_0=local-c;role_1=local-b;role_2=local-a,SINGLE_PROVIDER_INVALID_RISK,1,1,1,local-a|local-c,2,SLO_ESTIMATE_UNSATISFIABLE,best-effort,2,0,2,1,local-b|local-c,2,1,1
v4conf-032,11,2000032,role_0=local-c;role_1=local-b;role_2=local-a,SINGLE_PROVIDER_INVALID_RISK,1,1,0,local-a|local-c,2,SLO_ESTIMATE_UNSATISFIABLE,best-effort,2,0,2,1,local-b|local-c,2,1,1
v4conf-032,12,2000032,role_0=local-c;role_1=local-b;role_2=local-a,SINGLE_PROVIDER_INVALID_RISK,1,1,0,local-a|local-c,2,SLO_ESTIMATE_UNSATISFIABLE,best-effort,2,0,2,1,local-b|local-c,2,1,1
v4conf-032,13,2000032,role_0=local-c;role_1=local-b;role_2=local-a,SINGLE_PROVIDER_INVALID_RISK,1,1,0,local-a|local-c,2,SLO_ESTIMATE_UNSATISFIABLE,best-effort,2,0,2,1,local-b|local-c,2,1,1
v4conf-032,14,2000032,role_0=local-c;role_1=local-b;role_2=local-a,SINGLE_PROVIDER_INVALID_RISK,1,1,1,local-a|local-c,2,SLO_ESTIMATE_UNSATISFIABLE,best-effort,2,0,2,1,local-b|local-c,2,1,1
v4conf-032,15,2000032,role_0=local-c;role_1=local-b;role_2=local-a,SINGLE_PROVIDER_INVALID_RISK,1,1,0,local-a|local-c,2,SLO_ESTIMATE_UNSATISFIABLE,best-effort,2,3,5,1,local-b|local-c,2,1,1
v4conf-032,16,2000032,role_0=local-c;role_1=local-b;role_2=local-a,SINGLE_PROVIDER_INVALID_RISK,1,1,1,local-a|local-c,2,SLO_ESTIMATE_UNSATISFIABLE,best-effort,2,0,2,1,local-b|local-c,2,1,1
v4conf-032,17,2000032,role_0=local-c;role_1=local-b;role_2=local-a,SINGLE_PROVIDER_INVALID_RISK,1,1,0,local-a|local-c,2,SELECTED,,2,0,2,1,local-b|local-c,2,1,1
v4conf-032,18,2000032,role_0=local-c;role_1=local-b;role_2=local-a,SINGLE_PROVIDER_UNSTABLE,1,1,0,local-a|local-b,2,SELECTED,,2,0,2,1,local-b|local-c,2,1,1
v4conf-032,19,2000032,role_0=local-c;role_1=local-b;role_2=local-a,SINGLE_PROVIDER_UNSTABLE,1,1,1,local-a,1,SELECTED,,1,0,1,1,local-b|local-c,2,1,1
v4conf-032,20,2000032,role_0=local-c;role_1=local-b;role_2=local-a,SINGLE_PROVIDER_UNSTABLE,1,1,1,local-a,1,SELECTED,,1,0,1,1,local-b|local-c,2,1,1
v4conf-032,21,2000032,role_0=local-c;role_1=local-b;role_2=local-a,SINGLE_PROVIDER_UNSTABLE,1,1,1,local-a,1,SELECTED,,1,0,1,1,local-b|local-c,2,1,1
v4conf-033,0,2000033,role_0=local-b;role_1=local-a;role_2=local-c,SINGLE_PROVIDER_UNSTABLE,1,1,1,local-a|local-b|local-c,3,WARMUP,warmup,0,3,3,1,local-b|local-c,2,1,1
v4conf-033,1,2000033,role_0=local-b;role_1=local-a;role_2=local-c,SINGLE_PROVIDER_UNSTABLE,1,1,1,local-a|local-b|local-c,3,WARMUP,warmup,0,3,3,1,local-b|local-c,2,1,1
v4conf-033,2,2000033,role_0=local-b;role_1=local-a;role_2=local-c,SINGLE_PROVIDER_UNSTABLE,1,1,1,local-a|local-b|local-c,3,WARMUP,warmup,0,3,3,1,local-b|local-c,2,1,1
v4conf-033,3,2000033,role_0=local-b;role_1=local-a;role_2=local-c,SINGLE_PROVIDER_UNSTABLE,1,0,1,local-a,1,SLO_ESTIMATE_UNSATISFIABLE,best-effort,1,0,1,1,local-b|local-c,2,1,1
v4conf-033,4,2000033,role_0=local-b;role_1=local-a;role_2=local-c,SINGLE_PROVIDER_UNSTABLE,1,1,1,local-a,1,SLO_ESTIMATE_UNSATISFIABLE,best-effort,1,0,1,1,local-b|local-c,2,1,1
v4conf-033,5,2000033,role_0=local-b;role_1=local-a;role_2=local-c,SINGLE_PROVIDER_UNSTABLE,1,0,1,local-a,1,SELECTED,,1,0,1,1,local-b|local-c,2,1,1
v4conf-033,6,2000033,role_0=local-b;role_1=local-a;role_2=local-c,SINGLE_PROVIDER_UNSTABLE,1,0,1,local-a,1,SELECTED,,1,0,1,1,local-b|local-c,2,1,1
v4conf-033,7,2000033,role_0=local-b;role_1=local-a;role_2=local-c,SINGLE_PROVIDER_UNSTABLE,1,0,1,local-a,1,SELECTED,,1,3,4,1,local-b|local-c,2,1,1
v4conf-033,8,2000033,role_0=local-b;role_1=local-a;role_2=local-c,SHARED_DEGRADATION,0,0,0,local-a,1,SELECTED,,1,0,1,0,local-b|local-c,2,0,0
v4conf-033,9,2000033,role_0=local-b;role_1=local-a;role_2=local-c,SHARED_DEGRADATION,0,1,0,local-a|local-b,2,SELECTED,,2,0,2,1,local-b|local-c,2,1,1
v4conf-033,10,2000033,role_0=local-b;role_1=local-a;role_2=local-c,SHARED_DEGRADATION,1,0,0,local-a|local-b,2,SELECTED,,2,0,2,1,local-b|local-c,2,0,1
v4conf-033,11,2000033,role_0=local-b;role_1=local-a;role_2=local-c,SHARED_DEGRADATION,1,0,0,local-a|local-b,2,SELECTED,,2,0,2,1,local-b|local-c,2,0,1
v4conf-033,12,2000033,role_0=local-b;role_1=local-a;role_2=local-c,SHARED_DEGRADATION,0,0,0,local-a|local-b,2,SELECTED,,2,0,2,0,local-b|local-c,2,0,0
v4conf-033,13,2000033,role_0=local-b;role_1=local-a;role_2=local-c,SHARED_DEGRADATION,0,1,0,local-a|local-c,2,SELECTED,,2,0,2,0,local-b|local-c,2,1,1
v4conf-033,14,2000033,role_0=local-b;role_1=local-a;role_2=local-c,SHARED_DEGRADATION,0,0,0,local-b|local-c,2,SELECTED,,2,0,2,0,local-b|local-c,2,0,0
v4conf-033,15,2000033,role_0=local-b;role_1=local-a;role_2=local-c,SHARED_DEGRADATION,0,0,0,local-a|local-b|local-c,3,SELECTED,,3,3,6,0,local-b|local-c,2,0,0
v4conf-033,16,2000033,role_0=local-b;role_1=local-a;role_2=local-c,SINGLE_PROVIDER_CONGESTED,1,0,1,local-a|local-b|local-c,3,SLO_ESTIMATE_UNSATISFIABLE,best-effort,3,0,3,1,local-b|local-c,2,1,1
v4conf-033,17,2000033,role_0=local-b;role_1=local-a;role_2=local-c,SINGLE_PROVIDER_CONGESTED,1,0,1,local-a|local-b|local-c,3,SLO_ESTIMATE_UNSATISFIABLE,best-effort,3,0,3,1,local-b|local-c,2,1,1
v4conf-033,18,2000033,role_0=local-b;role_1=local-a;role_2=local-c,SINGLE_PROVIDER_CONGESTED,1,0,1,local-a|local-b|local-c,3,SLO_ESTIMATE_UNSATISFIABLE,best-effort,3,0,3,1,local-b|local-c,2,1,1
v4conf-033,19,2000033,role_0=local-b;role_1=local-a;role_2=local-c,SINGLE_PROVIDER_CONGESTED,1,0,1,local-a|local-b|local-c,3,SLO_ESTIMATE_UNSATISFIABLE,best-effort,3,0,3,1,local-b|local-c,2,1,1
v4conf-033,20,2000033,role_0=local-b;role_1=local-a;role_2=local-c,SINGLE_PROVIDER_CONGESTED,1,0,1,local-a|local-b|local-c,3,SLO_ESTIMATE_UNSATISFIABLE,best-effort,3,0,3,1,local-b|local-c,2,1,1
v4conf-033,21,2000033,role_0=local-b;role_1=local-a;role_2=local-c,SINGLE_PROVIDER_CONGESTED,1,0,1,local-a|local-b|local-c,3,SLO_ESTIMATE_UNSATISFIABLE,best-effort,3,0,3,1,local-b|local-c,2,1,1
v4conf-034,0,2000034,role_0=local-c;role_1=local-a;role_2=local-b,PAIR_CORRELATED_DEGRADATION,0,1,0,local-a|local-b|local-c,3,WARMUP,warmup,0,3,3,1,local-b|local-c,2,1,1
v4conf-034,1,2000034,role_0=local-c;role_1=local-a;role_2=local-b,PAIR_CORRELATED_DEGRADATION,0,1,0,local-a|local-b|local-c,3,WARMUP,warmup,0,3,3,1,local-b|local-c,2,1,1
v4conf-034,2,2000034,role_0=local-c;role_1=local-a;role_2=local-b,PAIR_CORRELATED_DEGRADATION,0,1,0,local-a|local-b|local-c,3,WARMUP,warmup,0,3,3,1,local-b|local-c,2,1,1
v4conf-034,3,2000034,role_0=local-c;role_1=local-a;role_2=local-b,PAIR_CORRELATED_DEGRADATION,0,1,0,local-b,1,SLO_ESTIMATE_UNSATISFIABLE,best-effort,1,0,1,1,local-b|local-c,2,1,1
v4conf-034,4,2000034,role_0=local-c;role_1=local-a;role_2=local-b,PAIR_CORRELATED_DEGRADATION,0,1,0,local-b,1,SLO_ESTIMATE_UNSATISFIABLE,best-effort,1,0,1,1,local-b|local-c,2,1,1
v4conf-034,5,2000034,role_0=local-c;role_1=local-a;role_2=local-b,PAIR_CORRELATED_DEGRADATION,1,1,0,local-b,1,SELECTED,,1,0,1,1,local-b|local-c,2,1,1
v4conf-034,6,2000034,role_0=local-c;role_1=local-a;role_2=local-b,PAIR_CORRELATED_DEGRADATION,0,1,0,local-b,1,SELECTED,,1,0,1,1,local-b|local-c,2,1,1
v4conf-034,7,2000034,role_0=local-c;role_1=local-a;role_2=local-b,SINGLE_PROVIDER_UNSTABLE,1,1,0,local-b,1,SELECTED,,1,3,4,1,local-b|local-c,2,1,1
v4conf-034,8,2000034,role_0=local-c;role_1=local-a;role_2=local-b,SINGLE_PROVIDER_UNSTABLE,1,1,0,local-b,1,SELECTED,,1,0,1,1,local-b|local-c,2,1,1
v4conf-034,9,2000034,role_0=local-c;role_1=local-a;role_2=local-b,SINGLE_PROVIDER_UNSTABLE,1,1,1,local-b,1,SELECTED,,1,0,1,1,local-b|local-c,2,1,1
v4conf-034,10,2000034,role_0=local-c;role_1=local-a;role_2=local-b,SINGLE_PROVIDER_UNSTABLE,1,1,0,local-b,1,SELECTED,,1,0,1,1,local-b|local-c,2,1,1
v4conf-034,11,2000034,role_0=local-c;role_1=local-a;role_2=local-b,SINGLE_PROVIDER_UNSTABLE,1,1,0,local-b,1,SELECTED,,1,0,1,1,local-b|local-c,2,1,1
v4conf-034,12,2000034,role_0=local-c;role_1=local-a;role_2=local-b,SINGLE_PROVIDER_UNSTABLE,1,1,0,local-b,1,SELECTED,,1,0,1,1,local-b|local-c,2,1,1
v4conf-034,13,2000034,role_0=local-c;role_1=local-a;role_2=local-b,SINGLE_PROVIDER_UNSTABLE,1,1,1,local-b,1,SELECTED,,1,0,1,1,local-b|local-c,2,1,1
v4conf-034,14,2000034,role_0=local-c;role_1=local-a;role_2=local-b,SINGLE_PROVIDER_UNSTABLE,1,1,1,local-b,1,SELECTED,,1,0,1,1,local-b|local-c,2,1,1
v4conf-034,15,2000034,role_0=local-c;role_1=local-a;role_2=local-b,SINGLE_PROVIDER_UNSTABLE,1,1,1,local-b,1,SELECTED,,1,3,4,1,local-b|local-c,2,1,1
v4conf-034,16,2000034,role_0=local-c;role_1=local-a;role_2=local-b,SINGLE_PROVIDER_UNSTABLE,1,1,0,local-b,1,SELECTED,,1,0,1,1,local-b|local-c,2,1,1
v4conf-034,17,2000034,role_0=local-c;role_1=local-a;role_2=local-b,SINGLE_PROVIDER_UNSTABLE,1,1,0,local-b,1,SELECTED,,1,0,1,1,local-b|local-c,2,1,1
v4conf-034,18,2000034,role_0=local-c;role_1=local-a;role_2=local-b,SINGLE_PROVIDER_UNSTABLE,1,1,0,local-b,1,SELECTED,,1,0,1,1,local-b|local-c,2,1,1
v4conf-034,19,2000034,role_0=local-c;role_1=local-a;role_2=local-b,PAIR_CORRELATED_DEGRADATION,0,1,0,local-b,1,SELECTED,,1,0,1,1,local-b|local-c,2,1,1
v4conf-034,20,2000034,role_0=local-c;role_1=local-a;role_2=local-b,PAIR_CORRELATED_DEGRADATION,1,1,0,local-b,1,SELECTED,,1,0,1,1,local-b|local-c,2,1,1
v4conf-034,21,2000034,role_0=local-c;role_1=local-a;role_2=local-b,PAIR_CORRELATED_DEGRADATION,0,1,0,local-b,1,SELECTED,,1,0,1,1,local-b|local-c,2,1,1
v4conf-035,0,2000035,role_0=local-a;role_1=local-c;role_2=local-b,PAIR_CORRELATED_DEGRADATION,0,1,0,local-a|local-b|local-c,3,WARMUP,warmup,0,3,3,1,local-b|local-c,2,1,1
v4conf-035,1,2000035,role_0=local-a;role_1=local-c;role_2=local-b,PAIR_CORRELATED_DEGRADATION,1,1,0,local-a|local-b|local-c,3,WARMUP,warmup,0,3,3,1,local-b|local-c,2,1,1
v4conf-035,2,2000035,role_0=local-a;role_1=local-c;role_2=local-b,PAIR_CORRELATED_DEGRADATION,1,1,0,local-a|local-b|local-c,3,WARMUP,warmup,0,3,3,1,local-b|local-c,2,1,1
v4conf-035,3,2000035,role_0=local-a;role_1=local-c;role_2=local-b,PAIR_CORRELATED_DEGRADATION,0,1,0,local-b,1,SLO_ESTIMATE_UNSATISFIABLE,best-effort,1,0,1,1,local-b|local-c,2,1,1
v4conf-035,4,2000035,role_0=local-a;role_1=local-c;role_2=local-b,PAIR_CORRELATED_DEGRADATION,0,1,0,local-b,1,SLO_ESTIMATE_UNSATISFIABLE,best-effort,1,0,1,1,local-b|local-c,2,1,1
v4conf-035,5,2000035,role_0=local-a;role_1=local-c;role_2=local-b,PAIR_CORRELATED_DEGRADATION,0,1,0,local-b,1,SELECTED,,1,0,1,1,local-b|local-c,2,1,1
v4conf-035,6,2000035,role_0=local-a;role_1=local-c;role_2=local-b,PAIR_CORRELATED_DEGRADATION,0,1,0,local-b,1,SELECTED,,1,0,1,1,local-b|local-c,2,1,1
v4conf-035,7,2000035,role_0=local-a;role_1=local-c;role_2=local-b,PAIR_CORRELATED_DEGRADATION,0,1,0,local-b,1,SELECTED,,1,3,4,1,local-b|local-c,2,1,1
v4conf-035,8,2000035,role_0=local-a;role_1=local-c;role_2=local-b,PAIR_CORRELATED_DEGRADATION,0,1,1,local-b,1,SELECTED,,1,0,1,1,local-b|local-c,2,1,1
v4conf-035,9,2000035,role_0=local-a;role_1=local-c;role_2=local-b,SINGLE_PROVIDER_INVALID_RISK,0,1,1,local-b,1,SELECTED,,1,0,1,1,local-b|local-c,2,1,1
v4conf-035,10,2000035,role_0=local-a;role_1=local-c;role_2=local-b,SINGLE_PROVIDER_INVALID_RISK,0,1,1,local-b,1,SELECTED,,1,0,1,1,local-b|local-c,2,1,1
v4conf-035,11,2000035,role_0=local-a;role_1=local-c;role_2=local-b,SINGLE_PROVIDER_INVALID_RISK,1,1,1,local-b,1,SELECTED,,1,0,1,1,local-b|local-c,2,1,1
v4conf-035,12,2000035,role_0=local-a;role_1=local-c;role_2=local-b,SINGLE_PROVIDER_INVALID_RISK,1,1,1,local-b,1,SELECTED,,1,0,1,1,local-b|local-c,2,1,1
v4conf-035,13,2000035,role_0=local-a;role_1=local-c;role_2=local-b,SINGLE_PROVIDER_INVALID_RISK,0,1,1,local-b,1,SELECTED,,1,0,1,1,local-b|local-c,2,1,1
v4conf-035,14,2000035,role_0=local-a;role_1=local-c;role_2=local-b,SINGLE_PROVIDER_INVALID_RISK,1,1,1,local-b,1,SELECTED,,1,0,1,1,local-b|local-c,2,1,1
v4conf-035,15,2000035,role_0=local-a;role_1=local-c;role_2=local-b,SINGLE_PROVIDER_INVALID_RISK,1,1,1,local-b,1,SELECTED,,1,3,4,1,local-b|local-c,2,1,1
v4conf-035,16,2000035,role_0=local-a;role_1=local-c;role_2=local-b,SINGLE_PROVIDER_INVALID_RISK,0,1,1,local-b,1,SELECTED,,1,0,1,1,local-b|local-c,2,1,1
v4conf-035,17,2000035,role_0=local-a;role_1=local-c;role_2=local-b,SINGLE_PROVIDER_INVALID_RISK,0,1,1,local-b,1,SELECTED,,1,0,1,1,local-b|local-c,2,1,1
v4conf-035,18,2000035,role_0=local-a;role_1=local-c;role_2=local-b,SINGLE_PROVIDER_INVALID_RISK,1,1,1,local-b,1,SELECTED,,1,0,1,1,local-b|local-c,2,1,1
v4conf-035,19,2000035,role_0=local-a;role_1=local-c;role_2=local-b,SINGLE_PROVIDER_INVALID_RISK,1,1,1,local-b,1,SELECTED,,1,0,1,1,local-b|local-c,2,1,1
v4conf-035,20,2000035,role_0=local-a;role_1=local-c;role_2=local-b,SINGLE_PROVIDER_INVALID_RISK,0,1,1,local-b,1,SELECTED,,1,0,1,1,local-b|local-c,2,1,1
v4conf-035,21,2000035,role_0=local-a;role_1=local-c;role_2=local-b,SINGLE_PROVIDER_INVALID_RISK,1,1,1,local-b,1,SELECTED,,1,0,1,1,local-b|local-c,2,1,1
v4conf-036,0,2000036,role_0=local-a;role_1=local-b;role_2=local-c,SINGLE_PROVIDER_UNSTABLE,1,1,1,local-a|local-b|local-c,3,WARMUP,warmup,0,3,3,1,local-b|local-c,2,1,1
v4conf-036,1,2000036,role_0=local-a;role_1=local-b;role_2=local-c,SINGLE_PROVIDER_UNSTABLE,0,1,1,local-a|local-b|local-c,3,WARMUP,warmup,0,3,3,1,local-b|local-c,2,1,1
v4conf-036,2,2000036,role_0=local-a;role_1=local-b;role_2=local-c,SINGLE_PROVIDER_UNSTABLE,1,1,1,local-a|local-b|local-c,3,WARMUP,warmup,0,3,3,1,local-b|local-c,2,1,1
v4conf-036,3,2000036,role_0=local-a;role_1=local-b;role_2=local-c,SINGLE_PROVIDER_UNSTABLE,1,1,1,local-b,1,SLO_ESTIMATE_UNSATISFIABLE,best-effort,1,0,1,1,local-b|local-c,2,1,1
v4conf-036,4,2000036,role_0=local-a;role_1=local-b;role_2=local-c,NORMAL,1,1,1,local-b,1,SLO_ESTIMATE_UNSATISFIABLE,best-effort,1,0,1,1,local-b|local-c,2,1,1
v4conf-036,5,2000036,role_0=local-a;role_1=local-b;role_2=local-c,NORMAL,1,1,1,local-b,1,SELECTED,,1,0,1,1,local-b|local-c,2,1,1
v4conf-036,6,2000036,role_0=local-a;role_1=local-b;role_2=local-c,NORMAL,1,1,1,local-b,1,SELECTED,,1,0,1,1,local-b|local-c,2,1,1
v4conf-036,7,2000036,role_0=local-a;role_1=local-b;role_2=local-c,NORMAL,1,1,1,local-b,1,SELECTED,,1,3,4,1,local-b|local-c,2,1,1
v4conf-036,8,2000036,role_0=local-a;role_1=local-b;role_2=local-c,NORMAL,1,1,1,local-b,1,SELECTED,,1,0,1,1,local-b|local-c,2,1,1
v4conf-036,9,2000036,role_0=local-a;role_1=local-b;role_2=local-c,NORMAL,1,1,1,local-b,1,SELECTED,,1,0,1,1,local-b|local-c,2,1,1
v4conf-036,10,2000036,role_0=local-a;role_1=local-b;role_2=local-c,NORMAL,1,1,1,local-b,1,SELECTED,,1,0,1,1,local-b|local-c,2,1,1
v4conf-036,11,2000036,role_0=local-a;role_1=local-b;role_2=local-c,SHARED_DEGRADATION,0,0,0,local-b,1,SELECTED,,1,0,1,0,local-b|local-c,2,0,0
v4conf-036,12,2000036,role_0=local-a;role_1=local-b;role_2=local-c,SHARED_DEGRADATION,0,0,0,local-a|local-b,2,SELECTED,,2,0,2,0,local-b|local-c,2,0,0
v4conf-036,13,2000036,role_0=local-a;role_1=local-b;role_2=local-c,SHARED_DEGRADATION,0,0,0,local-b|local-c,2,SELECTED,,2,0,2,0,local-b|local-c,2,0,0
v4conf-036,14,2000036,role_0=local-a;role_1=local-b;role_2=local-c,SHARED_DEGRADATION,0,0,0,local-a|local-b|local-c,3,SELECTED,,3,0,3,0,local-b|local-c,2,0,0
v4conf-036,15,2000036,role_0=local-a;role_1=local-b;role_2=local-c,SHARED_DEGRADATION,0,0,0,local-a|local-b|local-c,3,SLO_ESTIMATE_UNSATISFIABLE,best-effort,3,3,6,0,local-b|local-c,2,0,0
v4conf-036,16,2000036,role_0=local-a;role_1=local-b;role_2=local-c,SINGLE_PROVIDER_INVALID_RISK,1,1,1,local-a|local-b|local-c,3,SLO_ESTIMATE_UNSATISFIABLE,best-effort,3,0,3,1,local-b|local-c,2,1,1
v4conf-036,17,2000036,role_0=local-a;role_1=local-b;role_2=local-c,SINGLE_PROVIDER_INVALID_RISK,0,1,1,local-a|local-b|local-c,3,SLO_ESTIMATE_UNSATISFIABLE,best-effort,3,0,3,1,local-b|local-c,2,1,1
v4conf-036,18,2000036,role_0=local-a;role_1=local-b;role_2=local-c,SINGLE_PROVIDER_INVALID_RISK,1,1,1,local-a|local-b|local-c,3,SLO_ESTIMATE_UNSATISFIABLE,best-effort,3,0,3,1,local-b|local-c,2,1,1
v4conf-036,19,2000036,role_0=local-a;role_1=local-b;role_2=local-c,SINGLE_PROVIDER_INVALID_RISK,1,1,1,local-a|local-b|local-c,3,SLO_ESTIMATE_UNSATISFIABLE,best-effort,3,0,3,1,local-b|local-c,2,1,1
v4conf-036,20,2000036,role_0=local-a;role_1=local-b;role_2=local-c,SINGLE_PROVIDER_INVALID_RISK,0,1,1,local-a|local-c,2,SLO_ESTIMATE_UNSATISFIABLE,best-effort,2,0,2,1,local-b|local-c,2,1,1
v4conf-036,21,2000036,role_0=local-a;role_1=local-b;role_2=local-c,SINGLE_PROVIDER_INVALID_RISK,0,1,1,local-a|local-c,2,SLO_ESTIMATE_UNSATISFIABLE,best-effort,2,0,2,1,local-b|local-c,2,1,1
v4conf-037,0,2000037,role_0=local-c;role_1=local-a;role_2=local-b,NORMAL,1,1,1,local-a|local-b|local-c,3,WARMUP,warmup,0,3,3,1,local-b|local-c,2,1,1
v4conf-037,1,2000037,role_0=local-c;role_1=local-a;role_2=local-b,NORMAL,1,1,1,local-a|local-b|local-c,3,WARMUP,warmup,0,3,3,1,local-b|local-c,2,1,1
v4conf-037,2,2000037,role_0=local-c;role_1=local-a;role_2=local-b,NORMAL,1,1,1,local-a|local-b|local-c,3,WARMUP,warmup,0,3,3,1,local-b|local-c,2,1,1
v4conf-037,3,2000037,role_0=local-c;role_1=local-a;role_2=local-b,NORMAL,1,1,1,local-a,1,SLO_ESTIMATE_UNSATISFIABLE,best-effort,1,0,1,1,local-b|local-c,2,1,1
v4conf-037,4,2000037,role_0=local-c;role_1=local-a;role_2=local-b,NORMAL,1,1,1,local-a,1,SLO_ESTIMATE_UNSATISFIABLE,best-effort,1,0,1,1,local-b|local-c,2,1,1
v4conf-037,5,2000037,role_0=local-c;role_1=local-a;role_2=local-b,SINGLE_PROVIDER_CONGESTED,1,1,0,local-a,1,SELECTED,,1,0,1,1,local-b|local-c,2,1,1
v4conf-037,6,2000037,role_0=local-c;role_1=local-a;role_2=local-b,SINGLE_PROVIDER_CONGESTED,1,1,0,local-a,1,SELECTED,,1,0,1,1,local-b|local-c,2,1,1
v4conf-037,7,2000037,role_0=local-c;role_1=local-a;role_2=local-b,SINGLE_PROVIDER_CONGESTED,1,1,0,local-a,1,SELECTED,,1,3,4,1,local-b|local-c,2,1,1
v4conf-037,8,2000037,role_0=local-c;role_1=local-a;role_2=local-b,SINGLE_PROVIDER_CONGESTED,1,1,0,local-a,1,SELECTED,,1,0,1,1,local-b|local-c,2,1,1
v4conf-037,9,2000037,role_0=local-c;role_1=local-a;role_2=local-b,SINGLE_PROVIDER_CONGESTED,1,1,0,local-a,1,SELECTED,,1,0,1,1,local-b|local-c,2,1,1
v4conf-037,10,2000037,role_0=local-c;role_1=local-a;role_2=local-b,SINGLE_PROVIDER_CONGESTED,1,1,0,local-a,1,SELECTED,,1,0,1,1,local-b|local-c,2,1,1
v4conf-037,11,2000037,role_0=local-c;role_1=local-a;role_2=local-b,SINGLE_PROVIDER_UNSTABLE,1,1,1,local-a,1,SELECTED,,1,0,1,1,local-b|local-c,2,1,1
v4conf-037,12,2000037,role_0=local-c;role_1=local-a;role_2=local-b,SINGLE_PROVIDER_UNSTABLE,1,1,1,local-a,1,SELECTED,,1,0,1,1,local-b|local-c,2,1,1
v4conf-037,13,2000037,role_0=local-c;role_1=local-a;role_2=local-b,SINGLE_PROVIDER_UNSTABLE,1,1,1,local-a,1,SELECTED,,1,0,1,1,local-b|local-c,2,1,1
v4conf-037,14,2000037,role_0=local-c;role_1=local-a;role_2=local-b,SINGLE_PROVIDER_UNSTABLE,1,1,1,local-a,1,SELECTED,,1,0,1,1,local-b|local-c,2,1,1
v4conf-037,15,2000037,role_0=local-c;role_1=local-a;role_2=local-b,SINGLE_PROVIDER_UNSTABLE,1,1,1,local-a,1,SELECTED,,1,3,4,1,local-b|local-c,2,1,1
v4conf-037,16,2000037,role_0=local-c;role_1=local-a;role_2=local-b,SINGLE_PROVIDER_UNSTABLE,1,1,1,local-a,1,SELECTED,,1,0,1,1,local-b|local-c,2,1,1
v4conf-037,17,2000037,role_0=local-c;role_1=local-a;role_2=local-b,SINGLE_PROVIDER_UNSTABLE,1,1,1,local-a,1,SELECTED,,1,0,1,1,local-b|local-c,2,1,1
v4conf-037,18,2000037,role_0=local-c;role_1=local-a;role_2=local-b,SINGLE_PROVIDER_UNSTABLE,1,1,0,local-a,1,SELECTED,,1,0,1,1,local-b|local-c,2,1,1
v4conf-037,19,2000037,role_0=local-c;role_1=local-a;role_2=local-b,SINGLE_PROVIDER_UNSTABLE,1,1,0,local-a,1,SELECTED,,1,0,1,1,local-b|local-c,2,1,1
v4conf-037,20,2000037,role_0=local-c;role_1=local-a;role_2=local-b,PAIR_CORRELATED_DEGRADATION,0,1,0,local-a,1,SELECTED,,1,0,1,0,local-b|local-c,2,1,1
v4conf-037,21,2000037,role_0=local-c;role_1=local-a;role_2=local-b,PAIR_CORRELATED_DEGRADATION,0,1,0,local-b,1,SELECTED,,1,0,1,1,local-b|local-c,2,1,1
v4conf-038,0,2000038,role_0=local-b;role_1=local-c;role_2=local-a,SINGLE_PROVIDER_INVALID_RISK,1,1,1,local-a|local-b|local-c,3,WARMUP,warmup,0,3,3,1,local-b|local-c,2,1,1
v4conf-038,1,2000038,role_0=local-b;role_1=local-c;role_2=local-a,SINGLE_PROVIDER_INVALID_RISK,1,1,1,local-a|local-b|local-c,3,WARMUP,warmup,0,3,3,1,local-b|local-c,2,1,1
v4conf-038,2,2000038,role_0=local-b;role_1=local-c;role_2=local-a,SINGLE_PROVIDER_INVALID_RISK,1,0,1,local-a|local-b|local-c,3,WARMUP,warmup,0,3,3,1,local-b|local-c,2,1,1
v4conf-038,3,2000038,role_0=local-b;role_1=local-c;role_2=local-a,SINGLE_PROVIDER_INVALID_RISK,1,1,1,local-a,1,SLO_ESTIMATE_UNSATISFIABLE,best-effort,1,0,1,1,local-b|local-c,2,1,1
v4conf-038,4,2000038,role_0=local-b;role_1=local-c;role_2=local-a,SINGLE_PROVIDER_INVALID_RISK,1,0,1,local-a,1,SLO_ESTIMATE_UNSATISFIABLE,best-effort,1,0,1,1,local-b|local-c,2,1,1
v4conf-038,5,2000038,role_0=local-b;role_1=local-c;role_2=local-a,SINGLE_PROVIDER_INVALID_RISK,1,0,1,local-a,1,SELECTED,,1,0,1,1,local-b|local-c,2,1,1
v4conf-038,6,2000038,role_0=local-b;role_1=local-c;role_2=local-a,SINGLE_PROVIDER_INVALID_RISK,1,1,1,local-a,1,SELECTED,,1,0,1,1,local-b|local-c,2,1,1
v4conf-038,7,2000038,role_0=local-b;role_1=local-c;role_2=local-a,SINGLE_PROVIDER_INVALID_RISK,1,1,1,local-a,1,SELECTED,,1,3,4,1,local-b|local-c,2,1,1
v4conf-038,8,2000038,role_0=local-b;role_1=local-c;role_2=local-a,SINGLE_PROVIDER_INVALID_RISK,1,1,1,local-a,1,SELECTED,,1,0,1,1,local-b|local-c,2,1,1
v4conf-038,9,2000038,role_0=local-b;role_1=local-c;role_2=local-a,SHARED_DEGRADATION,0,0,0,local-a,1,SELECTED,,1,0,1,0,local-b|local-c,2,0,0
v4conf-038,10,2000038,role_0=local-b;role_1=local-c;role_2=local-a,SHARED_DEGRADATION,0,0,0,local-a|local-b,2,SELECTED,,2,0,2,0,local-b|local-c,2,0,0
v4conf-038,11,2000038,role_0=local-b;role_1=local-c;role_2=local-a,SHARED_DEGRADATION,1,0,0,local-a|local-c,2,SELECTED,,2,0,2,1,local-b|local-c,2,0,1
v4conf-038,12,2000038,role_0=local-b;role_1=local-c;role_2=local-a,SHARED_DEGRADATION,0,0,0,local-a|local-c,2,SELECTED,,2,0,2,0,local-b|local-c,2,0,0
v4conf-038,13,2000038,role_0=local-b;role_1=local-c;role_2=local-a,SHARED_DEGRADATION,1,0,0,local-a|local-b|local-c,3,SELECTED,,3,0,3,1,local-b|local-c,2,0,1
v4conf-038,14,2000038,role_0=local-b;role_1=local-c;role_2=local-a,SHARED_DEGRADATION,0,0,0,local-a|local-b|local-c,3,SELECTED,,3,0,3,0,local-b|local-c,2,0,0
v4conf-038,15,2000038,role_0=local-b;role_1=local-c;role_2=local-a,PAIR_CORRELATED_DEGRADATION,1,0,0,local-a|local-b|local-c,3,SLO_ESTIMATE_UNSATISFIABLE,best-effort,3,3,6,1,local-b|local-c,2,0,1
v4conf-038,16,2000038,role_0=local-b;role_1=local-c;role_2=local-a,PAIR_CORRELATED_DEGRADATION,1,1,0,local-a|local-b|local-c,3,SLO_ESTIMATE_UNSATISFIABLE,best-effort,3,0,3,1,local-b|local-c,2,1,1
v4conf-038,17,2000038,role_0=local-b;role_1=local-c;role_2=local-a,PAIR_CORRELATED_DEGRADATION,1,0,0,local-a|local-b|local-c,3,SLO_ESTIMATE_UNSATISFIABLE,best-effort,3,0,3,1,local-b|local-c,2,0,1
v4conf-038,18,2000038,role_0=local-b;role_1=local-c;role_2=local-a,PAIR_CORRELATED_DEGRADATION,1,0,1,local-a|local-b|local-c,3,SLO_ESTIMATE_UNSATISFIABLE,best-effort,3,0,3,1,local-b|local-c,2,1,1
v4conf-038,19,2000038,role_0=local-b;role_1=local-c;role_2=local-a,PAIR_CORRELATED_DEGRADATION,1,0,0,local-a|local-b|local-c,3,SLO_ESTIMATE_UNSATISFIABLE,best-effort,3,0,3,1,local-b|local-c,2,0,1
v4conf-038,20,2000038,role_0=local-b;role_1=local-c;role_2=local-a,PAIR_CORRELATED_DEGRADATION,1,0,0,local-a|local-b|local-c,3,SLO_ESTIMATE_UNSATISFIABLE,best-effort,3,0,3,1,local-b|local-c,2,0,1
v4conf-038,21,2000038,role_0=local-b;role_1=local-c;role_2=local-a,PAIR_CORRELATED_DEGRADATION,1,1,0,local-a|local-b|local-c,3,SLO_ESTIMATE_UNSATISFIABLE,best-effort,3,0,3,1,local-b|local-c,2,1,1
v4conf-039,0,2000039,role_0=local-b;role_1=local-c;role_2=local-a,NORMAL,1,1,1,local-a|local-b|local-c,3,WARMUP,warmup,0,3,3,1,local-b|local-c,2,1,1
v4conf-039,1,2000039,role_0=local-b;role_1=local-c;role_2=local-a,NORMAL,1,1,1,local-a|local-b|local-c,3,WARMUP,warmup,0,3,3,1,local-b|local-c,2,1,1
v4conf-039,2,2000039,role_0=local-b;role_1=local-c;role_2=local-a,NORMAL,1,1,1,local-a|local-b|local-c,3,WARMUP,warmup,0,3,3,1,local-b|local-c,2,1,1
v4conf-039,3,2000039,role_0=local-b;role_1=local-c;role_2=local-a,NORMAL,1,1,1,local-a,1,SLO_ESTIMATE_UNSATISFIABLE,best-effort,1,0,1,1,local-b|local-c,2,1,1
v4conf-039,4,2000039,role_0=local-b;role_1=local-c;role_2=local-a,NORMAL,1,1,1,local-a,1,SLO_ESTIMATE_UNSATISFIABLE,best-effort,1,0,1,1,local-b|local-c,2,1,1
v4conf-039,5,2000039,role_0=local-b;role_1=local-c;role_2=local-a,NORMAL,1,1,1,local-a,1,SELECTED,,1,0,1,1,local-b|local-c,2,1,1
v4conf-039,6,2000039,role_0=local-b;role_1=local-c;role_2=local-a,NORMAL,1,1,1,local-a,1,SELECTED,,1,0,1,1,local-b|local-c,2,1,1
v4conf-039,7,2000039,role_0=local-b;role_1=local-c;role_2=local-a,NORMAL,1,1,1,local-a,1,SELECTED,,1,3,4,1,local-b|local-c,2,1,1
v4conf-039,8,2000039,role_0=local-b;role_1=local-c;role_2=local-a,PAIR_CORRELATED_DEGRADATION,1,0,0,local-a,1,SELECTED,,1,0,1,1,local-b|local-c,2,0,1
v4conf-039,9,2000039,role_0=local-b;role_1=local-c;role_2=local-a,PAIR_CORRELATED_DEGRADATION,1,0,0,local-a,1,SELECTED,,1,0,1,1,local-b|local-c,2,0,1
v4conf-039,10,2000039,role_0=local-b;role_1=local-c;role_2=local-a,PAIR_CORRELATED_DEGRADATION,1,0,0,local-a,1,SELECTED,,1,0,1,1,local-b|local-c,2,0,1
v4conf-039,11,2000039,role_0=local-b;role_1=local-c;role_2=local-a,PAIR_CORRELATED_DEGRADATION,1,0,0,local-a,1,SELECTED,,1,0,1,1,local-b|local-c,2,0,1
v4conf-039,12,2000039,role_0=local-b;role_1=local-c;role_2=local-a,PAIR_CORRELATED_DEGRADATION,1,0,0,local-a,1,SELECTED,,1,0,1,1,local-b|local-c,2,0,1
v4conf-039,13,2000039,role_0=local-b;role_1=local-c;role_2=local-a,PAIR_CORRELATED_DEGRADATION,1,0,0,local-a,1,SELECTED,,1,0,1,1,local-b|local-c,2,0,1
v4conf-039,14,2000039,role_0=local-b;role_1=local-c;role_2=local-a,PAIR_CORRELATED_DEGRADATION,1,0,0,local-a,1,SELECTED,,1,0,1,1,local-b|local-c,2,0,1
v4conf-039,15,2000039,role_0=local-b;role_1=local-c;role_2=local-a,PAIR_CORRELATED_DEGRADATION,1,0,1,local-a,1,SELECTED,,1,3,4,1,local-b|local-c,2,1,1
v4conf-039,16,2000039,role_0=local-b;role_1=local-c;role_2=local-a,PAIR_CORRELATED_DEGRADATION,1,0,0,local-a,1,SELECTED,,1,0,1,1,local-b|local-c,2,0,1
v4conf-039,17,2000039,role_0=local-b;role_1=local-c;role_2=local-a,NORMAL,1,1,1,local-a,1,SELECTED,,1,0,1,1,local-b|local-c,2,1,1
v4conf-039,18,2000039,role_0=local-b;role_1=local-c;role_2=local-a,NORMAL,1,1,1,local-a,1,SELECTED,,1,0,1,1,local-b|local-c,2,1,1
v4conf-039,19,2000039,role_0=local-b;role_1=local-c;role_2=local-a,NORMAL,1,1,1,local-a,1,SELECTED,,1,0,1,1,local-b|local-c,2,1,1
v4conf-039,20,2000039,role_0=local-b;role_1=local-c;role_2=local-a,NORMAL,1,1,1,local-a,1,SELECTED,,1,0,1,1,local-b|local-c,2,1,1
v4conf-039,21,2000039,role_0=local-b;role_1=local-c;role_2=local-a,SINGLE_PROVIDER_UNSTABLE,1,0,1,local-a,1,SELECTED,,1,0,1,1,local-b|local-c,2,1,1
v4conf-040,0,2000040,role_0=local-c;role_1=local-a;role_2=local-b,SHARED_DEGRADATION,0,0,0,local-a|local-b|local-c,3,WARMUP,warmup,0,3,3,0,local-b|local-c,2,0,0
v4conf-040,1,2000040,role_0=local-c;role_1=local-a;role_2=local-b,SHARED_DEGRADATION,0,0,0,local-a|local-b|local-c,3,WARMUP,warmup,0,3,3,0,local-b|local-c,2,0,0
v4conf-040,2,2000040,role_0=local-c;role_1=local-a;role_2=local-b,SHARED_DEGRADATION,0,0,0,local-a|local-b|local-c,3,WARMUP,warmup,0,3,3,0,local-b|local-c,2,0,0
v4conf-040,3,2000040,role_0=local-c;role_1=local-a;role_2=local-b,SHARED_DEGRADATION,0,0,0,local-a,1,SLO_ESTIMATE_UNSATISFIABLE,best-effort,1,0,1,0,local-b|local-c,2,0,0
v4conf-040,4,2000040,role_0=local-c;role_1=local-a;role_2=local-b,SHARED_DEGRADATION,0,0,1,local-b,1,SLO_ESTIMATE_UNSATISFIABLE,best-effort,1,0,1,0,local-b|local-c,2,1,1
v4conf-040,5,2000040,role_0=local-c;role_1=local-a;role_2=local-b,SHARED_DEGRADATION,1,0,1,local-c,1,SLO_ESTIMATE_UNSATISFIABLE,best-effort,1,0,1,1,local-b|local-c,2,1,1
v4conf-040,6,2000040,role_0=local-c;role_1=local-a;role_2=local-b,SINGLE_PROVIDER_INVALID_RISK,1,1,0,local-c,1,SLO_ESTIMATE_UNSATISFIABLE,best-effort,1,0,1,0,local-b|local-c,2,1,1
v4conf-040,7,2000040,role_0=local-c;role_1=local-a;role_2=local-b,SINGLE_PROVIDER_INVALID_RISK,1,1,1,local-a|local-c,2,SLO_ESTIMATE_UNSATISFIABLE,best-effort,2,3,5,1,local-b|local-c,2,1,1
v4conf-040,8,2000040,role_0=local-c;role_1=local-a;role_2=local-b,SINGLE_PROVIDER_INVALID_RISK,1,1,0,local-a|local-c,2,SLO_ESTIMATE_UNSATISFIABLE,best-effort,2,0,2,1,local-b|local-c,2,1,1
v4conf-040,9,2000040,role_0=local-c;role_1=local-a;role_2=local-b,SINGLE_PROVIDER_INVALID_RISK,1,1,0,local-a|local-c,2,SLO_ESTIMATE_UNSATISFIABLE,best-effort,2,0,2,1,local-b|local-c,2,1,1
v4conf-040,10,2000040,role_0=local-c;role_1=local-a;role_2=local-b,SINGLE_PROVIDER_INVALID_RISK,1,1,1,local-a|local-c,2,SLO_ESTIMATE_UNSATISFIABLE,best-effort,2,0,2,1,local-b|local-c,2,1,1
v4conf-040,11,2000040,role_0=local-c;role_1=local-a;role_2=local-b,SINGLE_PROVIDER_INVALID_RISK,1,1,1,local-a|local-c,2,SLO_ESTIMATE_UNSATISFIABLE,best-effort,2,0,2,1,local-b|local-c,2,1,1
v4conf-040,12,2000040,role_0=local-c;role_1=local-a;role_2=local-b,SINGLE_PROVIDER_INVALID_RISK,1,1,0,local-a|local-c,2,SLO_ESTIMATE_UNSATISFIABLE,best-effort,2,0,2,1,local-b|local-c,2,1,1
v4conf-040,13,2000040,role_0=local-c;role_1=local-a;role_2=local-b,SINGLE_PROVIDER_INVALID_RISK,1,1,0,local-a|local-c,2,SLO_ESTIMATE_UNSATISFIABLE,best-effort,2,0,2,1,local-b|local-c,2,1,1
v4conf-040,14,2000040,role_0=local-c;role_1=local-a;role_2=local-b,SINGLE_PROVIDER_CONGESTED,1,1,0,local-a|local-c,2,SLO_ESTIMATE_UNSATISFIABLE,best-effort,2,0,2,1,local-b|local-c,2,1,1
v4conf-040,15,2000040,role_0=local-c;role_1=local-a;role_2=local-b,SINGLE_PROVIDER_CONGESTED,1,1,0,local-a|local-c,2,SLO_ESTIMATE_UNSATISFIABLE,best-effort,2,3,5,1,local-b|local-c,2,1,1
v4conf-040,16,2000040,role_0=local-c;role_1=local-a;role_2=local-b,SINGLE_PROVIDER_CONGESTED,1,1,0,local-a|local-c,2,SELECTED,,2,0,2,1,local-b|local-c,2,1,1
v4conf-040,17,2000040,role_0=local-c;role_1=local-a;role_2=local-b,SINGLE_PROVIDER_CONGESTED,1,1,0,local-a,1,SELECTED,,1,0,1,1,local-b|local-c,2,1,1
v4conf-040,18,2000040,role_0=local-c;role_1=local-a;role_2=local-b,PAIR_CORRELATED_DEGRADATION,0,1,0,local-a,1,SELECTED,,1,0,1,0,local-b|local-c,2,1,1
v4conf-040,19,2000040,role_0=local-c;role_1=local-a;role_2=local-b,PAIR_CORRELATED_DEGRADATION,0,1,0,local-a|local-b,2,SELECTED,,2,0,2,1,local-b|local-c,2,1,1
v4conf-040,20,2000040,role_0=local-c;role_1=local-a;role_2=local-b,PAIR_CORRELATED_DEGRADATION,0,1,0,local-a|local-b,2,SELECTED,,2,0,2,1,local-b|local-c,2,1,1
v4conf-040,21,2000040,role_0=local-c;role_1=local-a;role_2=local-b,PAIR_CORRELATED_DEGRADATION,0,1,0,local-a|local-b,2,SELECTED,,2,0,2,1,local-b|local-c,2,1,1
v4conf-041,0,2000041,role_0=local-a;role_1=local-b;role_2=local-c,SINGLE_PROVIDER_UNSTABLE,0,1,1,local-a|local-b|local-c,3,WARMUP,warmup,0,3,3,1,local-b|local-c,2,1,1
v4conf-041,1,2000041,role_0=local-a;role_1=local-b;role_2=local-c,SINGLE_PROVIDER_UNSTABLE,0,1,1,local-a|local-b|local-c,3,WARMUP,warmup,0,3,3,1,local-b|local-c,2,1,1
v4conf-041,2,2000041,role_0=local-a;role_1=local-b;role_2=local-c,SINGLE_PROVIDER_UNSTABLE,0,1,1,local-a|local-b|local-c,3,WARMUP,warmup,0,3,3,1,local-b|local-c,2,1,1
v4conf-041,3,2000041,role_0=local-a;role_1=local-b;role_2=local-c,SINGLE_PROVIDER_UNSTABLE,1,1,1,local-b,1,SLO_ESTIMATE_UNSATISFIABLE,best-effort,1,0,1,1,local-b|local-c,2,1,1
v4conf-041,4,2000041,role_0=local-a;role_1=local-b;role_2=local-c,SINGLE_PROVIDER_UNSTABLE,0,1,1,local-b,1,SLO_ESTIMATE_UNSATISFIABLE,best-effort,1,0,1,1,local-b|local-c,2,1,1
v4conf-041,5,2000041,role_0=local-a;role_1=local-b;role_2=local-c,SINGLE_PROVIDER_UNSTABLE,0,1,1,local-b,1,SELECTED,,1,0,1,1,local-b|local-c,2,1,1
v4conf-041,6,2000041,role_0=local-a;role_1=local-b;role_2=local-c,SINGLE_PROVIDER_INVALID_RISK,0,1,1,local-b,1,SELECTED,,1,0,1,1,local-b|local-c,2,1,1
v4conf-041,7,2000041,role_0=local-a;role_1=local-b;role_2=local-c,SINGLE_PROVIDER_INVALID_RISK,0,1,1,local-b,1,SELECTED,,1,3,4,1,local-b|local-c,2,1,1
v4conf-041,8,2000041,role_0=local-a;role_1=local-b;role_2=local-c,SINGLE_PROVIDER_INVALID_RISK,1,1,1,local-b,1,SELECTED,,1,0,1,1,local-b|local-c,2,1,1
v4conf-041,9,2000041,role_0=local-a;role_1=local-b;role_2=local-c,SINGLE_PROVIDER_INVALID_RISK,1,1,1,local-b,1,SELECTED,,1,0,1,1,local-b|local-c,2,1,1
v4conf-041,10,2000041,role_0=local-a;role_1=local-b;role_2=local-c,SINGLE_PROVIDER_INVALID_RISK,1,1,1,local-b,1,SELECTED,,1,0,1,1,local-b|local-c,2,1,1
v4conf-041,11,2000041,role_0=local-a;role_1=local-b;role_2=local-c,SINGLE_PROVIDER_INVALID_RISK,0,1,1,local-b,1,SELECTED,,1,0,1,1,local-b|local-c,2,1,1
v4conf-041,12,2000041,role_0=local-a;role_1=local-b;role_2=local-c,SINGLE_PROVIDER_INVALID_RISK,1,1,1,local-b,1,SELECTED,,1,0,1,1,local-b|local-c,2,1,1
v4conf-041,13,2000041,role_0=local-a;role_1=local-b;role_2=local-c,SINGLE_PROVIDER_INVALID_RISK,0,1,1,local-b,1,SELECTED,,1,0,1,1,local-b|local-c,2,1,1
v4conf-041,14,2000041,role_0=local-a;role_1=local-b;role_2=local-c,SINGLE_PROVIDER_INVALID_RISK,1,1,1,local-b,1,SELECTED,,1,0,1,1,local-b|local-c,2,1,1
v4conf-041,15,2000041,role_0=local-a;role_1=local-b;role_2=local-c,PAIR_CORRELATED_DEGRADATION,0,0,1,local-b,1,SELECTED,,1,3,4,0,local-b|local-c,2,1,1
v4conf-041,16,2000041,role_0=local-a;role_1=local-b;role_2=local-c,PAIR_CORRELATED_DEGRADATION,0,0,1,local-c,1,SELECTED,,1,0,1,1,local-b|local-c,2,1,1
v4conf-041,17,2000041,role_0=local-a;role_1=local-b;role_2=local-c,PAIR_CORRELATED_DEGRADATION,0,0,1,local-c,1,SELECTED,,1,0,1,1,local-b|local-c,2,1,1
v4conf-041,18,2000041,role_0=local-a;role_1=local-b;role_2=local-c,PAIR_CORRELATED_DEGRADATION,0,1,1,local-c,1,SELECTED,,1,0,1,1,local-b|local-c,2,1,1
v4conf-041,19,2000041,role_0=local-a;role_1=local-b;role_2=local-c,SINGLE_PROVIDER_CONGESTED,0,1,1,local-c,1,SELECTED,,1,0,1,1,local-b|local-c,2,1,1
v4conf-041,20,2000041,role_0=local-a;role_1=local-b;role_2=local-c,SINGLE_PROVIDER_CONGESTED,0,1,1,local-c,1,SELECTED,,1,0,1,1,local-b|local-c,2,1,1
v4conf-041,21,2000041,role_0=local-a;role_1=local-b;role_2=local-c,SINGLE_PROVIDER_CONGESTED,0,1,1,local-c,1,SELECTED,,1,0,1,1,local-b|local-c,2,1,1
v4conf-042,0,2000042,role_0=local-c;role_1=local-b;role_2=local-a,NORMAL,1,1,1,local-a|local-b|local-c,3,WARMUP,warmup,0,3,3,1,local-b|local-c,2,1,1
v4conf-042,1,2000042,role_0=local-c;role_1=local-b;role_2=local-a,NORMAL,1,1,1,local-a|local-b|local-c,3,WARMUP,warmup,0,3,3,1,local-b|local-c,2,1,1
v4conf-042,2,2000042,role_0=local-c;role_1=local-b;role_2=local-a,NORMAL,1,1,1,local-a|local-b|local-c,3,WARMUP,warmup,0,3,3,1,local-b|local-c,2,1,1
v4conf-042,3,2000042,role_0=local-c;role_1=local-b;role_2=local-a,NORMAL,1,1,1,local-a,1,SLO_ESTIMATE_UNSATISFIABLE,best-effort,1,0,1,1,local-b|local-c,2,1,1
v4conf-042,4,2000042,role_0=local-c;role_1=local-b;role_2=local-a,NORMAL,1,1,1,local-a,1,SLO_ESTIMATE_UNSATISFIABLE,best-effort,1,0,1,1,local-b|local-c,2,1,1
v4conf-042,5,2000042,role_0=local-c;role_1=local-b;role_2=local-a,NORMAL,1,1,1,local-a,1,SELECTED,,1,0,1,1,local-b|local-c,2,1,1
v4conf-042,6,2000042,role_0=local-c;role_1=local-b;role_2=local-a,NORMAL,1,1,1,local-a,1,SELECTED,,1,0,1,1,local-b|local-c,2,1,1
v4conf-042,7,2000042,role_0=local-c;role_1=local-b;role_2=local-a,NORMAL,1,1,1,local-a,1,SELECTED,,1,3,4,1,local-b|local-c,2,1,1
v4conf-042,8,2000042,role_0=local-c;role_1=local-b;role_2=local-a,NORMAL,1,1,1,local-a,1,SELECTED,,1,0,1,1,local-b|local-c,2,1,1
v4conf-042,9,2000042,role_0=local-c;role_1=local-b;role_2=local-a,NORMAL,1,1,1,local-a,1,SELECTED,,1,0,1,1,local-b|local-c,2,1,1
v4conf-042,10,2000042,role_0=local-c;role_1=local-b;role_2=local-a,NORMAL,1,1,1,local-a,1,SELECTED,,1,0,1,1,local-b|local-c,2,1,1
v4conf-042,11,2000042,role_0=local-c;role_1=local-b;role_2=local-a,NORMAL,1,1,1,local-a,1,SELECTED,,1,0,1,1,local-b|local-c,2,1,1
v4conf-042,12,2000042,role_0=local-c;role_1=local-b;role_2=local-a,NORMAL,1,1,1,local-a,1,SELECTED,,1,0,1,1,local-b|local-c,2,1,1
v4conf-042,13,2000042,role_0=local-c;role_1=local-b;role_2=local-a,NORMAL,1,1,1,local-a,1,SELECTED,,1,0,1,1,local-b|local-c,2,1,1
v4conf-042,14,2000042,role_0=local-c;role_1=local-b;role_2=local-a,SINGLE_PROVIDER_UNSTABLE,1,1,0,local-a,1,SELECTED,,1,0,1,1,local-b|local-c,2,1,1
v4conf-042,15,2000042,role_0=local-c;role_1=local-b;role_2=local-a,SINGLE_PROVIDER_UNSTABLE,1,1,1,local-a,1,SELECTED,,1,3,4,1,local-b|local-c,2,1,1
v4conf-042,16,2000042,role_0=local-c;role_1=local-b;role_2=local-a,SINGLE_PROVIDER_UNSTABLE,1,1,1,local-a,1,SELECTED,,1,0,1,1,local-b|local-c,2,1,1
v4conf-042,17,2000042,role_0=local-c;role_1=local-b;role_2=local-a,SINGLE_PROVIDER_UNSTABLE,1,1,1,local-a,1,SELECTED,,1,0,1,1,local-b|local-c,2,1,1
v4conf-042,18,2000042,role_0=local-c;role_1=local-b;role_2=local-a,SINGLE_PROVIDER_INVALID_RISK,1,1,1,local-a,1,SELECTED,,1,0,1,1,local-b|local-c,2,1,1
v4conf-042,19,2000042,role_0=local-c;role_1=local-b;role_2=local-a,SINGLE_PROVIDER_INVALID_RISK,1,1,0,local-a,1,SELECTED,,1,0,1,1,local-b|local-c,2,1,1
v4conf-042,20,2000042,role_0=local-c;role_1=local-b;role_2=local-a,SINGLE_PROVIDER_INVALID_RISK,1,1,0,local-a,1,SELECTED,,1,0,1,1,local-b|local-c,2,1,1
v4conf-042,21,2000042,role_0=local-c;role_1=local-b;role_2=local-a,SINGLE_PROVIDER_INVALID_RISK,1,1,0,local-a,1,SELECTED,,1,0,1,1,local-b|local-c,2,1,1
v4conf-043,0,2000043,role_0=local-a;role_1=local-c;role_2=local-b,SINGLE_PROVIDER_UNSTABLE,1,1,1,local-a|local-b|local-c,3,WARMUP,warmup,0,3,3,1,local-b|local-c,2,1,1
v4conf-043,1,2000043,role_0=local-a;role_1=local-c;role_2=local-b,SINGLE_PROVIDER_UNSTABLE,0,1,1,local-a|local-b|local-c,3,WARMUP,warmup,0,3,3,1,local-b|local-c,2,1,1
v4conf-043,2,2000043,role_0=local-a;role_1=local-c;role_2=local-b,SINGLE_PROVIDER_UNSTABLE,0,1,1,local-a|local-b|local-c,3,WARMUP,warmup,0,3,3,1,local-b|local-c,2,1,1
v4conf-043,3,2000043,role_0=local-a;role_1=local-c;role_2=local-b,SINGLE_PROVIDER_UNSTABLE,1,1,1,local-b,1,SLO_ESTIMATE_UNSATISFIABLE,best-effort,1,0,1,1,local-b|local-c,2,1,1
v4conf-043,4,2000043,role_0=local-a;role_1=local-c;role_2=local-b,NORMAL,1,1,1,local-b,1,SLO_ESTIMATE_UNSATISFIABLE,best-effort,1,0,1,1,local-b|local-c,2,1,1
v4conf-043,5,2000043,role_0=local-a;role_1=local-c;role_2=local-b,NORMAL,1,1,1,local-b,1,SELECTED,,1,0,1,1,local-b|local-c,2,1,1
v4conf-043,6,2000043,role_0=local-a;role_1=local-c;role_2=local-b,NORMAL,1,1,1,local-b,1,SELECTED,,1,0,1,1,local-b|local-c,2,1,1
v4conf-043,7,2000043,role_0=local-a;role_1=local-c;role_2=local-b,NORMAL,1,1,1,local-b,1,SELECTED,,1,3,4,1,local-b|local-c,2,1,1
v4conf-043,8,2000043,role_0=local-a;role_1=local-c;role_2=local-b,NORMAL,1,1,1,local-b,1,SELECTED,,1,0,1,1,local-b|local-c,2,1,1
v4conf-043,9,2000043,role_0=local-a;role_1=local-c;role_2=local-b,NORMAL,1,1,1,local-b,1,SELECTED,,1,0,1,1,local-b|local-c,2,1,1
v4conf-043,10,2000043,role_0=local-a;role_1=local-c;role_2=local-b,NORMAL,1,1,1,local-b,1,SELECTED,,1,0,1,1,local-b|local-c,2,1,1
v4conf-043,11,2000043,role_0=local-a;role_1=local-c;role_2=local-b,NORMAL,1,1,1,local-b,1,SELECTED,,1,0,1,1,local-b|local-c,2,1,1
v4conf-043,12,2000043,role_0=local-a;role_1=local-c;role_2=local-b,SINGLE_PROVIDER_CONGESTED,0,1,1,local-b,1,SELECTED,,1,0,1,1,local-b|local-c,2,1,1
v4conf-043,13,2000043,role_0=local-a;role_1=local-c;role_2=local-b,SINGLE_PROVIDER_CONGESTED,0,1,1,local-b,1,SELECTED,,1,0,1,1,local-b|local-c,2,1,1
v4conf-043,14,2000043,role_0=local-a;role_1=local-c;role_2=local-b,SINGLE_PROVIDER_CONGESTED,0,1,1,local-b,1,SELECTED,,1,0,1,1,local-b|local-c,2,1,1
v4conf-043,15,2000043,role_0=local-a;role_1=local-c;role_2=local-b,SINGLE_PROVIDER_CONGESTED,0,1,1,local-b,1,SELECTED,,1,3,4,1,local-b|local-c,2,1,1
v4conf-043,16,2000043,role_0=local-a;role_1=local-c;role_2=local-b,SINGLE_PROVIDER_CONGESTED,0,1,1,local-b,1,SELECTED,,1,0,1,1,local-b|local-c,2,1,1
v4conf-043,17,2000043,role_0=local-a;role_1=local-c;role_2=local-b,SINGLE_PROVIDER_CONGESTED,0,1,1,local-b,1,SELECTED,,1,0,1,1,local-b|local-c,2,1,1
v4conf-043,18,2000043,role_0=local-a;role_1=local-c;role_2=local-b,SINGLE_PROVIDER_CONGESTED,0,1,1,local-b,1,SELECTED,,1,0,1,1,local-b|local-c,2,1,1
v4conf-043,19,2000043,role_0=local-a;role_1=local-c;role_2=local-b,SHARED_DEGRADATION,1,0,0,local-b,1,SELECTED,,1,0,1,0,local-b|local-c,2,0,1
v4conf-043,20,2000043,role_0=local-a;role_1=local-c;role_2=local-b,SHARED_DEGRADATION,0,0,0,local-c,1,SELECTED,,1,0,1,0,local-b|local-c,2,0,0
v4conf-043,21,2000043,role_0=local-a;role_1=local-c;role_2=local-b,SHARED_DEGRADATION,0,0,0,local-a|local-b,2,SELECTED,,2,0,2,0,local-b|local-c,2,0,0
v4conf-044,0,2000044,role_0=local-c;role_1=local-a;role_2=local-b,SINGLE_PROVIDER_CONGESTED,1,1,0,local-a|local-b|local-c,3,WARMUP,warmup,0,3,3,1,local-b|local-c,2,1,1
v4conf-044,1,2000044,role_0=local-c;role_1=local-a;role_2=local-b,SINGLE_PROVIDER_CONGESTED,1,1,0,local-a|local-b|local-c,3,WARMUP,warmup,0,3,3,1,local-b|local-c,2,1,1
v4conf-044,2,2000044,role_0=local-c;role_1=local-a;role_2=local-b,SINGLE_PROVIDER_CONGESTED,1,1,0,local-a|local-b|local-c,3,WARMUP,warmup,0,3,3,1,local-b|local-c,2,1,1
v4conf-044,3,2000044,role_0=local-c;role_1=local-a;role_2=local-b,SINGLE_PROVIDER_CONGESTED,1,1,0,local-a,1,SLO_ESTIMATE_UNSATISFIABLE,best-effort,1,0,1,1,local-b|local-c,2,1,1
v4conf-044,4,2000044,role_0=local-c;role_1=local-a;role_2=local-b,SINGLE_PROVIDER_CONGESTED,1,1,0,local-a,1,SLO_ESTIMATE_UNSATISFIABLE,best-effort,1,0,1,1,local-b|local-c,2,1,1
v4conf-044,5,2000044,role_0=local-c;role_1=local-a;role_2=local-b,SINGLE_PROVIDER_CONGESTED,1,1,0,local-a,1,SELECTED,,1,0,1,1,local-b|local-c,2,1,1
v4conf-044,6,2000044,role_0=local-c;role_1=local-a;role_2=local-b,SINGLE_PROVIDER_CONGESTED,1,1,0,local-a,1,SELECTED,,1,0,1,1,local-b|local-c,2,1,1
v4conf-044,7,2000044,role_0=local-c;role_1=local-a;role_2=local-b,SINGLE_PROVIDER_CONGESTED,1,1,0,local-a,1,SELECTED,,1,3,4,1,local-b|local-c,2,1,1
v4conf-044,8,2000044,role_0=local-c;role_1=local-a;role_2=local-b,SINGLE_PROVIDER_CONGESTED,1,1,0,local-a,1,SELECTED,,1,0,1,1,local-b|local-c,2,1,1
v4conf-044,9,2000044,role_0=local-c;role_1=local-a;role_2=local-b,NORMAL,1,1,1,local-a,1,SELECTED,,1,0,1,1,local-b|local-c,2,1,1
v4conf-044,10,2000044,role_0=local-c;role_1=local-a;role_2=local-b,NORMAL,1,1,1,local-a,1,SELECTED,,1,0,1,1,local-b|local-c,2,1,1
v4conf-044,11,2000044,role_0=local-c;role_1=local-a;role_2=local-b,NORMAL,1,1,1,local-a,1,SELECTED,,1,0,1,1,local-b|local-c,2,1,1
v4conf-044,12,2000044,role_0=local-c;role_1=local-a;role_2=local-b,NORMAL,1,1,1,local-a,1,SELECTED,,1,0,1,1,local-b|local-c,2,1,1
v4conf-044,13,2000044,role_0=local-c;role_1=local-a;role_2=local-b,NORMAL,1,1,1,local-a,1,SELECTED,,1,0,1,1,local-b|local-c,2,1,1
v4conf-044,14,2000044,role_0=local-c;role_1=local-a;role_2=local-b,NORMAL,1,1,1,local-a,1,SELECTED,,1,0,1,1,local-b|local-c,2,1,1
v4conf-044,15,2000044,role_0=local-c;role_1=local-a;role_2=local-b,NORMAL,1,1,1,local-a,1,SELECTED,,1,3,4,1,local-b|local-c,2,1,1
v4conf-044,16,2000044,role_0=local-c;role_1=local-a;role_2=local-b,NORMAL,1,1,1,local-a,1,SELECTED,,1,0,1,1,local-b|local-c,2,1,1
v4conf-044,17,2000044,role_0=local-c;role_1=local-a;role_2=local-b,NORMAL,1,1,1,local-a,1,SELECTED,,1,0,1,1,local-b|local-c,2,1,1
v4conf-044,18,2000044,role_0=local-c;role_1=local-a;role_2=local-b,SINGLE_PROVIDER_CONGESTED,1,1,0,local-a,1,SELECTED,,1,0,1,1,local-b|local-c,2,1,1
v4conf-044,19,2000044,role_0=local-c;role_1=local-a;role_2=local-b,SINGLE_PROVIDER_CONGESTED,1,1,0,local-a,1,SELECTED,,1,0,1,1,local-b|local-c,2,1,1
v4conf-044,20,2000044,role_0=local-c;role_1=local-a;role_2=local-b,SINGLE_PROVIDER_CONGESTED,1,1,0,local-a,1,SELECTED,,1,0,1,1,local-b|local-c,2,1,1
v4conf-044,21,2000044,role_0=local-c;role_1=local-a;role_2=local-b,SINGLE_PROVIDER_CONGESTED,1,1,0,local-a,1,SELECTED,,1,0,1,1,local-b|local-c,2,1,1
v4conf-045,0,2000045,role_0=local-c;role_1=local-a;role_2=local-b,SINGLE_PROVIDER_UNSTABLE,1,1,1,local-a|local-b|local-c,3,WARMUP,warmup,0,3,3,1,local-b|local-c,2,1,1
v4conf-045,1,2000045,role_0=local-c;role_1=local-a;role_2=local-b,SINGLE_PROVIDER_UNSTABLE,1,1,1,local-a|local-b|local-c,3,WARMUP,warmup,0,3,3,1,local-b|local-c,2,1,1
v4conf-045,2,2000045,role_0=local-c;role_1=local-a;role_2=local-b,SINGLE_PROVIDER_UNSTABLE,1,1,0,local-a|local-b|local-c,3,WARMUP,warmup,0,3,3,1,local-b|local-c,2,1,1
v4conf-045,3,2000045,role_0=local-c;role_1=local-a;role_2=local-b,SINGLE_PROVIDER_UNSTABLE,1,1,1,local-a,1,SLO_ESTIMATE_UNSATISFIABLE,best-effort,1,0,1,1,local-b|local-c,2,1,1
v4conf-045,4,2000045,role_0=local-c;role_1=local-a;role_2=local-b,SINGLE_PROVIDER_UNSTABLE,1,1,0,local-a,1,SLO_ESTIMATE_UNSATISFIABLE,best-effort,1,0,1,1,local-b|local-c,2,1,1
v4conf-045,5,2000045,role_0=local-c;role_1=local-a;role_2=local-b,PAIR_CORRELATED_DEGRADATION,0,1,0,local-a,1,SELECTED,,1,0,1,0,local-b|local-c,2,1,1
v4conf-045,6,2000045,role_0=local-c;role_1=local-a;role_2=local-b,PAIR_CORRELATED_DEGRADATION,0,1,0,local-a|local-b,2,SELECTED,,2,0,2,1,local-b|local-c,2,1,1
v4conf-045,7,2000045,role_0=local-c;role_1=local-a;role_2=local-b,PAIR_CORRELATED_DEGRADATION,0,1,0,local-a|local-b,2,SELECTED,,2,3,5,1,local-b|local-c,2,1,1
v4conf-045,8,2000045,role_0=local-c;role_1=local-a;role_2=local-b,PAIR_CORRELATED_DEGRADATION,0,1,1,local-b,1,SELECTED,,1,0,1,1,local-b|local-c,2,1,1
v4conf-045,9,2000045,role_0=local-c;role_1=local-a;role_2=local-b,PAIR_CORRELATED_DEGRADATION,0,1,1,local-b,1,SELECTED,,1,0,1,1,local-b|local-c,2,1,1
v4conf-045,10,2000045,role_0=local-c;role_1=local-a;role_2=local-b,PAIR_CORRELATED_DEGRADATION,0,1,0,local-b,1,SELECTED,,1,0,1,1,local-b|local-c,2,1,1
v4conf-045,11,2000045,role_0=local-c;role_1=local-a;role_2=local-b,PAIR_CORRELATED_DEGRADATION,0,1,0,local-b,1,SELECTED,,1,0,1,1,local-b|local-c,2,1,1
v4conf-045,12,2000045,role_0=local-c;role_1=local-a;role_2=local-b,SINGLE_PROVIDER_CONGESTED,1,1,0,local-b,1,SELECTED,,1,0,1,1,local-b|local-c,2,1,1
v4conf-045,13,2000045,role_0=local-c;role_1=local-a;role_2=local-b,SINGLE_PROVIDER_CONGESTED,1,1,0,local-b,1,SELECTED,,1,0,1,1,local-b|local-c,2,1,1
v4conf-045,14,2000045,role_0=local-c;role_1=local-a;role_2=local-b,SINGLE_PROVIDER_CONGESTED,1,1,0,local-b,1,SELECTED,,1,0,1,1,local-b|local-c,2,1,1
v4conf-045,15,2000045,role_0=local-c;role_1=local-a;role_2=local-b,SINGLE_PROVIDER_CONGESTED,1,1,0,local-b,1,SELECTED,,1,3,4,1,local-b|local-c,2,1,1
v4conf-045,16,2000045,role_0=local-c;role_1=local-a;role_2=local-b,SINGLE_PROVIDER_CONGESTED,1,1,0,local-b,1,SELECTED,,1,0,1,1,local-b|local-c,2,1,1
v4conf-045,17,2000045,role_0=local-c;role_1=local-a;role_2=local-b,SINGLE_PROVIDER_CONGESTED,1,1,0,local-b,1,SELECTED,,1,0,1,1,local-b|local-c,2,1,1
v4conf-045,18,2000045,role_0=local-c;role_1=local-a;role_2=local-b,SINGLE_PROVIDER_CONGESTED,1,1,0,local-b,1,SELECTED,,1,0,1,1,local-b|local-c,2,1,1
v4conf-045,19,2000045,role_0=local-c;role_1=local-a;role_2=local-b,SINGLE_PROVIDER_CONGESTED,1,1,0,local-b,1,SELECTED,,1,0,1,1,local-b|local-c,2,1,1
v4conf-045,20,2000045,role_0=local-c;role_1=local-a;role_2=local-b,SINGLE_PROVIDER_INVALID_RISK,1,1,0,local-b,1,SELECTED,,1,0,1,1,local-b|local-c,2,1,1
v4conf-045,21,2000045,role_0=local-c;role_1=local-a;role_2=local-b,SINGLE_PROVIDER_INVALID_RISK,1,1,0,local-b,1,SELECTED,,1,0,1,1,local-b|local-c,2,1,1
v4conf-046,0,2000046,role_0=local-c;role_1=local-a;role_2=local-b,PAIR_CORRELATED_DEGRADATION,1,1,0,local-a|local-b|local-c,3,WARMUP,warmup,0,3,3,1,local-b|local-c,2,1,1
v4conf-046,1,2000046,role_0=local-c;role_1=local-a;role_2=local-b,PAIR_CORRELATED_DEGRADATION,0,1,0,local-a|local-b|local-c,3,WARMUP,warmup,0,3,3,1,local-b|local-c,2,1,1
v4conf-046,2,2000046,role_0=local-c;role_1=local-a;role_2=local-b,PAIR_CORRELATED_DEGRADATION,0,1,1,local-a|local-b|local-c,3,WARMUP,warmup,0,3,3,1,local-b|local-c,2,1,1
v4conf-046,3,2000046,role_0=local-c;role_1=local-a;role_2=local-b,PAIR_CORRELATED_DEGRADATION,0,1,0,local-b,1,SLO_ESTIMATE_UNSATISFIABLE,best-effort,1,0,1,1,local-b|local-c,2,1,1
v4conf-046,4,2000046,role_0=local-c;role_1=local-a;role_2=local-b,SINGLE_PROVIDER_INVALID_RISK,1,1,1,local-b,1,SLO_ESTIMATE_UNSATISFIABLE,best-effort,1,0,1,1,local-b|local-c,2,1,1
v4conf-046,5,2000046,role_0=local-c;role_1=local-a;role_2=local-b,SINGLE_PROVIDER_INVALID_RISK,1,1,1,local-b,1,SELECTED,,1,0,1,1,local-b|local-c,2,1,1
v4conf-046,6,2000046,role_0=local-c;role_1=local-a;role_2=local-b,SINGLE_PROVIDER_INVALID_RISK,1,1,1,local-b,1,SELECTED,,1,0,1,1,local-b|local-c,2,1,1
v4conf-046,7,2000046,role_0=local-c;role_1=local-a;role_2=local-b,SINGLE_PROVIDER_INVALID_RISK,1,1,1,local-b,1,SELECTED,,1,3,4,1,local-b|local-c,2,1,1
v4conf-046,8,2000046,role_0=local-c;role_1=local-a;role_2=local-b,SINGLE_PROVIDER_INVALID_RISK,1,1,0,local-b,1,SELECTED,,1,0,1,1,local-b|local-c,2,1,1
v4conf-046,9,2000046,role_0=local-c;role_1=local-a;role_2=local-b,SINGLE_PROVIDER_INVALID_RISK,1,1,1,local-b,1,SELECTED,,1,0,1,1,local-b|local-c,2,1,1
v4conf-046,10,2000046,role_0=local-c;role_1=local-a;role_2=local-b,SINGLE_PROVIDER_INVALID_RISK,1,1,0,local-b,1,SELECTED,,1,0,1,1,local-b|local-c,2,1,1
v4conf-046,11,2000046,role_0=local-c;role_1=local-a;role_2=local-b,SINGLE_PROVIDER_INVALID_RISK,1,1,0,local-b,1,SELECTED,,1,0,1,1,local-b|local-c,2,1,1
v4conf-046,12,2000046,role_0=local-c;role_1=local-a;role_2=local-b,SINGLE_PROVIDER_INVALID_RISK,1,1,0,local-b,1,SELECTED,,1,0,1,1,local-b|local-c,2,1,1
v4conf-046,13,2000046,role_0=local-c;role_1=local-a;role_2=local-b,SINGLE_PROVIDER_INVALID_RISK,1,1,1,local-b,1,SELECTED,,1,0,1,1,local-b|local-c,2,1,1
v4conf-046,14,2000046,role_0=local-c;role_1=local-a;role_2=local-b,SINGLE_PROVIDER_INVALID_RISK,1,1,1,local-b,1,SELECTED,,1,0,1,1,local-b|local-c,2,1,1
v4conf-046,15,2000046,role_0=local-c;role_1=local-a;role_2=local-b,SINGLE_PROVIDER_INVALID_RISK,1,1,1,local-b,1,SELECTED,,1,3,4,1,local-b|local-c,2,1,1
v4conf-046,16,2000046,role_0=local-c;role_1=local-a;role_2=local-b,SINGLE_PROVIDER_INVALID_RISK,1,1,0,local-b,1,SELECTED,,1,0,1,1,local-b|local-c,2,1,1
v4conf-046,17,2000046,role_0=local-c;role_1=local-a;role_2=local-b,SINGLE_PROVIDER_INVALID_RISK,1,1,1,local-b,1,SELECTED,,1,0,1,1,local-b|local-c,2,1,1
v4conf-046,18,2000046,role_0=local-c;role_1=local-a;role_2=local-b,SINGLE_PROVIDER_INVALID_RISK,1,1,0,local-b,1,SELECTED,,1,0,1,1,local-b|local-c,2,1,1
v4conf-046,19,2000046,role_0=local-c;role_1=local-a;role_2=local-b,SINGLE_PROVIDER_INVALID_RISK,1,1,0,local-b,1,SELECTED,,1,0,1,1,local-b|local-c,2,1,1
v4conf-046,20,2000046,role_0=local-c;role_1=local-a;role_2=local-b,SINGLE_PROVIDER_INVALID_RISK,1,1,0,local-b,1,SELECTED,,1,0,1,1,local-b|local-c,2,1,1
v4conf-046,21,2000046,role_0=local-c;role_1=local-a;role_2=local-b,SINGLE_PROVIDER_INVALID_RISK,1,1,0,local-b,1,SELECTED,,1,0,1,1,local-b|local-c,2,1,1
v4conf-047,0,2000047,role_0=local-b;role_1=local-a;role_2=local-c,PAIR_CORRELATED_DEGRADATION,0,0,1,local-a|local-b|local-c,3,WARMUP,warmup,0,3,3,1,local-b|local-c,2,1,1
v4conf-047,1,2000047,role_0=local-b;role_1=local-a;role_2=local-c,PAIR_CORRELATED_DEGRADATION,0,0,1,local-a|local-b|local-c,3,WARMUP,warmup,0,3,3,1,local-b|local-c,2,1,1
v4conf-047,2,2000047,role_0=local-b;role_1=local-a;role_2=local-c,PAIR_CORRELATED_DEGRADATION,0,1,1,local-a|local-b|local-c,3,WARMUP,warmup,0,3,3,1,local-b|local-c,2,1,1
v4conf-047,3,2000047,role_0=local-b;role_1=local-a;role_2=local-c,PAIR_CORRELATED_DEGRADATION,0,0,1,local-c,1,SLO_ESTIMATE_UNSATISFIABLE,best-effort,1,0,1,1,local-b|local-c,2,1,1
v4conf-047,4,2000047,role_0=local-b;role_1=local-a;role_2=local-c,PAIR_CORRELATED_DEGRADATION,0,0,1,local-c,1,SLO_ESTIMATE_UNSATISFIABLE,best-effort,1,0,1,1,local-b|local-c,2,1,1
v4conf-047,5,2000047,role_0=local-b;role_1=local-a;role_2=local-c,PAIR_CORRELATED_DEGRADATION,0,0,1,local-c,1,SELECTED,,1,0,1,1,local-b|local-c,2,1,1
v4conf-047,6,2000047,role_0=local-b;role_1=local-a;role_2=local-c,PAIR_CORRELATED_DEGRADATION,0,0,1,local-c,1,SELECTED,,1,0,1,1,local-b|local-c,2,1,1
v4conf-047,7,2000047,role_0=local-b;role_1=local-a;role_2=local-c,PAIR_CORRELATED_DEGRADATION,1,0,1,local-c,1,SELECTED,,1,3,4,1,local-b|local-c,2,1,1
v4conf-047,8,2000047,role_0=local-b;role_1=local-a;role_2=local-c,PAIR_CORRELATED_DEGRADATION,0,0,1,local-c,1,SELECTED,,1,0,1,1,local-b|local-c,2,1,1
v4conf-047,9,2000047,role_0=local-b;role_1=local-a;role_2=local-c,PAIR_CORRELATED_DEGRADATION,0,0,1,local-c,1,SELECTED,,1,0,1,1,local-b|local-c,2,1,1
v4conf-047,10,2000047,role_0=local-b;role_1=local-a;role_2=local-c,PAIR_CORRELATED_DEGRADATION,1,0,1,local-c,1,SELECTED,,1,0,1,1,local-b|local-c,2,1,1
v4conf-047,11,2000047,role_0=local-b;role_1=local-a;role_2=local-c,SINGLE_PROVIDER_CONGESTED,1,0,1,local-c,1,SELECTED,,1,0,1,1,local-b|local-c,2,1,1
v4conf-047,12,2000047,role_0=local-b;role_1=local-a;role_2=local-c,SINGLE_PROVIDER_CONGESTED,1,0,1,local-c,1,SELECTED,,1,0,1,1,local-b|local-c,2,1,1
v4conf-047,13,2000047,role_0=local-b;role_1=local-a;role_2=local-c,SINGLE_PROVIDER_CONGESTED,1,0,1,local-c,1,SELECTED,,1,0,1,1,local-b|local-c,2,1,1
v4conf-047,14,2000047,role_0=local-b;role_1=local-a;role_2=local-c,SINGLE_PROVIDER_CONGESTED,1,0,1,local-c,1,SELECTED,,1,0,1,1,local-b|local-c,2,1,1
v4conf-047,15,2000047,role_0=local-b;role_1=local-a;role_2=local-c,SINGLE_PROVIDER_CONGESTED,1,0,1,local-c,1,SELECTED,,1,3,4,1,local-b|local-c,2,1,1
v4conf-047,16,2000047,role_0=local-b;role_1=local-a;role_2=local-c,SINGLE_PROVIDER_CONGESTED,1,0,1,local-c,1,SELECTED,,1,0,1,1,local-b|local-c,2,1,1
v4conf-047,17,2000047,role_0=local-b;role_1=local-a;role_2=local-c,SINGLE_PROVIDER_CONGESTED,1,0,1,local-c,1,SELECTED,,1,0,1,1,local-b|local-c,2,1,1
v4conf-047,18,2000047,role_0=local-b;role_1=local-a;role_2=local-c,SINGLE_PROVIDER_CONGESTED,1,0,1,local-c,1,SELECTED,,1,0,1,1,local-b|local-c,2,1,1
v4conf-047,19,2000047,role_0=local-b;role_1=local-a;role_2=local-c,SINGLE_PROVIDER_CONGESTED,1,0,1,local-c,1,SELECTED,,1,0,1,1,local-b|local-c,2,1,1
v4conf-047,20,2000047,role_0=local-b;role_1=local-a;role_2=local-c,SINGLE_PROVIDER_UNSTABLE,1,1,1,local-c,1,SELECTED,,1,0,1,1,local-b|local-c,2,1,1
v4conf-047,21,2000047,role_0=local-b;role_1=local-a;role_2=local-c,SINGLE_PROVIDER_UNSTABLE,1,0,1,local-c,1,SELECTED,,1,0,1,1,local-b|local-c,2,1,1
v4conf-048,0,2000048,role_0=local-c;role_1=local-b;role_2=local-a,SINGLE_PROVIDER_CONGESTED,1,1,0,local-a|local-b|local-c,3,WARMUP,warmup,0,3,3,1,local-b|local-c,2,1,1
v4conf-048,1,2000048,role_0=local-c;role_1=local-b;role_2=local-a,SINGLE_PROVIDER_CONGESTED,1,1,0,local-a|local-b|local-c,3,WARMUP,warmup,0,3,3,1,local-b|local-c,2,1,1
v4conf-048,2,2000048,role_0=local-c;role_1=local-b;role_2=local-a,SINGLE_PROVIDER_CONGESTED,1,1,0,local-a|local-b|local-c,3,WARMUP,warmup,0,3,3,1,local-b|local-c,2,1,1
v4conf-048,3,2000048,role_0=local-c;role_1=local-b;role_2=local-a,SINGLE_PROVIDER_CONGESTED,1,1,0,local-a,1,SLO_ESTIMATE_UNSATISFIABLE,best-effort,1,0,1,1,local-b|local-c,2,1,1
v4conf-048,4,2000048,role_0=local-c;role_1=local-b;role_2=local-a,PAIR_CORRELATED_DEGRADATION,1,1,0,local-a,1,SLO_ESTIMATE_UNSATISFIABLE,best-effort,1,0,1,1,local-b|local-c,2,1,1
v4conf-048,5,2000048,role_0=local-c;role_1=local-b;role_2=local-a,PAIR_CORRELATED_DEGRADATION,1,0,0,local-a,1,SELECTED,,1,0,1,1,local-b|local-c,2,0,1
v4conf-048,6,2000048,role_0=local-c;role_1=local-b;role_2=local-a,PAIR_CORRELATED_DEGRADATION,1,0,1,local-a,1,SELECTED,,1,0,1,1,local-b|local-c,2,1,1
v4conf-048,7,2000048,role_0=local-c;role_1=local-b;role_2=local-a,PAIR_CORRELATED_DEGRADATION,1,0,0,local-a,1,SELECTED,,1,3,4,1,local-b|local-c,2,0,1
v4conf-048,8,2000048,role_0=local-c;role_1=local-b;role_2=local-a,PAIR_CORRELATED_DEGRADATION,1,0,0,local-a,1,SELECTED,,1,0,1,1,local-b|local-c,2,0,1
v4conf-048,9,2000048,role_0=local-c;role_1=local-b;role_2=local-a,PAIR_CORRELATED_DEGRADATION,1,0,0,local-a,1,SELECTED,,1,0,1,1,local-b|local-c,2,0,1
v4conf-048,10,2000048,role_0=local-c;role_1=local-b;role_2=local-a,SHARED_DEGRADATION,1,0,0,local-a,1,SELECTED,,1,0,1,1,local-b|local-c,2,0,1
v4conf-048,11,2000048,role_0=local-c;role_1=local-b;role_2=local-a,SHARED_DEGRADATION,0,0,0,local-a,1,SELECTED,,1,0,1,0,local-b|local-c,2,0,0
v4conf-048,12,2000048,role_0=local-c;role_1=local-b;role_2=local-a,SHARED_DEGRADATION,0,0,0,local-a|local-b,2,SELECTED,,2,0,2,0,local-b|local-c,2,0,0
v4conf-048,13,2000048,role_0=local-c;role_1=local-b;role_2=local-a,SHARED_DEGRADATION,0,0,0,local-a|local-c,2,SELECTED,,2,0,2,0,local-b|local-c,2,0,0
v4conf-048,14,2000048,role_0=local-c;role_1=local-b;role_2=local-a,SHARED_DEGRADATION,0,0,1,local-a|local-b|local-c,3,SELECTED,,3,0,3,1,local-b|local-c,2,1,1
v4conf-048,15,2000048,role_0=local-c;role_1=local-b;role_2=local-a,SHARED_DEGRADATION,0,0,0,local-a|local-b|local-c,3,SELECTED,,3,3,6,0,local-b|local-c,2,0,0
v4conf-048,16,2000048,role_0=local-c;role_1=local-b;role_2=local-a,NORMAL,1,1,1,local-a|local-b|local-c,3,SLO_ESTIMATE_UNSATISFIABLE,best-effort,3,0,3,1,local-b|local-c,2,1,1
v4conf-048,17,2000048,role_0=local-c;role_1=local-b;role_2=local-a,NORMAL,1,1,1,local-a|local-b|local-c,3,SLO_ESTIMATE_UNSATISFIABLE,best-effort,3,0,3,1,local-b|local-c,2,1,1
v4conf-048,18,2000048,role_0=local-c;role_1=local-b;role_2=local-a,NORMAL,1,1,1,local-a|local-b|local-c,3,SLO_ESTIMATE_UNSATISFIABLE,best-effort,3,0,3,1,local-b|local-c,2,1,1
v4conf-048,19,2000048,role_0=local-c;role_1=local-b;role_2=local-a,NORMAL,1,1,1,local-a|local-b|local-c,3,SLO_ESTIMATE_UNSATISFIABLE,best-effort,3,0,3,1,local-b|local-c,2,1,1
v4conf-048,20,2000048,role_0=local-c;role_1=local-b;role_2=local-a,NORMAL,1,1,1,local-a|local-b|local-c,3,SLO_ESTIMATE_UNSATISFIABLE,best-effort,3,0,3,1,local-b|local-c,2,1,1
v4conf-048,21,2000048,role_0=local-c;role_1=local-b;role_2=local-a,NORMAL,1,1,1,local-a|local-b|local-c,3,SLO_ESTIMATE_UNSATISFIABLE,best-effort,3,0,3,1,local-b|local-c,2,1,1
v4conf-049,0,2000049,role_0=local-c;role_1=local-b;role_2=local-a,SHARED_DEGRADATION,0,0,0,local-a|local-b|local-c,3,WARMUP,warmup,0,3,3,0,local-b|local-c,2,0,0
v4conf-049,1,2000049,role_0=local-c;role_1=local-b;role_2=local-a,SHARED_DEGRADATION,0,0,0,local-a|local-b|local-c,3,WARMUP,warmup,0,3,3,0,local-b|local-c,2,0,0
v4conf-049,2,2000049,role_0=local-c;role_1=local-b;role_2=local-a,SHARED_DEGRADATION,0,0,0,local-a|local-b|local-c,3,WARMUP,warmup,0,3,3,0,local-b|local-c,2,0,0
v4conf-049,3,2000049,role_0=local-c;role_1=local-b;role_2=local-a,SHARED_DEGRADATION,0,1,0,local-a,1,SLO_ESTIMATE_UNSATISFIABLE,best-effort,1,0,1,0,local-b|local-c,2,1,1
v4conf-049,4,2000049,role_0=local-c;role_1=local-b;role_2=local-a,SHARED_DEGRADATION,0,0,0,local-b,1,SLO_ESTIMATE_UNSATISFIABLE,best-effort,1,0,1,0,local-b|local-c,2,0,0
v4conf-049,5,2000049,role_0=local-c;role_1=local-b;role_2=local-a,SHARED_DEGRADATION,0,0,0,local-c,1,SLO_ESTIMATE_UNSATISFIABLE,best-effort,1,0,1,0,local-b|local-c,2,0,0
v4conf-049,6,2000049,role_0=local-c;role_1=local-b;role_2=local-a,SHARED_DEGRADATION,0,0,0,local-a|local-b,2,SLO_ESTIMATE_UNSATISFIABLE,best-effort,2,0,2,0,local-b|local-c,2,0,0
v4conf-049,7,2000049,role_0=local-c;role_1=local-b;role_2=local-a,SHARED_DEGRADATION,0,0,0,local-a|local-c,2,SLO_ESTIMATE_UNSATISFIABLE,best-effort,2,3,5,0,local-b|local-c,2,0,0
v4conf-049,8,2000049,role_0=local-c;role_1=local-b;role_2=local-a,NORMAL,1,1,1,local-a|local-c,2,SLO_ESTIMATE_UNSATISFIABLE,best-effort,2,0,2,1,local-b|local-c,2,1,1
v4conf-049,9,2000049,role_0=local-c;role_1=local-b;role_2=local-a,NORMAL,1,1,1,local-a|local-c,2,SLO_ESTIMATE_UNSATISFIABLE,best-effort,2,0,2,1,local-b|local-c,2,1,1
v4conf-049,10,2000049,role_0=local-c;role_1=local-b;role_2=local-a,NORMAL,1,1,1,local-a|local-c,2,SLO_ESTIMATE_UNSATISFIABLE,best-effort,2,0,2,1,local-b|local-c,2,1,1
v4conf-049,11,2000049,role_0=local-c;role_1=local-b;role_2=local-a,NORMAL,1,1,1,local-a|local-c,2,SLO_ESTIMATE_UNSATISFIABLE,best-effort,2,0,2,1,local-b|local-c,2,1,1
v4conf-049,12,2000049,role_0=local-c;role_1=local-b;role_2=local-a,NORMAL,1,1,1,local-a|local-c,2,SLO_ESTIMATE_UNSATISFIABLE,best-effort,2,0,2,1,local-b|local-c,2,1,1
v4conf-049,13,2000049,role_0=local-c;role_1=local-b;role_2=local-a,NORMAL,1,1,1,local-a|local-c,2,SLO_ESTIMATE_UNSATISFIABLE,best-effort,2,0,2,1,local-b|local-c,2,1,1
v4conf-049,14,2000049,role_0=local-c;role_1=local-b;role_2=local-a,NORMAL,1,1,1,local-a,1,SLO_ESTIMATE_UNSATISFIABLE,best-effort,1,0,1,1,local-b|local-c,2,1,1
v4conf-049,15,2000049,role_0=local-c;role_1=local-b;role_2=local-a,NORMAL,1,1,1,local-a,1,SLO_ESTIMATE_UNSATISFIABLE,best-effort,1,3,4,1,local-b|local-c,2,1,1
v4conf-049,16,2000049,role_0=local-c;role_1=local-b;role_2=local-a,NORMAL,1,1,1,local-a,1,SLO_ESTIMATE_UNSATISFIABLE,best-effort,1,0,1,1,local-b|local-c,2,1,1
v4conf-049,17,2000049,role_0=local-c;role_1=local-b;role_2=local-a,NORMAL,1,1,1,local-a,1,SLO_ESTIMATE_UNSATISFIABLE,best-effort,1,0,1,1,local-b|local-c,2,1,1
v4conf-049,18,2000049,role_0=local-c;role_1=local-b;role_2=local-a,NORMAL,1,1,1,local-a,1,SELECTED,,1,0,1,1,local-b|local-c,2,1,1
v4conf-049,19,2000049,role_0=local-c;role_1=local-b;role_2=local-a,NORMAL,1,1,1,local-a,1,SELECTED,,1,0,1,1,local-b|local-c,2,1,1
v4conf-049,20,2000049,role_0=local-c;role_1=local-b;role_2=local-a,NORMAL,1,1,1,local-a,1,SELECTED,,1,0,1,1,local-b|local-c,2,1,1
v4conf-049,21,2000049,role_0=local-c;role_1=local-b;role_2=local-a,NORMAL,1,1,1,local-a,1,SELECTED,,1,0,1,1,local-b|local-c,2,1,1
v4conf-050,0,2000050,role_0=local-a;role_1=local-b;role_2=local-c,SINGLE_PROVIDER_INVALID_RISK,1,1,1,local-a|local-b|local-c,3,WARMUP,warmup,0,3,3,1,local-b|local-c,2,1,1
v4conf-050,1,2000050,role_0=local-a;role_1=local-b;role_2=local-c,SINGLE_PROVIDER_INVALID_RISK,1,1,1,local-a|local-b|local-c,3,WARMUP,warmup,0,3,3,1,local-b|local-c,2,1,1
v4conf-050,2,2000050,role_0=local-a;role_1=local-b;role_2=local-c,SINGLE_PROVIDER_INVALID_RISK,1,1,1,local-a|local-b|local-c,3,WARMUP,warmup,0,3,3,1,local-b|local-c,2,1,1
v4conf-050,3,2000050,role_0=local-a;role_1=local-b;role_2=local-c,SINGLE_PROVIDER_INVALID_RISK,1,1,1,local-a,1,SLO_ESTIMATE_UNSATISFIABLE,best-effort,1,0,1,1,local-b|local-c,2,1,1
v4conf-050,4,2000050,role_0=local-a;role_1=local-b;role_2=local-c,SINGLE_PROVIDER_INVALID_RISK,1,1,1,local-a,1,SLO_ESTIMATE_UNSATISFIABLE,best-effort,1,0,1,1,local-b|local-c,2,1,1
v4conf-050,5,2000050,role_0=local-a;role_1=local-b;role_2=local-c,SINGLE_PROVIDER_INVALID_RISK,0,1,1,local-a,1,SELECTED,,1,0,1,0,local-b|local-c,2,1,1
v4conf-050,6,2000050,role_0=local-a;role_1=local-b;role_2=local-c,SINGLE_PROVIDER_INVALID_RISK,1,1,1,local-a|local-b,2,SELECTED,,2,0,2,1,local-b|local-c,2,1,1
v4conf-050,7,2000050,role_0=local-a;role_1=local-b;role_2=local-c,SINGLE_PROVIDER_INVALID_RISK,1,1,1,local-a|local-b,2,SELECTED,,2,3,5,1,local-b|local-c,2,1,1
v4conf-050,8,2000050,role_0=local-a;role_1=local-b;role_2=local-c,SINGLE_PROVIDER_INVALID_RISK,1,1,1,local-b,1,SELECTED,,1,0,1,1,local-b|local-c,2,1,1
v4conf-050,9,2000050,role_0=local-a;role_1=local-b;role_2=local-c,SINGLE_PROVIDER_UNSTABLE,1,1,1,local-b,1,SELECTED,,1,0,1,1,local-b|local-c,2,1,1
v4conf-050,10,2000050,role_0=local-a;role_1=local-b;role_2=local-c,SINGLE_PROVIDER_UNSTABLE,1,1,1,local-b,1,SELECTED,,1,0,1,1,local-b|local-c,2,1,1
v4conf-050,11,2000050,role_0=local-a;role_1=local-b;role_2=local-c,SINGLE_PROVIDER_UNSTABLE,0,1,1,local-b,1,SELECTED,,1,0,1,1,local-b|local-c,2,1,1
v4conf-050,12,2000050,role_0=local-a;role_1=local-b;role_2=local-c,SINGLE_PROVIDER_UNSTABLE,1,1,1,local-b,1,SELECTED,,1,0,1,1,local-b|local-c,2,1,1
v4conf-050,13,2000050,role_0=local-a;role_1=local-b;role_2=local-c,SINGLE_PROVIDER_UNSTABLE,0,1,1,local-b,1,SELECTED,,1,0,1,1,local-b|local-c,2,1,1
v4conf-050,14,2000050,role_0=local-a;role_1=local-b;role_2=local-c,NORMAL,1,1,1,local-b,1,SELECTED,,1,0,1,1,local-b|local-c,2,1,1
v4conf-050,15,2000050,role_0=local-a;role_1=local-b;role_2=local-c,NORMAL,1,1,1,local-b,1,SELECTED,,1,3,4,1,local-b|local-c,2,1,1
v4conf-050,16,2000050,role_0=local-a;role_1=local-b;role_2=local-c,NORMAL,1,1,1,local-b,1,SELECTED,,1,0,1,1,local-b|local-c,2,1,1
v4conf-050,17,2000050,role_0=local-a;role_1=local-b;role_2=local-c,NORMAL,1,1,1,local-b,1,SELECTED,,1,0,1,1,local-b|local-c,2,1,1
v4conf-050,18,2000050,role_0=local-a;role_1=local-b;role_2=local-c,NORMAL,1,1,1,local-b,1,SELECTED,,1,0,1,1,local-b|local-c,2,1,1
v4conf-050,19,2000050,role_0=local-a;role_1=local-b;role_2=local-c,NORMAL,1,1,1,local-b,1,SELECTED,,1,0,1,1,local-b|local-c,2,1,1
v4conf-050,20,2000050,role_0=local-a;role_1=local-b;role_2=local-c,NORMAL,1,1,1,local-b,1,SELECTED,,1,0,1,1,local-b|local-c,2,1,1
v4conf-050,21,2000050,role_0=local-a;role_1=local-b;role_2=local-c,SINGLE_PROVIDER_CONGESTED,0,1,1,local-b,1,SELECTED,,1,0,1,1,local-b|local-c,2,1,1
v4conf-051,0,2000051,role_0=local-b;role_1=local-c;role_2=local-a,PAIR_CORRELATED_DEGRADATION,1,0,0,local-a|local-b|local-c,3,WARMUP,warmup,0,3,3,1,local-b|local-c,2,0,1
v4conf-051,1,2000051,role_0=local-b;role_1=local-c;role_2=local-a,PAIR_CORRELATED_DEGRADATION,1,0,0,local-a|local-b|local-c,3,WARMUP,warmup,0,3,3,1,local-b|local-c,2,0,1
v4conf-051,2,2000051,role_0=local-b;role_1=local-c;role_2=local-a,PAIR_CORRELATED_DEGRADATION,1,0,0,local-a|local-b|local-c,3,WARMUP,warmup,0,3,3,1,local-b|local-c,2,0,1
v4conf-051,3,2000051,role_0=local-b;role_1=local-c;role_2=local-a,PAIR_CORRELATED_DEGRADATION,1,0,0,local-a,1,SLO_ESTIMATE_UNSATISFIABLE,best-effort,1,0,1,1,local-b|local-c,2,0,1
v4conf-051,4,2000051,role_0=local-b;role_1=local-c;role_2=local-a,SINGLE_PROVIDER_CONGESTED,1,0,1,local-a,1,SLO_ESTIMATE_UNSATISFIABLE,best-effort,1,0,1,1,local-b|local-c,2,1,1
v4conf-051,5,2000051,role_0=local-b;role_1=local-c;role_2=local-a,SINGLE_PROVIDER_CONGESTED,1,0,1,local-a,1,SELECTED,,1,0,1,1,local-b|local-c,2,1,1
v4conf-051,6,2000051,role_0=local-b;role_1=local-c;role_2=local-a,SINGLE_PROVIDER_CONGESTED,1,0,1,local-a,1,SELECTED,,1,0,1,1,local-b|local-c,2,1,1
v4conf-051,7,2000051,role_0=local-b;role_1=local-c;role_2=local-a,SINGLE_PROVIDER_CONGESTED,1,0,1,local-a,1,SELECTED,,1,3,4,1,local-b|local-c,2,1,1
v4conf-051,8,2000051,role_0=local-b;role_1=local-c;role_2=local-a,PAIR_CORRELATED_DEGRADATION,1,0,0,local-a,1,SELECTED,,1,0,1,1,local-b|local-c,2,0,1
v4conf-051,9,2000051,role_0=local-b;role_1=local-c;role_2=local-a,PAIR_CORRELATED_DEGRADATION,1,0,0,local-a,1,SELECTED,,1,0,1,1,local-b|local-c,2,0,1
v4conf-051,10,2000051,role_0=local-b;role_1=local-c;role_2=local-a,PAIR_CORRELATED_DEGRADATION,1,0,0,local-a,1,SELECTED,,1,0,1,1,local-b|local-c,2,0,1
v4conf-051,11,2000051,role_0=local-b;role_1=local-c;role_2=local-a,PAIR_CORRELATED_DEGRADATION,1,0,0,local-a,1,SELECTED,,1,0,1,1,local-b|local-c,2,0,1
v4conf-051,12,2000051,role_0=local-b;role_1=local-c;role_2=local-a,PAIR_CORRELATED_DEGRADATION,1,0,1,local-a,1,SELECTED,,1,0,1,1,local-b|local-c,2,1,1
v4conf-051,13,2000051,role_0=local-b;role_1=local-c;role_2=local-a,PAIR_CORRELATED_DEGRADATION,1,0,0,local-a,1,SELECTED,,1,0,1,1,local-b|local-c,2,0,1
v4conf-051,14,2000051,role_0=local-b;role_1=local-c;role_2=local-a,PAIR_CORRELATED_DEGRADATION,1,0,0,local-a,1,SELECTED,,1,0,1,1,local-b|local-c,2,0,1
v4conf-051,15,2000051,role_0=local-b;role_1=local-c;role_2=local-a,PAIR_CORRELATED_DEGRADATION,1,0,0,local-a,1,SELECTED,,1,3,4,1,local-b|local-c,2,0,1
v4conf-051,16,2000051,role_0=local-b;role_1=local-c;role_2=local-a,SINGLE_PROVIDER_INVALID_RISK,1,1,1,local-a,1,SELECTED,,1,0,1,1,local-b|local-c,2,1,1
v4conf-051,17,2000051,role_0=local-b;role_1=local-c;role_2=local-a,SINGLE_PROVIDER_INVALID_RISK,1,0,1,local-a,1,SELECTED,,1,0,1,1,local-b|local-c,2,1,1
v4conf-051,18,2000051,role_0=local-b;role_1=local-c;role_2=local-a,SINGLE_PROVIDER_INVALID_RISK,1,1,1,local-a,1,SELECTED,,1,0,1,1,local-b|local-c,2,1,1
v4conf-051,19,2000051,role_0=local-b;role_1=local-c;role_2=local-a,SINGLE_PROVIDER_INVALID_RISK,1,1,1,local-a,1,SELECTED,,1,0,1,1,local-b|local-c,2,1,1
v4conf-051,20,2000051,role_0=local-b;role_1=local-c;role_2=local-a,SINGLE_PROVIDER_INVALID_RISK,1,1,1,local-a,1,SELECTED,,1,0,1,1,local-b|local-c,2,1,1
v4conf-051,21,2000051,role_0=local-b;role_1=local-c;role_2=local-a,SINGLE_PROVIDER_INVALID_RISK,1,1,1,local-a,1,SELECTED,,1,0,1,1,local-b|local-c,2,1,1
v4conf-052,0,2000052,role_0=local-c;role_1=local-b;role_2=local-a,PAIR_CORRELATED_DEGRADATION,1,0,0,local-a|local-b|local-c,3,WARMUP,warmup,0,3,3,1,local-b|local-c,2,0,1
v4conf-052,1,2000052,role_0=local-c;role_1=local-b;role_2=local-a,PAIR_CORRELATED_DEGRADATION,1,0,0,local-a|local-b|local-c,3,WARMUP,warmup,0,3,3,1,local-b|local-c,2,0,1
v4conf-052,2,2000052,role_0=local-c;role_1=local-b;role_2=local-a,PAIR_CORRELATED_DEGRADATION,1,0,0,local-a|local-b|local-c,3,WARMUP,warmup,0,3,3,1,local-b|local-c,2,0,1
v4conf-052,3,2000052,role_0=local-c;role_1=local-b;role_2=local-a,PAIR_CORRELATED_DEGRADATION,1,0,0,local-a,1,SLO_ESTIMATE_UNSATISFIABLE,best-effort,1,0,1,1,local-b|local-c,2,0,1
v4conf-052,4,2000052,role_0=local-c;role_1=local-b;role_2=local-a,PAIR_CORRELATED_DEGRADATION,1,0,1,local-a,1,SLO_ESTIMATE_UNSATISFIABLE,best-effort,1,0,1,1,local-b|local-c,2,1,1
v4conf-052,5,2000052,role_0=local-c;role_1=local-b;role_2=local-a,PAIR_CORRELATED_DEGRADATION,1,0,1,local-a,1,SELECTED,,1,0,1,1,local-b|local-c,2,1,1
v4conf-052,6,2000052,role_0=local-c;role_1=local-b;role_2=local-a,SINGLE_PROVIDER_CONGESTED,1,1,0,local-a,1,SELECTED,,1,0,1,1,local-b|local-c,2,1,1
v4conf-052,7,2000052,role_0=local-c;role_1=local-b;role_2=local-a,SINGLE_PROVIDER_CONGESTED,1,1,0,local-a,1,SELECTED,,1,3,4,1,local-b|local-c,2,1,1
v4conf-052,8,2000052,role_0=local-c;role_1=local-b;role_2=local-a,SINGLE_PROVIDER_CONGESTED,1,1,0,local-a,1,SELECTED,,1,0,1,1,local-b|local-c,2,1,1
v4conf-052,9,2000052,role_0=local-c;role_1=local-b;role_2=local-a,SINGLE_PROVIDER_CONGESTED,1,1,0,local-a,1,SELECTED,,1,0,1,1,local-b|local-c,2,1,1
v4conf-052,10,2000052,role_0=local-c;role_1=local-b;role_2=local-a,SINGLE_PROVIDER_CONGESTED,1,1,0,local-a,1,SELECTED,,1,0,1,1,local-b|local-c,2,1,1
v4conf-052,11,2000052,role_0=local-c;role_1=local-b;role_2=local-a,SINGLE_PROVIDER_CONGESTED,1,1,0,local-a,1,SELECTED,,1,0,1,1,local-b|local-c,2,1,1
v4conf-052,12,2000052,role_0=local-c;role_1=local-b;role_2=local-a,SINGLE_PROVIDER_UNSTABLE,1,1,1,local-a,1,SELECTED,,1,0,1,1,local-b|local-c,2,1,1
v4conf-052,13,2000052,role_0=local-c;role_1=local-b;role_2=local-a,SINGLE_PROVIDER_UNSTABLE,1,1,1,local-a,1,SELECTED,,1,0,1,1,local-b|local-c,2,1,1
v4conf-052,14,2000052,role_0=local-c;role_1=local-b;role_2=local-a,SINGLE_PROVIDER_UNSTABLE,1,1,0,local-a,1,SELECTED,,1,0,1,1,local-b|local-c,2,1,1
v4conf-052,15,2000052,role_0=local-c;role_1=local-b;role_2=local-a,SINGLE_PROVIDER_UNSTABLE,1,1,1,local-a,1,SELECTED,,1,3,4,1,local-b|local-c,2,1,1
v4conf-052,16,2000052,role_0=local-c;role_1=local-b;role_2=local-a,SINGLE_PROVIDER_UNSTABLE,1,1,1,local-a,1,SELECTED,,1,0,1,1,local-b|local-c,2,1,1
v4conf-052,17,2000052,role_0=local-c;role_1=local-b;role_2=local-a,SINGLE_PROVIDER_UNSTABLE,1,1,1,local-a,1,SELECTED,,1,0,1,1,local-b|local-c,2,1,1
v4conf-052,18,2000052,role_0=local-c;role_1=local-b;role_2=local-a,SINGLE_PROVIDER_UNSTABLE,1,1,0,local-a,1,SELECTED,,1,0,1,1,local-b|local-c,2,1,1
v4conf-052,19,2000052,role_0=local-c;role_1=local-b;role_2=local-a,SINGLE_PROVIDER_UNSTABLE,1,1,1,local-a,1,SELECTED,,1,0,1,1,local-b|local-c,2,1,1
v4conf-052,20,2000052,role_0=local-c;role_1=local-b;role_2=local-a,SINGLE_PROVIDER_UNSTABLE,1,1,0,local-a,1,SELECTED,,1,0,1,1,local-b|local-c,2,1,1
v4conf-052,21,2000052,role_0=local-c;role_1=local-b;role_2=local-a,SINGLE_PROVIDER_UNSTABLE,1,1,0,local-a,1,SELECTED,,1,0,1,1,local-b|local-c,2,1,1
v4conf-053,0,2000053,role_0=local-b;role_1=local-a;role_2=local-c,SINGLE_PROVIDER_CONGESTED,1,0,1,local-a|local-b|local-c,3,WARMUP,warmup,0,3,3,1,local-b|local-c,2,1,1
v4conf-053,1,2000053,role_0=local-b;role_1=local-a;role_2=local-c,SINGLE_PROVIDER_CONGESTED,1,0,1,local-a|local-b|local-c,3,WARMUP,warmup,0,3,3,1,local-b|local-c,2,1,1
v4conf-053,2,2000053,role_0=local-b;role_1=local-a;role_2=local-c,SINGLE_PROVIDER_CONGESTED,1,0,1,local-a|local-b|local-c,3,WARMUP,warmup,0,3,3,1,local-b|local-c,2,1,1
v4conf-053,3,2000053,role_0=local-b;role_1=local-a;role_2=local-c,SINGLE_PROVIDER_CONGESTED,1,0,1,local-a,1,SLO_ESTIMATE_UNSATISFIABLE,best-effort,1,0,1,1,local-b|local-c,2,1,1
v4conf-053,4,2000053,role_0=local-b;role_1=local-a;role_2=local-c,SINGLE_PROVIDER_CONGESTED,1,0,1,local-a,1,SLO_ESTIMATE_UNSATISFIABLE,best-effort,1,0,1,1,local-b|local-c,2,1,1
v4conf-053,5,2000053,role_0=local-b;role_1=local-a;role_2=local-c,SINGLE_PROVIDER_CONGESTED,1,0,1,local-a,1,SELECTED,,1,0,1,1,local-b|local-c,2,1,1
v4conf-053,6,2000053,role_0=local-b;role_1=local-a;role_2=local-c,SINGLE_PROVIDER_CONGESTED,1,0,1,local-a,1,SELECTED,,1,0,1,1,local-b|local-c,2,1,1
v4conf-053,7,2000053,role_0=local-b;role_1=local-a;role_2=local-c,PAIR_CORRELATED_DEGRADATION,0,0,1,local-a,1,SELECTED,,1,3,4,0,local-b|local-c,2,1,1
v4conf-053,8,2000053,role_0=local-b;role_1=local-a;role_2=local-c,PAIR_CORRELATED_DEGRADATION,0,0,1,local-a|local-c,2,SELECTED,,2,0,2,1,local-b|local-c,2,1,1
v4conf-053,9,2000053,role_0=local-b;role_1=local-a;role_2=local-c,PAIR_CORRELATED_DEGRADATION,0,0,1,local-c,1,SELECTED,,1,0,1,1,local-b|local-c,2,1,1
v4conf-053,10,2000053,role_0=local-b;role_1=local-a;role_2=local-c,PAIR_CORRELATED_DEGRADATION,0,0,1,local-c,1,SELECTED,,1,0,1,1,local-b|local-c,2,1,1
v4conf-053,11,2000053,role_0=local-b;role_1=local-a;role_2=local-c,PAIR_CORRELATED_DEGRADATION,1,0,1,local-c,1,SELECTED,,1,0,1,1,local-b|local-c,2,1,1
v4conf-053,12,2000053,role_0=local-b;role_1=local-a;role_2=local-c,PAIR_CORRELATED_DEGRADATION,0,1,1,local-c,1,SELECTED,,1,0,1,1,local-b|local-c,2,1,1
v4conf-053,13,2000053,role_0=local-b;role_1=local-a;role_2=local-c,PAIR_CORRELATED_DEGRADATION,0,0,1,local-c,1,SELECTED,,1,0,1,1,local-b|local-c,2,1,1
v4conf-053,14,2000053,role_0=local-b;role_1=local-a;role_2=local-c,PAIR_CORRELATED_DEGRADATION,0,0,1,local-c,1,SELECTED,,1,0,1,1,local-b|local-c,2,1,1
v4conf-053,15,2000053,role_0=local-b;role_1=local-a;role_2=local-c,PAIR_CORRELATED_DEGRADATION,0,0,1,local-c,1,SELECTED,,1,3,4,1,local-b|local-c,2,1,1
v4conf-053,16,2000053,role_0=local-b;role_1=local-a;role_2=local-c,SHARED_DEGRADATION,0,0,0,local-c,1,SELECTED,,1,0,1,0,local-b|local-c,2,0,0
v4conf-053,17,2000053,role_0=local-b;role_1=local-a;role_2=local-c,SHARED_DEGRADATION,0,0,1,local-a|local-c,2,SELECTED,,2,0,2,1,local-b|local-c,2,1,1
v4conf-053,18,2000053,role_0=local-b;role_1=local-a;role_2=local-c,SHARED_DEGRADATION,0,0,0,local-a|local-c,2,SELECTED,,2,0,2,0,local-b|local-c,2,0,0
v4conf-053,19,2000053,role_0=local-b;role_1=local-a;role_2=local-c,SHARED_DEGRADATION,0,0,1,local-b|local-c,2,SELECTED,,2,0,2,1,local-b|local-c,2,1,1
v4conf-053,20,2000053,role_0=local-b;role_1=local-a;role_2=local-c,SHARED_DEGRADATION,0,0,0,local-b|local-c,2,SELECTED,,2,0,2,0,local-b|local-c,2,0,0
v4conf-053,21,2000053,role_0=local-b;role_1=local-a;role_2=local-c,SHARED_DEGRADATION,0,1,0,local-a|local-b|local-c,3,SELECTED,,3,0,3,1,local-b|local-c,2,1,1
v4conf-054,0,2000054,role_0=local-c;role_1=local-a;role_2=local-b,SINGLE_PROVIDER_CONGESTED,1,1,0,local-a|local-b|local-c,3,WARMUP,warmup,0,3,3,1,local-b|local-c,2,1,1
v4conf-054,1,2000054,role_0=local-c;role_1=local-a;role_2=local-b,SINGLE_PROVIDER_CONGESTED,1,1,0,local-a|local-b|local-c,3,WARMUP,warmup,0,3,3,1,local-b|local-c,2,1,1
v4conf-054,2,2000054,role_0=local-c;role_1=local-a;role_2=local-b,SINGLE_PROVIDER_CONGESTED,1,1,0,local-a|local-b|local-c,3,WARMUP,warmup,0,3,3,1,local-b|local-c,2,1,1
v4conf-054,3,2000054,role_0=local-c;role_1=local-a;role_2=local-b,SINGLE_PROVIDER_CONGESTED,1,1,0,local-a,1,SLO_ESTIMATE_UNSATISFIABLE,best-effort,1,0,1,1,local-b|local-c,2,1,1
v4conf-054,4,2000054,role_0=local-c;role_1=local-a;role_2=local-b,SINGLE_PROVIDER_UNSTABLE,1,1,0,local-a,1,SLO_ESTIMATE_UNSATISFIABLE,best-effort,1,0,1,1,local-b|local-c,2,1,1
v4conf-054,5,2000054,role_0=local-c;role_1=local-a;role_2=local-b,SINGLE_PROVIDER_UNSTABLE,1,1,0,local-a,1,SELECTED,,1,0,1,1,local-b|local-c,2,1,1
v4conf-054,6,2000054,role_0=local-c;role_1=local-a;role_2=local-b,SINGLE_PROVIDER_UNSTABLE,1,1,0,local-a,1,SELECTED,,1,0,1,1,local-b|local-c,2,1,1
v4conf-054,7,2000054,role_0=local-c;role_1=local-a;role_2=local-b,SINGLE_PROVIDER_UNSTABLE,1,1,0,local-a,1,SELECTED,,1,3,4,1,local-b|local-c,2,1,1
v4conf-054,8,2000054,role_0=local-c;role_1=local-a;role_2=local-b,SINGLE_PROVIDER_UNSTABLE,1,1,1,local-a,1,SELECTED,,1,0,1,1,local-b|local-c,2,1,1
v4conf-054,9,2000054,role_0=local-c;role_1=local-a;role_2=local-b,SINGLE_PROVIDER_UNSTABLE,1,1,0,local-a,1,SELECTED,,1,0,1,1,local-b|local-c,2,1,1
v4conf-054,10,2000054,role_0=local-c;role_1=local-a;role_2=local-b,SINGLE_PROVIDER_UNSTABLE,1,1,0,local-a,1,SELECTED,,1,0,1,1,local-b|local-c,2,1,1
v4conf-054,11,2000054,role_0=local-c;role_1=local-a;role_2=local-b,SINGLE_PROVIDER_CONGESTED,1,1,0,local-a,1,SELECTED,,1,0,1,1,local-b|local-c,2,1,1
v4conf-054,12,2000054,role_0=local-c;role_1=local-a;role_2=local-b,SINGLE_PROVIDER_CONGESTED,1,1,0,local-a,1,SELECTED,,1,0,1,1,local-b|local-c,2,1,1
v4conf-054,13,2000054,role_0=local-c;role_1=local-a;role_2=local-b,SINGLE_PROVIDER_CONGESTED,1,1,0,local-a,1,SELECTED,,1,0,1,1,local-b|local-c,2,1,1
v4conf-054,14,2000054,role_0=local-c;role_1=local-a;role_2=local-b,SINGLE_PROVIDER_CONGESTED,1,1,0,local-a,1,SELECTED,,1,0,1,1,local-b|local-c,2,1,1
v4conf-054,15,2000054,role_0=local-c;role_1=local-a;role_2=local-b,SINGLE_PROVIDER_CONGESTED,1,1,0,local-a,1,SELECTED,,1,3,4,1,local-b|local-c,2,1,1
v4conf-054,16,2000054,role_0=local-c;role_1=local-a;role_2=local-b,SINGLE_PROVIDER_CONGESTED,1,1,0,local-a,1,SELECTED,,1,0,1,1,local-b|local-c,2,1,1
v4conf-054,17,2000054,role_0=local-c;role_1=local-a;role_2=local-b,SINGLE_PROVIDER_CONGESTED,1,1,0,local-a,1,SELECTED,,1,0,1,1,local-b|local-c,2,1,1
v4conf-054,18,2000054,role_0=local-c;role_1=local-a;role_2=local-b,SINGLE_PROVIDER_CONGESTED,1,1,0,local-a,1,SELECTED,,1,0,1,1,local-b|local-c,2,1,1
v4conf-054,19,2000054,role_0=local-c;role_1=local-a;role_2=local-b,NORMAL,1,1,1,local-a,1,SELECTED,,1,0,1,1,local-b|local-c,2,1,1
v4conf-054,20,2000054,role_0=local-c;role_1=local-a;role_2=local-b,NORMAL,1,1,1,local-a,1,SELECTED,,1,0,1,1,local-b|local-c,2,1,1
v4conf-054,21,2000054,role_0=local-c;role_1=local-a;role_2=local-b,NORMAL,1,1,1,local-a,1,SELECTED,,1,0,1,1,local-b|local-c,2,1,1
v4conf-055,0,2000055,role_0=local-c;role_1=local-a;role_2=local-b,SINGLE_PROVIDER_CONGESTED,1,1,0,local-a|local-b|local-c,3,WARMUP,warmup,0,3,3,1,local-b|local-c,2,1,1
v4conf-055,1,2000055,role_0=local-c;role_1=local-a;role_2=local-b,SINGLE_PROVIDER_CONGESTED,1,1,0,local-a|local-b|local-c,3,WARMUP,warmup,0,3,3,1,local-b|local-c,2,1,1
v4conf-055,2,2000055,role_0=local-c;role_1=local-a;role_2=local-b,SINGLE_PROVIDER_CONGESTED,1,1,0,local-a|local-b|local-c,3,WARMUP,warmup,0,3,3,1,local-b|local-c,2,1,1
v4conf-055,3,2000055,role_0=local-c;role_1=local-a;role_2=local-b,SINGLE_PROVIDER_CONGESTED,1,1,0,local-a,1,SLO_ESTIMATE_UNSATISFIABLE,best-effort,1,0,1,1,local-b|local-c,2,1,1
v4conf-055,4,2000055,role_0=local-c;role_1=local-a;role_2=local-b,SINGLE_PROVIDER_CONGESTED,1,1,0,local-a,1,SLO_ESTIMATE_UNSATISFIABLE,best-effort,1,0,1,1,local-b|local-c,2,1,1
v4conf-055,5,2000055,role_0=local-c;role_1=local-a;role_2=local-b,PAIR_CORRELATED_DEGRADATION,0,1,0,local-a,1,SELECTED,,1,0,1,0,local-b|local-c,2,1,1
v4conf-055,6,2000055,role_0=local-c;role_1=local-a;role_2=local-b,PAIR_CORRELATED_DEGRADATION,0,1,1,local-a|local-b,2,SELECTED,,2,0,2,1,local-b|local-c,2,1,1
v4conf-055,7,2000055,role_0=local-c;role_1=local-a;role_2=local-b,PAIR_CORRELATED_DEGRADATION,1,1,0,local-a|local-b,2,SELECTED,,2,3,5,1,local-b|local-c,2,1,1
v4conf-055,8,2000055,role_0=local-c;role_1=local-a;role_2=local-b,PAIR_CORRELATED_DEGRADATION,0,1,0,local-b,1,SELECTED,,1,0,1,1,local-b|local-c,2,1,1
v4conf-055,9,2000055,role_0=local-c;role_1=local-a;role_2=local-b,PAIR_CORRELATED_DEGRADATION,0,1,0,local-b,1,SELECTED,,1,0,1,1,local-b|local-c,2,1,1
v4conf-055,10,2000055,role_0=local-c;role_1=local-a;role_2=local-b,PAIR_CORRELATED_DEGRADATION,0,1,0,local-b,1,SELECTED,,1,0,1,1,local-b|local-c,2,1,1
v4conf-055,11,2000055,role_0=local-c;role_1=local-a;role_2=local-b,PAIR_CORRELATED_DEGRADATION,0,1,0,local-b,1,SELECTED,,1,0,1,1,local-b|local-c,2,1,1
v4conf-055,12,2000055,role_0=local-c;role_1=local-a;role_2=local-b,PAIR_CORRELATED_DEGRADATION,0,1,0,local-b,1,SELECTED,,1,0,1,1,local-b|local-c,2,1,1
v4conf-055,13,2000055,role_0=local-c;role_1=local-a;role_2=local-b,SINGLE_PROVIDER_INVALID_RISK,1,1,1,local-b,1,SELECTED,,1,0,1,1,local-b|local-c,2,1,1
v4conf-055,14,2000055,role_0=local-c;role_1=local-a;role_2=local-b,SINGLE_PROVIDER_INVALID_RISK,1,1,1,local-b,1,SELECTED,,1,0,1,1,local-b|local-c,2,1,1
v4conf-055,15,2000055,role_0=local-c;role_1=local-a;role_2=local-b,SINGLE_PROVIDER_INVALID_RISK,1,1,0,local-b,1,SELECTED,,1,3,4,1,local-b|local-c,2,1,1
v4conf-055,16,2000055,role_0=local-c;role_1=local-a;role_2=local-b,SINGLE_PROVIDER_INVALID_RISK,1,1,1,local-b,1,SELECTED,,1,0,1,1,local-b|local-c,2,1,1
v4conf-055,17,2000055,role_0=local-c;role_1=local-a;role_2=local-b,SINGLE_PROVIDER_INVALID_RISK,1,1,1,local-b,1,SELECTED,,1,0,1,1,local-b|local-c,2,1,1
v4conf-055,18,2000055,role_0=local-c;role_1=local-a;role_2=local-b,SINGLE_PROVIDER_INVALID_RISK,1,1,0,local-b,1,SELECTED,,1,0,1,1,local-b|local-c,2,1,1
v4conf-055,19,2000055,role_0=local-c;role_1=local-a;role_2=local-b,SINGLE_PROVIDER_INVALID_RISK,1,1,0,local-b,1,SELECTED,,1,0,1,1,local-b|local-c,2,1,1
v4conf-055,20,2000055,role_0=local-c;role_1=local-a;role_2=local-b,SINGLE_PROVIDER_INVALID_RISK,1,1,1,local-b,1,SELECTED,,1,0,1,1,local-b|local-c,2,1,1
v4conf-055,21,2000055,role_0=local-c;role_1=local-a;role_2=local-b,SINGLE_PROVIDER_INVALID_RISK,1,1,0,local-b,1,SELECTED,,1,0,1,1,local-b|local-c,2,1,1
v4conf-056,0,2000056,role_0=local-b;role_1=local-c;role_2=local-a,PAIR_CORRELATED_DEGRADATION,1,0,0,local-a|local-b|local-c,3,WARMUP,warmup,0,3,3,1,local-b|local-c,2,0,1
v4conf-056,1,2000056,role_0=local-b;role_1=local-c;role_2=local-a,PAIR_CORRELATED_DEGRADATION,1,0,0,local-a|local-b|local-c,3,WARMUP,warmup,0,3,3,1,local-b|local-c,2,0,1
v4conf-056,2,2000056,role_0=local-b;role_1=local-c;role_2=local-a,PAIR_CORRELATED_DEGRADATION,1,1,0,local-a|local-b|local-c,3,WARMUP,warmup,0,3,3,1,local-b|local-c,2,1,1
v4conf-056,3,2000056,role_0=local-b;role_1=local-c;role_2=local-a,PAIR_CORRELATED_DEGRADATION,1,0,0,local-a,1,SLO_ESTIMATE_UNSATISFIABLE,best-effort,1,0,1,1,local-b|local-c,2,0,1
v4conf-056,4,2000056,role_0=local-b;role_1=local-c;role_2=local-a,PAIR_CORRELATED_DEGRADATION,1,0,0,local-a,1,SLO_ESTIMATE_UNSATISFIABLE,best-effort,1,0,1,1,local-b|local-c,2,0,1
v4conf-056,5,2000056,role_0=local-b;role_1=local-c;role_2=local-a,SINGLE_PROVIDER_INVALID_RISK,1,0,1,local-a,1,SELECTED,,1,0,1,1,local-b|local-c,2,1,1
v4conf-056,6,2000056,role_0=local-b;role_1=local-c;role_2=local-a,SINGLE_PROVIDER_INVALID_RISK,1,1,1,local-a,1,SELECTED,,1,0,1,1,local-b|local-c,2,1,1
v4conf-056,7,2000056,role_0=local-b;role_1=local-c;role_2=local-a,SINGLE_PROVIDER_INVALID_RISK,1,0,1,local-a,1,SELECTED,,1,3,4,1,local-b|local-c,2,1,1
v4conf-056,8,2000056,role_0=local-b;role_1=local-c;role_2=local-a,SINGLE_PROVIDER_INVALID_RISK,1,1,1,local-a,1,SELECTED,,1,0,1,1,local-b|local-c,2,1,1
v4conf-056,9,2000056,role_0=local-b;role_1=local-c;role_2=local-a,SINGLE_PROVIDER_INVALID_RISK,1,0,1,local-a,1,SELECTED,,1,0,1,1,local-b|local-c,2,1,1
v4conf-056,10,2000056,role_0=local-b;role_1=local-c;role_2=local-a,SINGLE_PROVIDER_INVALID_RISK,1,1,1,local-a,1,SELECTED,,1,0,1,1,local-b|local-c,2,1,1
v4conf-056,11,2000056,role_0=local-b;role_1=local-c;role_2=local-a,SINGLE_PROVIDER_INVALID_RISK,1,1,1,local-a,1,SELECTED,,1,0,1,1,local-b|local-c,2,1,1
v4conf-056,12,2000056,role_0=local-b;role_1=local-c;role_2=local-a,SINGLE_PROVIDER_INVALID_RISK,1,1,1,local-a,1,SELECTED,,1,0,1,1,local-b|local-c,2,1,1
v4conf-056,13,2000056,role_0=local-b;role_1=local-c;role_2=local-a,SINGLE_PROVIDER_INVALID_RISK,1,0,1,local-a,1,SELECTED,,1,0,1,1,local-b|local-c,2,1,1
v4conf-056,14,2000056,role_0=local-b;role_1=local-c;role_2=local-a,SINGLE_PROVIDER_INVALID_RISK,1,0,1,local-a,1,SELECTED,,1,0,1,1,local-b|local-c,2,1,1
v4conf-056,15,2000056,role_0=local-b;role_1=local-c;role_2=local-a,SINGLE_PROVIDER_INVALID_RISK,1,1,1,local-a,1,SELECTED,,1,3,4,1,local-b|local-c,2,1,1
v4conf-056,16,2000056,role_0=local-b;role_1=local-c;role_2=local-a,SINGLE_PROVIDER_INVALID_RISK,1,1,1,local-a,1,SELECTED,,1,0,1,1,local-b|local-c,2,1,1
v4conf-056,17,2000056,role_0=local-b;role_1=local-c;role_2=local-a,SINGLE_PROVIDER_INVALID_RISK,1,0,1,local-a,1,SELECTED,,1,0,1,1,local-b|local-c,2,1,1
v4conf-056,18,2000056,role_0=local-b;role_1=local-c;role_2=local-a,SINGLE_PROVIDER_INVALID_RISK,1,0,1,local-a,1,SELECTED,,1,0,1,1,local-b|local-c,2,1,1
v4conf-056,19,2000056,role_0=local-b;role_1=local-c;role_2=local-a,SINGLE_PROVIDER_INVALID_RISK,1,1,1,local-a,1,SELECTED,,1,0,1,1,local-b|local-c,2,1,1
v4conf-056,20,2000056,role_0=local-b;role_1=local-c;role_2=local-a,SINGLE_PROVIDER_INVALID_RISK,1,1,1,local-a,1,SELECTED,,1,0,1,1,local-b|local-c,2,1,1
v4conf-056,21,2000056,role_0=local-b;role_1=local-c;role_2=local-a,SINGLE_PROVIDER_UNSTABLE,1,1,1,local-a,1,SELECTED,,1,0,1,1,local-b|local-c,2,1,1
v4conf-057,0,2000057,role_0=local-b;role_1=local-a;role_2=local-c,SHARED_DEGRADATION,0,0,0,local-a|local-b|local-c,3,WARMUP,warmup,0,3,3,0,local-b|local-c,2,0,0
v4conf-057,1,2000057,role_0=local-b;role_1=local-a;role_2=local-c,SHARED_DEGRADATION,0,1,0,local-a|local-b|local-c,3,WARMUP,warmup,0,3,3,1,local-b|local-c,2,1,1
v4conf-057,2,2000057,role_0=local-b;role_1=local-a;role_2=local-c,SHARED_DEGRADATION,0,0,0,local-a|local-b|local-c,3,WARMUP,warmup,0,3,3,0,local-b|local-c,2,0,0
v4conf-057,3,2000057,role_0=local-b;role_1=local-a;role_2=local-c,SHARED_DEGRADATION,0,0,0,local-b,1,SLO_ESTIMATE_UNSATISFIABLE,best-effort,1,0,1,0,local-b|local-c,2,0,0
v4conf-057,4,2000057,role_0=local-b;role_1=local-a;role_2=local-c,SHARED_DEGRADATION,0,0,0,local-a|local-b,2,SLO_ESTIMATE_UNSATISFIABLE,best-effort,2,0,2,0,local-b|local-c,2,0,0
v4conf-057,5,2000057,role_0=local-b;role_1=local-a;role_2=local-c,SHARED_DEGRADATION,0,0,0,local-b|local-c,2,SLO_ESTIMATE_UNSATISFIABLE,best-effort,2,0,2,0,local-b|local-c,2,0,0
v4conf-057,6,2000057,role_0=local-b;role_1=local-a;role_2=local-c,SINGLE_PROVIDER_UNSTABLE,1,1,1,local-a|local-b|local-c,3,SLO_ESTIMATE_UNSATISFIABLE,best-effort,3,0,3,1,local-b|local-c,2,1,1
v4conf-057,7,2000057,role_0=local-b;role_1=local-a;role_2=local-c,SINGLE_PROVIDER_UNSTABLE,1,0,1,local-a|local-b|local-c,3,SLO_ESTIMATE_UNSATISFIABLE,best-effort,3,3,6,1,local-b|local-c,2,1,1
v4conf-057,8,2000057,role_0=local-b;role_1=local-a;role_2=local-c,SINGLE_PROVIDER_UNSTABLE,1,1,1,local-a|local-b|local-c,3,SLO_ESTIMATE_UNSATISFIABLE,best-effort,3,0,3,1,local-b|local-c,2,1,1
v4conf-057,9,2000057,role_0=local-b;role_1=local-a;role_2=local-c,SINGLE_PROVIDER_UNSTABLE,1,0,1,local-a|local-b|local-c,3,SLO_ESTIMATE_UNSATISFIABLE,best-effort,3,0,3,1,local-b|local-c,2,1,1
v4conf-057,10,2000057,role_0=local-b;role_1=local-a;role_2=local-c,SINGLE_PROVIDER_UNSTABLE,1,0,1,local-a|local-b|local-c,3,SLO_ESTIMATE_UNSATISFIABLE,best-effort,3,0,3,1,local-b|local-c,2,1,1
v4conf-057,11,2000057,role_0=local-b;role_1=local-a;role_2=local-c,SINGLE_PROVIDER_UNSTABLE,1,0,1,local-a|local-b|local-c,3,SLO_ESTIMATE_UNSATISFIABLE,best-effort,3,0,3,1,local-b|local-c,2,1,1
v4conf-057,12,2000057,role_0=local-b;role_1=local-a;role_2=local-c,SINGLE_PROVIDER_UNSTABLE,1,0,1,local-a|local-b|local-c,3,SLO_ESTIMATE_UNSATISFIABLE,best-effort,3,0,3,1,local-b|local-c,2,1,1
v4conf-057,13,2000057,role_0=local-b;role_1=local-a;role_2=local-c,SINGLE_PROVIDER_UNSTABLE,1,0,1,local-a|local-b,2,SLO_ESTIMATE_UNSATISFIABLE,best-effort,2,0,2,1,local-b|local-c,2,1,1
v4conf-057,14,2000057,role_0=local-b;role_1=local-a;role_2=local-c,SINGLE_PROVIDER_UNSTABLE,1,0,1,local-a|local-b|local-c,3,SLO_ESTIMATE_UNSATISFIABLE,best-effort,3,0,3,1,local-b|local-c,2,1,1
v4conf-057,15,2000057,role_0=local-b;role_1=local-a;role_2=local-c,PAIR_CORRELATED_DEGRADATION,0,0,1,local-a,1,SLO_ESTIMATE_UNSATISFIABLE,best-effort,1,3,4,0,local-b|local-c,2,1,1
v4conf-057,16,2000057,role_0=local-b;role_1=local-a;role_2=local-c,PAIR_CORRELATED_DEGRADATION,0,0,1,local-a|local-c,2,SELECTED,,2,0,2,1,local-b|local-c,2,1,1
v4conf-057,17,2000057,role_0=local-b;role_1=local-a;role_2=local-c,PAIR_CORRELATED_DEGRADATION,0,0,1,local-c,1,SELECTED,,1,0,1,1,local-b|local-c,2,1,1
v4conf-057,18,2000057,role_0=local-b;role_1=local-a;role_2=local-c,PAIR_CORRELATED_DEGRADATION,0,0,1,local-c,1,SELECTED,,1,0,1,1,local-b|local-c,2,1,1
v4conf-057,19,2000057,role_0=local-b;role_1=local-a;role_2=local-c,SINGLE_PROVIDER_CONGESTED,1,0,1,local-c,1,SELECTED,,1,0,1,1,local-b|local-c,2,1,1
v4conf-057,20,2000057,role_0=local-b;role_1=local-a;role_2=local-c,SINGLE_PROVIDER_CONGESTED,1,0,1,local-c,1,SELECTED,,1,0,1,1,local-b|local-c,2,1,1
v4conf-057,21,2000057,role_0=local-b;role_1=local-a;role_2=local-c,SINGLE_PROVIDER_CONGESTED,1,0,1,local-c,1,SELECTED,,1,0,1,1,local-b|local-c,2,1,1
v4conf-058,0,2000058,role_0=local-b;role_1=local-c;role_2=local-a,SINGLE_PROVIDER_CONGESTED,1,0,1,local-a|local-b|local-c,3,WARMUP,warmup,0,3,3,1,local-b|local-c,2,1,1
v4conf-058,1,2000058,role_0=local-b;role_1=local-c;role_2=local-a,SINGLE_PROVIDER_CONGESTED,1,0,1,local-a|local-b|local-c,3,WARMUP,warmup,0,3,3,1,local-b|local-c,2,1,1
v4conf-058,2,2000058,role_0=local-b;role_1=local-c;role_2=local-a,SINGLE_PROVIDER_CONGESTED,1,0,1,local-a|local-b|local-c,3,WARMUP,warmup,0,3,3,1,local-b|local-c,2,1,1
v4conf-058,3,2000058,role_0=local-b;role_1=local-c;role_2=local-a,SINGLE_PROVIDER_CONGESTED,1,0,1,local-a,1,SLO_ESTIMATE_UNSATISFIABLE,best-effort,1,0,1,1,local-b|local-c,2,1,1
v4conf-058,4,2000058,role_0=local-b;role_1=local-c;role_2=local-a,SINGLE_PROVIDER_CONGESTED,1,0,1,local-a,1,SLO_ESTIMATE_UNSATISFIABLE,best-effort,1,0,1,1,local-b|local-c,2,1,1
v4conf-058,5,2000058,role_0=local-b;role_1=local-c;role_2=local-a,NORMAL,1,1,1,local-a,1,SELECTED,,1,0,1,1,local-b|local-c,2,1,1
v4conf-058,6,2000058,role_0=local-b;role_1=local-c;role_2=local-a,NORMAL,1,1,1,local-a,1,SELECTED,,1,0,1,1,local-b|local-c,2,1,1
v4conf-058,7,2000058,role_0=local-b;role_1=local-c;role_2=local-a,NORMAL,1,1,1,local-a,1,SELECTED,,1,3,4,1,local-b|local-c,2,1,1
v4conf-058,8,2000058,role_0=local-b;role_1=local-c;role_2=local-a,NORMAL,1,1,1,local-a,1,SELECTED,,1,0,1,1,local-b|local-c,2,1,1
v4conf-058,9,2000058,role_0=local-b;role_1=local-c;role_2=local-a,NORMAL,1,1,1,local-a,1,SELECTED,,1,0,1,1,local-b|local-c,2,1,1
v4conf-058,10,2000058,role_0=local-b;role_1=local-c;role_2=local-a,NORMAL,1,1,1,local-a,1,SELECTED,,1,0,1,1,local-b|local-c,2,1,1
v4conf-058,11,2000058,role_0=local-b;role_1=local-c;role_2=local-a,NORMAL,1,1,1,local-a,1,SELECTED,,1,0,1,1,local-b|local-c,2,1,1
v4conf-058,12,2000058,role_0=local-b;role_1=local-c;role_2=local-a,NORMAL,1,1,1,local-a,1,SELECTED,,1,0,1,1,local-b|local-c,2,1,1
v4conf-058,13,2000058,role_0=local-b;role_1=local-c;role_2=local-a,NORMAL,1,1,1,local-a,1,SELECTED,,1,0,1,1,local-b|local-c,2,1,1
v4conf-058,14,2000058,role_0=local-b;role_1=local-c;role_2=local-a,SHARED_DEGRADATION,0,0,0,local-a,1,SELECTED,,1,0,1,0,local-b|local-c,2,0,0
v4conf-058,15,2000058,role_0=local-b;role_1=local-c;role_2=local-a,SHARED_DEGRADATION,0,1,0,local-a|local-b,2,SELECTED,,2,3,5,1,local-b|local-c,2,1,1
v4conf-058,16,2000058,role_0=local-b;role_1=local-c;role_2=local-a,SHARED_DEGRADATION,0,0,0,local-a|local-b,2,SELECTED,,2,0,2,0,local-b|local-c,2,0,0
v4conf-058,17,2000058,role_0=local-b;role_1=local-c;role_2=local-a,SHARED_DEGRADATION,0,0,0,local-b|local-c,2,SELECTED,,2,0,2,0,local-b|local-c,2,0,0
v4conf-058,18,2000058,role_0=local-b;role_1=local-c;role_2=local-a,SHARED_DEGRADATION,0,1,0,local-a|local-b|local-c,3,SELECTED,,3,0,3,1,local-b|local-c,2,1,1
v4conf-058,19,2000058,role_0=local-b;role_1=local-c;role_2=local-a,PAIR_CORRELATED_DEGRADATION,1,1,0,local-a|local-b|local-c,3,SELECTED,,3,0,3,1,local-b|local-c,2,1,1
v4conf-058,20,2000058,role_0=local-b;role_1=local-c;role_2=local-a,PAIR_CORRELATED_DEGRADATION,1,0,0,local-a|local-b|local-c,3,SELECTED,,3,0,3,1,local-b|local-c,2,0,1
v4conf-058,21,2000058,role_0=local-b;role_1=local-c;role_2=local-a,PAIR_CORRELATED_DEGRADATION,1,0,1,local-a|local-b|local-c,3,SELECTED,,3,0,3,1,local-b|local-c,2,1,1
v4conf-059,0,2000059,role_0=local-a;role_1=local-c;role_2=local-b,SINGLE_PROVIDER_UNSTABLE,0,1,1,local-a|local-b|local-c,3,WARMUP,warmup,0,3,3,1,local-b|local-c,2,1,1
v4conf-059,1,2000059,role_0=local-a;role_1=local-c;role_2=local-b,SINGLE_PROVIDER_UNSTABLE,0,1,1,local-a|local-b|local-c,3,WARMUP,warmup,0,3,3,1,local-b|local-c,2,1,1
v4conf-059,2,2000059,role_0=local-a;role_1=local-c;role_2=local-b,SINGLE_PROVIDER_UNSTABLE,0,1,1,local-a|local-b|local-c,3,WARMUP,warmup,0,3,3,1,local-b|local-c,2,1,1
v4conf-059,3,2000059,role_0=local-a;role_1=local-c;role_2=local-b,SINGLE_PROVIDER_UNSTABLE,1,1,1,local-b,1,SLO_ESTIMATE_UNSATISFIABLE,best-effort,1,0,1,1,local-b|local-c,2,1,1
v4conf-059,4,2000059,role_0=local-a;role_1=local-c;role_2=local-b,SINGLE_PROVIDER_UNSTABLE,0,1,1,local-b,1,SLO_ESTIMATE_UNSATISFIABLE,best-effort,1,0,1,1,local-b|local-c,2,1,1
v4conf-059,5,2000059,role_0=local-a;role_1=local-c;role_2=local-b,SHARED_DEGRADATION,0,0,0,local-b,1,SELECTED,,1,0,1,0,local-b|local-c,2,0,0
v4conf-059,6,2000059,role_0=local-a;role_1=local-c;role_2=local-b,SHARED_DEGRADATION,1,0,0,local-a|local-b,2,SELECTED,,2,0,2,1,local-b|local-c,2,0,1
v4conf-059,7,2000059,role_0=local-a;role_1=local-c;role_2=local-b,SHARED_DEGRADATION,0,0,0,local-a|local-b,2,SELECTED,,2,3,5,0,local-b|local-c,2,0,0
v4conf-059,8,2000059,role_0=local-a;role_1=local-c;role_2=local-b,SHARED_DEGRADATION,0,0,0,local-a|local-b,2,SLO_ESTIMATE_UNSATISFIABLE,best-effort,2,0,2,0,local-b|local-c,2,0,0
v4conf-059,9,2000059,role_0=local-a;role_1=local-c;role_2=local-b,SHARED_DEGRADATION,0,0,0,local-a|local-b|local-c,3,SLO_ESTIMATE_UNSATISFIABLE,best-effort,3,0,3,0,local-b|local-c,2,0,0
v4conf-059,10,2000059,role_0=local-a;role_1=local-c;role_2=local-b,SHARED_DEGRADATION,0,0,0,local-a|local-b|local-c,3,SLO_ESTIMATE_UNSATISFIABLE,best-effort,3,0,3,0,local-b|local-c,2,0,0
v4conf-059,11,2000059,role_0=local-a;role_1=local-c;role_2=local-b,SHARED_DEGRADATION,0,0,1,local-a|local-b|local-c,3,SLO_ESTIMATE_UNSATISFIABLE,best-effort,3,0,3,1,local-b|local-c,2,1,1
v4conf-059,12,2000059,role_0=local-a;role_1=local-c;role_2=local-b,SINGLE_PROVIDER_UNSTABLE,1,1,1,local-a|local-b|local-c,3,SLO_ESTIMATE_UNSATISFIABLE,best-effort,3,0,3,1,local-b|local-c,2,1,1
v4conf-059,13,2000059,role_0=local-a;role_1=local-c;role_2=local-b,SINGLE_PROVIDER_UNSTABLE,0,1,1,local-b|local-c,2,SLO_ESTIMATE_UNSATISFIABLE,best-effort,2,0,2,1,local-b|local-c,2,1,1
v4conf-059,14,2000059,role_0=local-a;role_1=local-c;role_2=local-b,SINGLE_PROVIDER_UNSTABLE,0,1,1,local-a|local-c,2,SLO_ESTIMATE_UNSATISFIABLE,best-effort,2,0,2,1,local-b|local-c,2,1,1
v4conf-059,15,2000059,role_0=local-a;role_1=local-c;role_2=local-b,SINGLE_PROVIDER_UNSTABLE,1,1,1,local-c,1,SLO_ESTIMATE_UNSATISFIABLE,best-effort,1,3,4,1,local-b|local-c,2,1,1
v4conf-059,16,2000059,role_0=local-a;role_1=local-c;role_2=local-b,SINGLE_PROVIDER_UNSTABLE,1,1,1,local-c,1,SLO_ESTIMATE_UNSATISFIABLE,best-effort,1,0,1,1,local-b|local-c,2,1,1
v4conf-059,17,2000059,role_0=local-a;role_1=local-c;role_2=local-b,SHARED_DEGRADATION,0,0,1,local-c,1,SLO_ESTIMATE_UNSATISFIABLE,best-effort,1,0,1,1,local-b|local-c,2,1,1
v4conf-059,18,2000059,role_0=local-a;role_1=local-c;role_2=local-b,SHARED_DEGRADATION,0,0,0,local-c,1,SLO_ESTIMATE_UNSATISFIABLE,best-effort,1,0,1,0,local-b|local-c,2,0,0
v4conf-059,19,2000059,role_0=local-a;role_1=local-c;role_2=local-b,SHARED_DEGRADATION,0,0,0,local-c,1,SLO_ESTIMATE_UNSATISFIABLE,best-effort,1,0,1,0,local-b|local-c,2,0,0
v4conf-059,20,2000059,role_0=local-a;role_1=local-c;role_2=local-b,SHARED_DEGRADATION,0,0,0,local-c,1,SLO_ESTIMATE_UNSATISFIABLE,best-effort,1,0,1,0,local-b|local-c,2,0,0
v4conf-059,21,2000059,role_0=local-a;role_1=local-c;role_2=local-b,SINGLE_PROVIDER_CONGESTED,0,1,1,local-c,1,SLO_ESTIMATE_UNSATISFIABLE,best-effort,1,0,1,1,local-b|local-c,2,1,1
v4conf-060,0,2000060,role_0=local-a;role_1=local-c;role_2=local-b,SINGLE_PROVIDER_INVALID_RISK,0,1,1,local-a|local-b|local-c,3,WARMUP,warmup,0,3,3,1,local-b|local-c,2,1,1
v4conf-060,1,2000060,role_0=local-a;role_1=local-c;role_2=local-b,SINGLE_PROVIDER_INVALID_RISK,1,1,1,local-a|local-b|local-c,3,WARMUP,warmup,0,3,3,1,local-b|local-c,2,1,1
v4conf-060,2,2000060,role_0=local-a;role_1=local-c;role_2=local-b,SINGLE_PROVIDER_INVALID_RISK,1,1,1,local-a|local-b|local-c,3,WARMUP,warmup,0,3,3,1,local-b|local-c,2,1,1
v4conf-060,3,2000060,role_0=local-a;role_1=local-c;role_2=local-b,SINGLE_PROVIDER_INVALID_RISK,0,1,1,local-b,1,SLO_ESTIMATE_UNSATISFIABLE,best-effort,1,0,1,1,local-b|local-c,2,1,1
v4conf-060,4,2000060,role_0=local-a;role_1=local-c;role_2=local-b,SINGLE_PROVIDER_INVALID_RISK,0,1,1,local-b,1,SLO_ESTIMATE_UNSATISFIABLE,best-effort,1,0,1,1,local-b|local-c,2,1,1
v4conf-060,5,2000060,role_0=local-a;role_1=local-c;role_2=local-b,PAIR_CORRELATED_DEGRADATION,0,1,0,local-b,1,SELECTED,,1,0,1,1,local-b|local-c,2,1,1
v4conf-060,6,2000060,role_0=local-a;role_1=local-c;role_2=local-b,PAIR_CORRELATED_DEGRADATION,0,1,0,local-b,1,SELECTED,,1,0,1,1,local-b|local-c,2,1,1
v4conf-060,7,2000060,role_0=local-a;role_1=local-c;role_2=local-b,PAIR_CORRELATED_DEGRADATION,0,1,0,local-b,1,SELECTED,,1,3,4,1,local-b|local-c,2,1,1
v4conf-060,8,2000060,role_0=local-a;role_1=local-c;role_2=local-b,PAIR_CORRELATED_DEGRADATION,0,1,0,local-b,1,SELECTED,,1,0,1,1,local-b|local-c,2,1,1
v4conf-060,9,2000060,role_0=local-a;role_1=local-c;role_2=local-b,PAIR_CORRELATED_DEGRADATION,0,1,0,local-b,1,SELECTED,,1,0,1,1,local-b|local-c,2,1,1
v4conf-060,10,2000060,role_0=local-a;role_1=local-c;role_2=local-b,PAIR_CORRELATED_DEGRADATION,0,1,0,local-b,1,SELECTED,,1,0,1,1,local-b|local-c,2,1,1
v4conf-060,11,2000060,role_0=local-a;role_1=local-c;role_2=local-b,PAIR_CORRELATED_DEGRADATION,0,1,0,local-b,1,SELECTED,,1,0,1,1,local-b|local-c,2,1,1
v4conf-060,12,2000060,role_0=local-a;role_1=local-c;role_2=local-b,SINGLE_PROVIDER_CONGESTED,0,1,1,local-b,1,SELECTED,,1,0,1,1,local-b|local-c,2,1,1
v4conf-060,13,2000060,role_0=local-a;role_1=local-c;role_2=local-b,SINGLE_PROVIDER_CONGESTED,0,1,1,local-b,1,SELECTED,,1,0,1,1,local-b|local-c,2,1,1
v4conf-060,14,2000060,role_0=local-a;role_1=local-c;role_2=local-b,SINGLE_PROVIDER_CONGESTED,0,1,1,local-b,1,SELECTED,,1,0,1,1,local-b|local-c,2,1,1
v4conf-060,15,2000060,role_0=local-a;role_1=local-c;role_2=local-b,SINGLE_PROVIDER_CONGESTED,0,1,1,local-b,1,SELECTED,,1,3,4,1,local-b|local-c,2,1,1
v4conf-060,16,2000060,role_0=local-a;role_1=local-c;role_2=local-b,SINGLE_PROVIDER_CONGESTED,0,1,1,local-b,1,SELECTED,,1,0,1,1,local-b|local-c,2,1,1
v4conf-060,17,2000060,role_0=local-a;role_1=local-c;role_2=local-b,SINGLE_PROVIDER_CONGESTED,0,1,1,local-b,1,SELECTED,,1,0,1,1,local-b|local-c,2,1,1
v4conf-060,18,2000060,role_0=local-a;role_1=local-c;role_2=local-b,SHARED_DEGRADATION,1,0,0,local-b,1,SELECTED,,1,0,1,0,local-b|local-c,2,0,1
v4conf-060,19,2000060,role_0=local-a;role_1=local-c;role_2=local-b,SHARED_DEGRADATION,0,0,0,local-a|local-b,2,SELECTED,,2,0,2,0,local-b|local-c,2,0,0
v4conf-060,20,2000060,role_0=local-a;role_1=local-c;role_2=local-b,SHARED_DEGRADATION,1,0,1,local-b|local-c,2,SELECTED,,2,0,2,1,local-b|local-c,2,1,1
v4conf-060,21,2000060,role_0=local-a;role_1=local-c;role_2=local-b,SHARED_DEGRADATION,0,0,0,local-b|local-c,2,SELECTED,,2,0,2,0,local-b|local-c,2,0,0
v4conf-061,0,2000061,role_0=local-c;role_1=local-a;role_2=local-b,PAIR_CORRELATED_DEGRADATION,0,1,0,local-a|local-b|local-c,3,WARMUP,warmup,0,3,3,1,local-b|local-c,2,1,1
v4conf-061,1,2000061,role_0=local-c;role_1=local-a;role_2=local-b,PAIR_CORRELATED_DEGRADATION,1,1,0,local-a|local-b|local-c,3,WARMUP,warmup,0,3,3,1,local-b|local-c,2,1,1
v4conf-061,2,2000061,role_0=local-c;role_1=local-a;role_2=local-b,PAIR_CORRELATED_DEGRADATION,0,1,0,local-a|local-b|local-c,3,WARMUP,warmup,0,3,3,1,local-b|local-c,2,1,1
v4conf-061,3,2000061,role_0=local-c;role_1=local-a;role_2=local-b,PAIR_CORRELATED_DEGRADATION,0,1,0,local-b,1,SLO_ESTIMATE_UNSATISFIABLE,best-effort,1,0,1,1,local-b|local-c,2,1,1
v4conf-061,4,2000061,role_0=local-c;role_1=local-a;role_2=local-b,PAIR_CORRELATED_DEGRADATION,0,1,0,local-b,1,SLO_ESTIMATE_UNSATISFIABLE,best-effort,1,0,1,1,local-b|local-c,2,1,1
v4conf-061,5,2000061,role_0=local-c;role_1=local-a;role_2=local-b,PAIR_CORRELATED_DEGRADATION,0,1,0,local-b,1,SELECTED,,1,0,1,1,local-b|local-c,2,1,1
v4conf-061,6,2000061,role_0=local-c;role_1=local-a;role_2=local-b,PAIR_CORRELATED_DEGRADATION,0,1,0,local-b,1,SELECTED,,1,0,1,1,local-b|local-c,2,1,1
v4conf-061,7,2000061,role_0=local-c;role_1=local-a;role_2=local-b,PAIR_CORRELATED_DEGRADATION,0,1,1,local-b,1,SELECTED,,1,3,4,1,local-b|local-c,2,1,1
v4conf-061,8,2000061,role_0=local-c;role_1=local-a;role_2=local-b,PAIR_CORRELATED_DEGRADATION,0,1,0,local-b,1,SELECTED,,1,0,1,1,local-b|local-c,2,1,1
v4conf-061,9,2000061,role_0=local-c;role_1=local-a;role_2=local-b,SINGLE_PROVIDER_CONGESTED,1,1,0,local-b,1,SELECTED,,1,0,1,1,local-b|local-c,2,1,1
v4conf-061,10,2000061,role_0=local-c;role_1=local-a;role_2=local-b,SINGLE_PROVIDER_CONGESTED,1,1,0,local-b,1,SELECTED,,1,0,1,1,local-b|local-c,2,1,1
v4conf-061,11,2000061,role_0=local-c;role_1=local-a;role_2=local-b,SINGLE_PROVIDER_CONGESTED,1,1,0,local-b,1,SELECTED,,1,0,1,1,local-b|local-c,2,1,1
v4conf-061,12,2000061,role_0=local-c;role_1=local-a;role_2=local-b,SINGLE_PROVIDER_CONGESTED,1,1,0,local-b,1,SELECTED,,1,0,1,1,local-b|local-c,2,1,1
v4conf-061,13,2000061,role_0=local-c;role_1=local-a;role_2=local-b,SINGLE_PROVIDER_CONGESTED,1,1,0,local-b,1,SELECTED,,1,0,1,1,local-b|local-c,2,1,1
v4conf-061,14,2000061,role_0=local-c;role_1=local-a;role_2=local-b,SINGLE_PROVIDER_CONGESTED,1,1,0,local-b,1,SELECTED,,1,0,1,1,local-b|local-c,2,1,1
v4conf-061,15,2000061,role_0=local-c;role_1=local-a;role_2=local-b,SINGLE_PROVIDER_CONGESTED,1,1,0,local-b,1,SELECTED,,1,3,4,1,local-b|local-c,2,1,1
v4conf-061,16,2000061,role_0=local-c;role_1=local-a;role_2=local-b,SHARED_DEGRADATION,1,1,0,local-b,1,SELECTED,,1,0,1,1,local-b|local-c,2,1,1
v4conf-061,17,2000061,role_0=local-c;role_1=local-a;role_2=local-b,SHARED_DEGRADATION,0,0,0,local-b,1,SELECTED,,1,0,1,0,local-b|local-c,2,0,0
v4conf-061,18,2000061,role_0=local-c;role_1=local-a;role_2=local-b,SHARED_DEGRADATION,0,0,0,local-a|local-b,2,SELECTED,,2,0,2,0,local-b|local-c,2,0,0
v4conf-061,19,2000061,role_0=local-c;role_1=local-a;role_2=local-b,SHARED_DEGRADATION,0,0,0,local-b|local-c,2,SELECTED,,2,0,2,0,local-b|local-c,2,0,0
v4conf-061,20,2000061,role_0=local-c;role_1=local-a;role_2=local-b,SHARED_DEGRADATION,0,0,0,local-a|local-b|local-c,3,SELECTED,,3,0,3,0,local-b|local-c,2,0,0
v4conf-061,21,2000061,role_0=local-c;role_1=local-a;role_2=local-b,SHARED_DEGRADATION,0,0,0,local-a|local-b|local-c,3,SLO_ESTIMATE_UNSATISFIABLE,best-effort,3,0,3,0,local-b|local-c,2,0,0
v4conf-062,0,2000062,role_0=local-c;role_1=local-a;role_2=local-b,NORMAL,1,1,1,local-a|local-b|local-c,3,WARMUP,warmup,0,3,3,1,local-b|local-c,2,1,1
v4conf-062,1,2000062,role_0=local-c;role_1=local-a;role_2=local-b,NORMAL,1,1,1,local-a|local-b|local-c,3,WARMUP,warmup,0,3,3,1,local-b|local-c,2,1,1
v4conf-062,2,2000062,role_0=local-c;role_1=local-a;role_2=local-b,NORMAL,1,1,1,local-a|local-b|local-c,3,WARMUP,warmup,0,3,3,1,local-b|local-c,2,1,1
v4conf-062,3,2000062,role_0=local-c;role_1=local-a;role_2=local-b,NORMAL,1,1,1,local-a,1,SLO_ESTIMATE_UNSATISFIABLE,best-effort,1,0,1,1,local-b|local-c,2,1,1
v4conf-062,4,2000062,role_0=local-c;role_1=local-a;role_2=local-b,SINGLE_PROVIDER_UNSTABLE,1,1,0,local-a,1,SLO_ESTIMATE_UNSATISFIABLE,best-effort,1,0,1,1,local-b|local-c,2,1,1
v4conf-062,5,2000062,role_0=local-c;role_1=local-a;role_2=local-b,SINGLE_PROVIDER_UNSTABLE,1,1,1,local-a,1,SELECTED,,1,0,1,1,local-b|local-c,2,1,1
v4conf-062,6,2000062,role_0=local-c;role_1=local-a;role_2=local-b,SINGLE_PROVIDER_UNSTABLE,1,1,0,local-a,1,SELECTED,,1,0,1,1,local-b|local-c,2,1,1
v4conf-062,7,2000062,role_0=local-c;role_1=local-a;role_2=local-b,SINGLE_PROVIDER_UNSTABLE,1,1,1,local-a,1,SELECTED,,1,3,4,1,local-b|local-c,2,1,1
v4conf-062,8,2000062,role_0=local-c;role_1=local-a;role_2=local-b,SINGLE_PROVIDER_UNSTABLE,1,1,1,local-a,1,SELECTED,,1,0,1,1,local-b|local-c,2,1,1
v4conf-062,9,2000062,role_0=local-c;role_1=local-a;role_2=local-b,SINGLE_PROVIDER_UNSTABLE,1,1,1,local-a,1,SELECTED,,1,0,1,1,local-b|local-c,2,1,1
v4conf-062,10,2000062,role_0=local-c;role_1=local-a;role_2=local-b,SHARED_DEGRADATION,0,0,0,local-a,1,SELECTED,,1,0,1,0,local-b|local-c,2,0,0
v4conf-062,11,2000062,role_0=local-c;role_1=local-a;role_2=local-b,SHARED_DEGRADATION,0,0,0,local-a|local-b,2,SELECTED,,2,0,2,0,local-b|local-c,2,0,0
v4conf-062,12,2000062,role_0=local-c;role_1=local-a;role_2=local-b,SHARED_DEGRADATION,0,0,1,local-a|local-c,2,SELECTED,,2,0,2,1,local-b|local-c,2,1,1
v4conf-062,13,2000062,role_0=local-c;role_1=local-a;role_2=local-b,SHARED_DEGRADATION,0,0,0,local-c,1,SELECTED,,1,0,1,0,local-b|local-c,2,0,0
v4conf-062,14,2000062,role_0=local-c;role_1=local-a;role_2=local-b,PAIR_CORRELATED_DEGRADATION,0,1,0,local-a|local-c,2,SELECTED,,2,0,2,0,local-b|local-c,2,1,1
v4conf-062,15,2000062,role_0=local-c;role_1=local-a;role_2=local-b,PAIR_CORRELATED_DEGRADATION,0,1,1,local-b|local-c,2,SELECTED,,2,3,5,1,local-b|local-c,2,1,1
v4conf-062,16,2000062,role_0=local-c;role_1=local-a;role_2=local-b,PAIR_CORRELATED_DEGRADATION,0,1,0,local-b|local-c,2,SELECTED,,2,0,2,1,local-b|local-c,2,1,1
v4conf-062,17,2000062,role_0=local-c;role_1=local-a;role_2=local-b,PAIR_CORRELATED_DEGRADATION,0,1,0,local-b|local-c,2,SELECTED,,2,0,2,1,local-b|local-c,2,1,1
v4conf-062,18,2000062,role_0=local-c;role_1=local-a;role_2=local-b,SINGLE_PROVIDER_CONGESTED,1,1,0,local-b|local-c,2,SELECTED,,2,0,2,1,local-b|local-c,2,1,1
v4conf-062,19,2000062,role_0=local-c;role_1=local-a;role_2=local-b,SINGLE_PROVIDER_CONGESTED,1,1,0,local-b|local-c,2,SELECTED,,2,0,2,1,local-b|local-c,2,1,1
v4conf-062,20,2000062,role_0=local-c;role_1=local-a;role_2=local-b,SINGLE_PROVIDER_CONGESTED,1,1,0,local-b|local-c,2,SELECTED,,2,0,2,1,local-b|local-c,2,1,1
v4conf-062,21,2000062,role_0=local-c;role_1=local-a;role_2=local-b,SINGLE_PROVIDER_CONGESTED,1,1,0,local-b|local-c,2,SELECTED,,2,0,2,1,local-b|local-c,2,1,1
v4conf-063,0,2000063,role_0=local-b;role_1=local-a;role_2=local-c,SHARED_DEGRADATION,0,0,0,local-a|local-b|local-c,3,WARMUP,warmup,0,3,3,0,local-b|local-c,2,0,0
v4conf-063,1,2000063,role_0=local-b;role_1=local-a;role_2=local-c,SHARED_DEGRADATION,0,0,0,local-a|local-b|local-c,3,WARMUP,warmup,0,3,3,0,local-b|local-c,2,0,0
v4conf-063,2,2000063,role_0=local-b;role_1=local-a;role_2=local-c,SHARED_DEGRADATION,0,0,0,local-a|local-b|local-c,3,WARMUP,warmup,0,3,3,0,local-b|local-c,2,0,0
v4conf-063,3,2000063,role_0=local-b;role_1=local-a;role_2=local-c,SHARED_DEGRADATION,1,0,0,local-a,1,SLO_ESTIMATE_UNSATISFIABLE,best-effort,1,0,1,1,local-b|local-c,2,0,1
v4conf-063,4,2000063,role_0=local-b;role_1=local-a;role_2=local-c,SHARED_DEGRADATION,0,0,0,local-a,1,SLO_ESTIMATE_UNSATISFIABLE,best-effort,1,0,1,0,local-b|local-c,2,0,0
v4conf-063,5,2000063,role_0=local-b;role_1=local-a;role_2=local-c,NORMAL,1,1,1,local-a|local-b,2,SLO_ESTIMATE_UNSATISFIABLE,best-effort,2,0,2,1,local-b|local-c,2,1,1
v4conf-063,6,2000063,role_0=local-b;role_1=local-a;role_2=local-c,NORMAL,1,1,1,local-a|local-b,2,SLO_ESTIMATE_UNSATISFIABLE,best-effort,2,0,2,1,local-b|local-c,2,1,1
v4conf-063,7,2000063,role_0=local-b;role_1=local-a;role_2=local-c,NORMAL,1,1,1,local-a|local-b,2,SLO_ESTIMATE_UNSATISFIABLE,best-effort,2,3,5,1,local-b|local-c,2,1,1
v4conf-063,8,2000063,role_0=local-b;role_1=local-a;role_2=local-c,NORMAL,1,1,1,local-a|local-b,2,SLO_ESTIMATE_UNSATISFIABLE,best-effort,2,0,2,1,local-b|local-c,2,1,1
v4conf-063,9,2000063,role_0=local-b;role_1=local-a;role_2=local-c,NORMAL,1,1,1,local-a|local-b,2,SLO_ESTIMATE_UNSATISFIABLE,best-effort,2,0,2,1,local-b|local-c,2,1,1
v4conf-063,10,2000063,role_0=local-b;role_1=local-a;role_2=local-c,SINGLE_PROVIDER_UNSTABLE,1,0,1,local-a|local-b,2,SLO_ESTIMATE_UNSATISFIABLE,best-effort,2,0,2,1,local-b|local-c,2,1,1
v4conf-063,11,2000063,role_0=local-b;role_1=local-a;role_2=local-c,SINGLE_PROVIDER_UNSTABLE,1,0,1,local-a,1,SLO_ESTIMATE_UNSATISFIABLE,best-effort,1,0,1,1,local-b|local-c,2,1,1
v4conf-063,12,2000063,role_0=local-b;role_1=local-a;role_2=local-c,SINGLE_PROVIDER_UNSTABLE,1,0,1,local-a,1,SLO_ESTIMATE_UNSATISFIABLE,best-effort,1,0,1,1,local-b|local-c,2,1,1
v4conf-063,13,2000063,role_0=local-b;role_1=local-a;role_2=local-c,SINGLE_PROVIDER_UNSTABLE,1,0,1,local-a,1,SLO_ESTIMATE_UNSATISFIABLE,best-effort,1,0,1,1,local-b|local-c,2,1,1
v4conf-063,14,2000063,role_0=local-b;role_1=local-a;role_2=local-c,SINGLE_PROVIDER_UNSTABLE,1,1,1,local-a|local-b,2,SELECTED,,2,0,2,1,local-b|local-c,2,1,1
v4conf-063,15,2000063,role_0=local-b;role_1=local-a;role_2=local-c,PAIR_CORRELATED_DEGRADATION,0,1,1,local-a,1,SELECTED,,1,3,4,0,local-b|local-c,2,1,1
v4conf-063,16,2000063,role_0=local-b;role_1=local-a;role_2=local-c,PAIR_CORRELATED_DEGRADATION,0,0,1,local-a|local-b,2,SELECTED,,2,0,2,0,local-b|local-c,2,1,1
v4conf-063,17,2000063,role_0=local-b;role_1=local-a;role_2=local-c,PAIR_CORRELATED_DEGRADATION,0,0,1,local-a|local-c,2,SELECTED,,2,0,2,1,local-b|local-c,2,1,1
v4conf-063,18,2000063,role_0=local-b;role_1=local-a;role_2=local-c,PAIR_CORRELATED_DEGRADATION,0,0,1,local-a|local-c,2,SELECTED,,2,0,2,1,local-b|local-c,2,1,1
v4conf-063,19,2000063,role_0=local-b;role_1=local-a;role_2=local-c,PAIR_CORRELATED_DEGRADATION,0,0,1,local-a|local-c,2,SELECTED,,2,0,2,1,local-b|local-c,2,1,1
v4conf-063,20,2000063,role_0=local-b;role_1=local-a;role_2=local-c,PAIR_CORRELATED_DEGRADATION,0,0,1,local-a|local-c,2,SELECTED,,2,0,2,1,local-b|local-c,2,1,1
v4conf-063,21,2000063,role_0=local-b;role_1=local-a;role_2=local-c,PAIR_CORRELATED_DEGRADATION,0,0,1,local-a|local-c,2,SELECTED,,2,0,2,1,local-b|local-c,2,1,1
v4conf-064,0,2000064,role_0=local-c;role_1=local-a;role_2=local-b,PAIR_CORRELATED_DEGRADATION,0,1,1,local-a|local-b|local-c,3,WARMUP,warmup,0,3,3,1,local-b|local-c,2,1,1
v4conf-064,1,2000064,role_0=local-c;role_1=local-a;role_2=local-b,PAIR_CORRELATED_DEGRADATION,0,1,0,local-a|local-b|local-c,3,WARMUP,warmup,0,3,3,1,local-b|local-c,2,1,1
v4conf-064,2,2000064,role_0=local-c;role_1=local-a;role_2=local-b,PAIR_CORRELATED_DEGRADATION,0,1,0,local-a|local-b|local-c,3,WARMUP,warmup,0,3,3,1,local-b|local-c,2,1,1
v4conf-064,3,2000064,role_0=local-c;role_1=local-a;role_2=local-b,PAIR_CORRELATED_DEGRADATION,0,1,0,local-b,1,SLO_ESTIMATE_UNSATISFIABLE,best-effort,1,0,1,1,local-b|local-c,2,1,1
v4conf-064,4,2000064,role_0=local-c;role_1=local-a;role_2=local-b,PAIR_CORRELATED_DEGRADATION,0,1,1,local-b,1,SLO_ESTIMATE_UNSATISFIABLE,best-effort,1,0,1,1,local-b|local-c,2,1,1
v4conf-064,5,2000064,role_0=local-c;role_1=local-a;role_2=local-b,NORMAL,1,1,1,local-b,1,SELECTED,,1,0,1,1,local-b|local-c,2,1,1
v4conf-064,6,2000064,role_0=local-c;role_1=local-a;role_2=local-b,NORMAL,1,1,1,local-b,1,SELECTED,,1,0,1,1,local-b|local-c,2,1,1
v4conf-064,7,2000064,role_0=local-c;role_1=local-a;role_2=local-b,NORMAL,1,1,1,local-b,1,SELECTED,,1,3,4,1,local-b|local-c,2,1,1
v4conf-064,8,2000064,role_0=local-c;role_1=local-a;role_2=local-b,NORMAL,1,1,1,local-b,1,SELECTED,,1,0,1,1,local-b|local-c,2,1,1
v4conf-064,9,2000064,role_0=local-c;role_1=local-a;role_2=local-b,NORMAL,1,1,1,local-b,1,SELECTED,,1,0,1,1,local-b|local-c,2,1,1
v4conf-064,10,2000064,role_0=local-c;role_1=local-a;role_2=local-b,SINGLE_PROVIDER_INVALID_RISK,1,1,0,local-b,1,SELECTED,,1,0,1,1,local-b|local-c,2,1,1
v4conf-064,11,2000064,role_0=local-c;role_1=local-a;role_2=local-b,SINGLE_PROVIDER_INVALID_RISK,1,1,1,local-b,1,SELECTED,,1,0,1,1,local-b|local-c,2,1,1
v4conf-064,12,2000064,role_0=local-c;role_1=local-a;role_2=local-b,SINGLE_PROVIDER_INVALID_RISK,1,1,1,local-b,1,SELECTED,,1,0,1,1,local-b|local-c,2,1,1
v4conf-064,13,2000064,role_0=local-c;role_1=local-a;role_2=local-b,SINGLE_PROVIDER_INVALID_RISK,1,1,1,local-b,1,SELECTED,,1,0,1,1,local-b|local-c,2,1,1
v4conf-064,14,2000064,role_0=local-c;role_1=local-a;role_2=local-b,SINGLE_PROVIDER_INVALID_RISK,1,1,1,local-b,1,SELECTED,,1,0,1,1,local-b|local-c,2,1,1
v4conf-064,15,2000064,role_0=local-c;role_1=local-a;role_2=local-b,SINGLE_PROVIDER_INVALID_RISK,1,1,1,local-b,1,SELECTED,,1,3,4,1,local-b|local-c,2,1,1
v4conf-064,16,2000064,role_0=local-c;role_1=local-a;role_2=local-b,SINGLE_PROVIDER_INVALID_RISK,1,1,1,local-b,1,SELECTED,,1,0,1,1,local-b|local-c,2,1,1
v4conf-064,17,2000064,role_0=local-c;role_1=local-a;role_2=local-b,SINGLE_PROVIDER_INVALID_RISK,1,1,1,local-b,1,SELECTED,,1,0,1,1,local-b|local-c,2,1,1
v4conf-064,18,2000064,role_0=local-c;role_1=local-a;role_2=local-b,SINGLE_PROVIDER_INVALID_RISK,1,1,0,local-b,1,SELECTED,,1,0,1,1,local-b|local-c,2,1,1
v4conf-064,19,2000064,role_0=local-c;role_1=local-a;role_2=local-b,SINGLE_PROVIDER_INVALID_RISK,1,1,1,local-b,1,SELECTED,,1,0,1,1,local-b|local-c,2,1,1
v4conf-064,20,2000064,role_0=local-c;role_1=local-a;role_2=local-b,SINGLE_PROVIDER_INVALID_RISK,1,1,1,local-b,1,SELECTED,,1,0,1,1,local-b|local-c,2,1,1
v4conf-064,21,2000064,role_0=local-c;role_1=local-a;role_2=local-b,SINGLE_PROVIDER_INVALID_RISK,1,1,0,local-b,1,SELECTED,,1,0,1,1,local-b|local-c,2,1,1
v4conf-065,0,2000065,role_0=local-c;role_1=local-b;role_2=local-a,SINGLE_PROVIDER_CONGESTED,1,1,0,local-a|local-b|local-c,3,WARMUP,warmup,0,3,3,1,local-b|local-c,2,1,1
v4conf-065,1,2000065,role_0=local-c;role_1=local-b;role_2=local-a,SINGLE_PROVIDER_CONGESTED,1,1,0,local-a|local-b|local-c,3,WARMUP,warmup,0,3,3,1,local-b|local-c,2,1,1
v4conf-065,2,2000065,role_0=local-c;role_1=local-b;role_2=local-a,SINGLE_PROVIDER_CONGESTED,1,1,0,local-a|local-b|local-c,3,WARMUP,warmup,0,3,3,1,local-b|local-c,2,1,1
v4conf-065,3,2000065,role_0=local-c;role_1=local-b;role_2=local-a,SINGLE_PROVIDER_CONGESTED,1,1,0,local-a,1,SLO_ESTIMATE_UNSATISFIABLE,best-effort,1,0,1,1,local-b|local-c,2,1,1
v4conf-065,4,2000065,role_0=local-c;role_1=local-b;role_2=local-a,SINGLE_PROVIDER_CONGESTED,1,1,0,local-a,1,SLO_ESTIMATE_UNSATISFIABLE,best-effort,1,0,1,1,local-b|local-c,2,1,1
v4conf-065,5,2000065,role_0=local-c;role_1=local-b;role_2=local-a,SINGLE_PROVIDER_CONGESTED,1,1,0,local-a,1,SELECTED,,1,0,1,1,local-b|local-c,2,1,1
v4conf-065,6,2000065,role_0=local-c;role_1=local-b;role_2=local-a,SINGLE_PROVIDER_CONGESTED,1,1,0,local-a,1,SELECTED,,1,0,1,1,local-b|local-c,2,1,1
v4conf-065,7,2000065,role_0=local-c;role_1=local-b;role_2=local-a,SINGLE_PROVIDER_CONGESTED,1,1,0,local-a,1,SELECTED,,1,3,4,1,local-b|local-c,2,1,1
v4conf-065,8,2000065,role_0=local-c;role_1=local-b;role_2=local-a,NORMAL,1,1,1,local-a,1,SELECTED,,1,0,1,1,local-b|local-c,2,1,1
v4conf-065,9,2000065,role_0=local-c;role_1=local-b;role_2=local-a,NORMAL,1,1,1,local-a,1,SELECTED,,1,0,1,1,local-b|local-c,2,1,1
v4conf-065,10,2000065,role_0=local-c;role_1=local-b;role_2=local-a,NORMAL,1,1,1,local-a,1,SELECTED,,1,0,1,1,local-b|local-c,2,1,1
v4conf-065,11,2000065,role_0=local-c;role_1=local-b;role_2=local-a,NORMAL,1,1,1,local-a,1,SELECTED,,1,0,1,1,local-b|local-c,2,1,1
v4conf-065,12,2000065,role_0=local-c;role_1=local-b;role_2=local-a,NORMAL,1,1,1,local-a,1,SELECTED,,1,0,1,1,local-b|local-c,2,1,1
v4conf-065,13,2000065,role_0=local-c;role_1=local-b;role_2=local-a,NORMAL,1,1,1,local-a,1,SELECTED,,1,0,1,1,local-b|local-c,2,1,1
v4conf-065,14,2000065,role_0=local-c;role_1=local-b;role_2=local-a,NORMAL,1,1,1,local-a,1,SELECTED,,1,0,1,1,local-b|local-c,2,1,1
v4conf-065,15,2000065,role_0=local-c;role_1=local-b;role_2=local-a,NORMAL,1,1,1,local-a,1,SELECTED,,1,3,4,1,local-b|local-c,2,1,1
v4conf-065,16,2000065,role_0=local-c;role_1=local-b;role_2=local-a,NORMAL,1,1,1,local-a,1,SELECTED,,1,0,1,1,local-b|local-c,2,1,1
v4conf-065,17,2000065,role_0=local-c;role_1=local-b;role_2=local-a,SINGLE_PROVIDER_CONGESTED,1,1,0,local-a,1,SELECTED,,1,0,1,1,local-b|local-c,2,1,1
v4conf-065,18,2000065,role_0=local-c;role_1=local-b;role_2=local-a,SINGLE_PROVIDER_CONGESTED,1,1,0,local-a,1,SELECTED,,1,0,1,1,local-b|local-c,2,1,1
v4conf-065,19,2000065,role_0=local-c;role_1=local-b;role_2=local-a,SINGLE_PROVIDER_CONGESTED,1,1,0,local-a,1,SELECTED,,1,0,1,1,local-b|local-c,2,1,1
v4conf-065,20,2000065,role_0=local-c;role_1=local-b;role_2=local-a,SINGLE_PROVIDER_CONGESTED,1,1,0,local-a,1,SELECTED,,1,0,1,1,local-b|local-c,2,1,1
v4conf-065,21,2000065,role_0=local-c;role_1=local-b;role_2=local-a,SINGLE_PROVIDER_CONGESTED,1,1,0,local-a,1,SELECTED,,1,0,1,1,local-b|local-c,2,1,1
v4conf-066,0,2000066,role_0=local-c;role_1=local-b;role_2=local-a,NORMAL,1,1,1,local-a|local-b|local-c,3,WARMUP,warmup,0,3,3,1,local-b|local-c,2,1,1
v4conf-066,1,2000066,role_0=local-c;role_1=local-b;role_2=local-a,NORMAL,1,1,1,local-a|local-b|local-c,3,WARMUP,warmup,0,3,3,1,local-b|local-c,2,1,1
v4conf-066,2,2000066,role_0=local-c;role_1=local-b;role_2=local-a,NORMAL,1,1,1,local-a|local-b|local-c,3,WARMUP,warmup,0,3,3,1,local-b|local-c,2,1,1
v4conf-066,3,2000066,role_0=local-c;role_1=local-b;role_2=local-a,NORMAL,1,1,1,local-a,1,SLO_ESTIMATE_UNSATISFIABLE,best-effort,1,0,1,1,local-b|local-c,2,1,1
v4conf-066,4,2000066,role_0=local-c;role_1=local-b;role_2=local-a,NORMAL,1,1,1,local-a,1,SLO_ESTIMATE_UNSATISFIABLE,best-effort,1,0,1,1,local-b|local-c,2,1,1
v4conf-066,5,2000066,role_0=local-c;role_1=local-b;role_2=local-a,NORMAL,1,1,1,local-a,1,SELECTED,,1,0,1,1,local-b|local-c,2,1,1
v4conf-066,6,2000066,role_0=local-c;role_1=local-b;role_2=local-a,NORMAL,1,1,1,local-a,1,SELECTED,,1,0,1,1,local-b|local-c,2,1,1
v4conf-066,7,2000066,role_0=local-c;role_1=local-b;role_2=local-a,NORMAL,1,1,1,local-a,1,SELECTED,,1,3,4,1,local-b|local-c,2,1,1
v4conf-066,8,2000066,role_0=local-c;role_1=local-b;role_2=local-a,NORMAL,1,1,1,local-a,1,SELECTED,,1,0,1,1,local-b|local-c,2,1,1
v4conf-066,9,2000066,role_0=local-c;role_1=local-b;role_2=local-a,NORMAL,1,1,1,local-a,1,SELECTED,,1,0,1,1,local-b|local-c,2,1,1
v4conf-066,10,2000066,role_0=local-c;role_1=local-b;role_2=local-a,NORMAL,1,1,1,local-a,1,SELECTED,,1,0,1,1,local-b|local-c,2,1,1
v4conf-066,11,2000066,role_0=local-c;role_1=local-b;role_2=local-a,NORMAL,1,1,1,local-a,1,SELECTED,,1,0,1,1,local-b|local-c,2,1,1
v4conf-066,12,2000066,role_0=local-c;role_1=local-b;role_2=local-a,NORMAL,1,1,1,local-a,1,SELECTED,,1,0,1,1,local-b|local-c,2,1,1
v4conf-066,13,2000066,role_0=local-c;role_1=local-b;role_2=local-a,NORMAL,1,1,1,local-a,1,SELECTED,,1,0,1,1,local-b|local-c,2,1,1
v4conf-066,14,2000066,role_0=local-c;role_1=local-b;role_2=local-a,NORMAL,1,1,1,local-a,1,SELECTED,,1,0,1,1,local-b|local-c,2,1,1
v4conf-066,15,2000066,role_0=local-c;role_1=local-b;role_2=local-a,NORMAL,1,1,1,local-a,1,SELECTED,,1,3,4,1,local-b|local-c,2,1,1
v4conf-066,16,2000066,role_0=local-c;role_1=local-b;role_2=local-a,NORMAL,1,1,1,local-a,1,SELECTED,,1,0,1,1,local-b|local-c,2,1,1
v4conf-066,17,2000066,role_0=local-c;role_1=local-b;role_2=local-a,SINGLE_PROVIDER_CONGESTED,1,1,0,local-a,1,SELECTED,,1,0,1,1,local-b|local-c,2,1,1
v4conf-066,18,2000066,role_0=local-c;role_1=local-b;role_2=local-a,SINGLE_PROVIDER_CONGESTED,1,1,0,local-a,1,SELECTED,,1,0,1,1,local-b|local-c,2,1,1
v4conf-066,19,2000066,role_0=local-c;role_1=local-b;role_2=local-a,SINGLE_PROVIDER_CONGESTED,1,1,0,local-a,1,SELECTED,,1,0,1,1,local-b|local-c,2,1,1
v4conf-066,20,2000066,role_0=local-c;role_1=local-b;role_2=local-a,SINGLE_PROVIDER_CONGESTED,1,1,0,local-a,1,SELECTED,,1,0,1,1,local-b|local-c,2,1,1
v4conf-066,21,2000066,role_0=local-c;role_1=local-b;role_2=local-a,SINGLE_PROVIDER_CONGESTED,1,1,0,local-a,1,SELECTED,,1,0,1,1,local-b|local-c,2,1,1
v4conf-067,0,2000067,role_0=local-b;role_1=local-c;role_2=local-a,SINGLE_PROVIDER_INVALID_RISK,1,1,1,local-a|local-b|local-c,3,WARMUP,warmup,0,3,3,1,local-b|local-c,2,1,1
v4conf-067,1,2000067,role_0=local-b;role_1=local-c;role_2=local-a,SINGLE_PROVIDER_INVALID_RISK,1,1,1,local-a|local-b|local-c,3,WARMUP,warmup,0,3,3,1,local-b|local-c,2,1,1
v4conf-067,2,2000067,role_0=local-b;role_1=local-c;role_2=local-a,SINGLE_PROVIDER_INVALID_RISK,1,0,1,local-a|local-b|local-c,3,WARMUP,warmup,0,3,3,1,local-b|local-c,2,1,1
v4conf-067,3,2000067,role_0=local-b;role_1=local-c;role_2=local-a,SINGLE_PROVIDER_INVALID_RISK,1,0,1,local-a,1,SLO_ESTIMATE_UNSATISFIABLE,best-effort,1,0,1,1,local-b|local-c,2,1,1
v4conf-067,4,2000067,role_0=local-b;role_1=local-c;role_2=local-a,SINGLE_PROVIDER_INVALID_RISK,1,0,1,local-a,1,SLO_ESTIMATE_UNSATISFIABLE,best-effort,1,0,1,1,local-b|local-c,2,1,1
v4conf-067,5,2000067,role_0=local-b;role_1=local-c;role_2=local-a,SINGLE_PROVIDER_INVALID_RISK,1,1,1,local-a,1,SELECTED,,1,0,1,1,local-b|local-c,2,1,1
v4conf-067,6,2000067,role_0=local-b;role_1=local-c;role_2=local-a,SINGLE_PROVIDER_INVALID_RISK,1,0,1,local-a,1,SELECTED,,1,0,1,1,local-b|local-c,2,1,1
v4conf-067,7,2000067,role_0=local-b;role_1=local-c;role_2=local-a,SINGLE_PROVIDER_INVALID_RISK,1,1,1,local-a,1,SELECTED,,1,3,4,1,local-b|local-c,2,1,1
v4conf-067,8,2000067,role_0=local-b;role_1=local-c;role_2=local-a,SHARED_DEGRADATION,0,0,0,local-a,1,SELECTED,,1,0,1,0,local-b|local-c,2,0,0
v4conf-067,9,2000067,role_0=local-b;role_1=local-c;role_2=local-a,SHARED_DEGRADATION,0,0,0,local-a|local-b,2,SELECTED,,2,0,2,0,local-b|local-c,2,0,0
v4conf-067,10,2000067,role_0=local-b;role_1=local-c;role_2=local-a,SHARED_DEGRADATION,0,0,1,local-a|local-c,2,SELECTED,,2,0,2,1,local-b|local-c,2,1,1
v4conf-067,11,2000067,role_0=local-b;role_1=local-c;role_2=local-a,SHARED_DEGRADATION,1,1,0,local-c,1,SELECTED,,1,0,1,0,local-b|local-c,2,1,1
v4conf-067,12,2000067,role_0=local-b;role_1=local-c;role_2=local-a,SHARED_DEGRADATION,1,0,0,local-a|local-c,2,SELECTED,,2,0,2,1,local-b|local-c,2,0,1
v4conf-067,13,2000067,role_0=local-b;role_1=local-c;role_2=local-a,SINGLE_PROVIDER_CONGESTED,1,0,1,local-a|local-c,2,SELECTED,,2,0,2,1,local-b|local-c,2,1,1
v4conf-067,14,2000067,role_0=local-b;role_1=local-c;role_2=local-a,SINGLE_PROVIDER_CONGESTED,1,0,1,local-a|local-c,2,SELECTED,,2,0,2,1,local-b|local-c,2,1,1
v4conf-067,15,2000067,role_0=local-b;role_1=local-c;role_2=local-a,SINGLE_PROVIDER_CONGESTED,1,0,1,local-a|local-c,2,SELECTED,,2,3,5,1,local-b|local-c,2,1,1
v4conf-067,16,2000067,role_0=local-b;role_1=local-c;role_2=local-a,SINGLE_PROVIDER_CONGESTED,1,0,1,local-a|local-c,2,SELECTED,,2,0,2,1,local-b|local-c,2,1,1
v4conf-067,17,2000067,role_0=local-b;role_1=local-c;role_2=local-a,SINGLE_PROVIDER_CONGESTED,1,0,1,local-a|local-c,2,SELECTED,,2,0,2,1,local-b|local-c,2,1,1
v4conf-067,18,2000067,role_0=local-b;role_1=local-c;role_2=local-a,SINGLE_PROVIDER_CONGESTED,1,0,1,local-a|local-c,2,SELECTED,,2,0,2,1,local-b|local-c,2,1,1
v4conf-067,19,2000067,role_0=local-b;role_1=local-c;role_2=local-a,NORMAL,1,1,1,local-a|local-c,2,SELECTED,,2,0,2,1,local-b|local-c,2,1,1
v4conf-067,20,2000067,role_0=local-b;role_1=local-c;role_2=local-a,NORMAL,1,1,1,local-a|local-c,2,SELECTED,,2,0,2,1,local-b|local-c,2,1,1
v4conf-067,21,2000067,role_0=local-b;role_1=local-c;role_2=local-a,NORMAL,1,1,1,local-a|local-c,2,SELECTED,,2,0,2,1,local-b|local-c,2,1,1
v4conf-068,0,2000068,role_0=local-a;role_1=local-b;role_2=local-c,NORMAL,1,1,1,local-a|local-b|local-c,3,WARMUP,warmup,0,3,3,1,local-b|local-c,2,1,1
v4conf-068,1,2000068,role_0=local-a;role_1=local-b;role_2=local-c,NORMAL,1,1,1,local-a|local-b|local-c,3,WARMUP,warmup,0,3,3,1,local-b|local-c,2,1,1
v4conf-068,2,2000068,role_0=local-a;role_1=local-b;role_2=local-c,NORMAL,1,1,1,local-a|local-b|local-c,3,WARMUP,warmup,0,3,3,1,local-b|local-c,2,1,1
v4conf-068,3,2000068,role_0=local-a;role_1=local-b;role_2=local-c,NORMAL,1,1,1,local-a,1,SLO_ESTIMATE_UNSATISFIABLE,best-effort,1,0,1,1,local-b|local-c,2,1,1
v4conf-068,4,2000068,role_0=local-a;role_1=local-b;role_2=local-c,NORMAL,1,1,1,local-a,1,SLO_ESTIMATE_UNSATISFIABLE,best-effort,1,0,1,1,local-b|local-c,2,1,1
v4conf-068,5,2000068,role_0=local-a;role_1=local-b;role_2=local-c,NORMAL,1,1,1,local-a,1,SELECTED,,1,0,1,1,local-b|local-c,2,1,1
v4conf-068,6,2000068,role_0=local-a;role_1=local-b;role_2=local-c,SHARED_DEGRADATION,0,0,0,local-a,1,SELECTED,,1,0,1,0,local-b|local-c,2,0,0
v4conf-068,7,2000068,role_0=local-a;role_1=local-b;role_2=local-c,SHARED_DEGRADATION,0,0,0,local-a|local-b,2,SELECTED,,2,3,5,0,local-b|local-c,2,0,0
v4conf-068,8,2000068,role_0=local-a;role_1=local-b;role_2=local-c,SHARED_DEGRADATION,0,0,0,local-a|local-b,2,SLO_ESTIMATE_UNSATISFIABLE,best-effort,2,0,2,0,local-b|local-c,2,0,0
v4conf-068,9,2000068,role_0=local-a;role_1=local-b;role_2=local-c,SHARED_DEGRADATION,0,1,0,local-a|local-c,2,SLO_ESTIMATE_UNSATISFIABLE,best-effort,2,0,2,0,local-b|local-c,2,1,1
v4conf-068,10,2000068,role_0=local-a;role_1=local-b;role_2=local-c,SHARED_DEGRADATION,0,0,0,local-a|local-b|local-c,3,SLO_ESTIMATE_UNSATISFIABLE,best-effort,3,0,3,0,local-b|local-c,2,0,0
v4conf-068,11,2000068,role_0=local-a;role_1=local-b;role_2=local-c,SHARED_DEGRADATION,0,0,0,local-a|local-b|local-c,3,SLO_ESTIMATE_UNSATISFIABLE,best-effort,3,0,3,0,local-b|local-c,2,0,0
v4conf-068,12,2000068,role_0=local-a;role_1=local-b;role_2=local-c,SHARED_DEGRADATION,0,0,0,local-a|local-b|local-c,3,SLO_ESTIMATE_UNSATISFIABLE,best-effort,3,0,3,0,local-b|local-c,2,0,0
v4conf-068,13,2000068,role_0=local-a;role_1=local-b;role_2=local-c,SHARED_DEGRADATION,0,0,0,local-a|local-b|local-c,3,SLO_ESTIMATE_UNSATISFIABLE,best-effort,3,0,3,0,local-b|local-c,2,0,0
v4conf-068,14,2000068,role_0=local-a;role_1=local-b;role_2=local-c,SHARED_DEGRADATION,0,0,0,local-a|local-b|local-c,3,SLO_ESTIMATE_UNSATISFIABLE,best-effort,3,0,3,0,local-b|local-c,2,0,0
v4conf-068,15,2000068,role_0=local-a;role_1=local-b;role_2=local-c,SINGLE_PROVIDER_UNSTABLE,0,1,1,local-a|local-b|local-c,3,SLO_ESTIMATE_UNSATISFIABLE,best-effort,3,3,6,1,local-b|local-c,2,1,1
v4conf-068,16,2000068,role_0=local-a;role_1=local-b;role_2=local-c,SINGLE_PROVIDER_UNSTABLE,0,1,1,local-b|local-c,2,SLO_ESTIMATE_UNSATISFIABLE,best-effort,2,0,2,1,local-b|local-c,2,1,1
v4conf-068,17,2000068,role_0=local-a;role_1=local-b;role_2=local-c,SINGLE_PROVIDER_UNSTABLE,0,1,1,local-b|local-c,2,SLO_ESTIMATE_UNSATISFIABLE,best-effort,2,0,2,1,local-b|local-c,2,1,1
v4conf-068,18,2000068,role_0=local-a;role_1=local-b;role_2=local-c,SINGLE_PROVIDER_UNSTABLE,1,1,1,local-b|local-c,2,SLO_ESTIMATE_UNSATISFIABLE,best-effort,2,0,2,1,local-b|local-c,2,1,1
v4conf-068,19,2000068,role_0=local-a;role_1=local-b;role_2=local-c,SHARED_DEGRADATION,1,0,0,local-b,1,SLO_ESTIMATE_UNSATISFIABLE,best-effort,1,0,1,0,local-b|local-c,2,0,1
v4conf-068,20,2000068,role_0=local-a;role_1=local-b;role_2=local-c,SHARED_DEGRADATION,0,1,0,local-b,1,SLO_ESTIMATE_UNSATISFIABLE,best-effort,1,0,1,1,local-b|local-c,2,1,1
v4conf-068,21,2000068,role_0=local-a;role_1=local-b;role_2=local-c,SHARED_DEGRADATION,0,0,0,local-b,1,SLO_ESTIMATE_UNSATISFIABLE,best-effort,1,0,1,0,local-b|local-c,2,0,0
v4conf-069,0,2000069,role_0=local-a;role_1=local-c;role_2=local-b,SINGLE_PROVIDER_UNSTABLE,1,1,1,local-a|local-b|local-c,3,WARMUP,warmup,0,3,3,1,local-b|local-c,2,1,1
v4conf-069,1,2000069,role_0=local-a;role_1=local-c;role_2=local-b,SINGLE_PROVIDER_UNSTABLE,1,1,1,local-a|local-b|local-c,3,WARMUP,warmup,0,3,3,1,local-b|local-c,2,1,1
v4conf-069,2,2000069,role_0=local-a;role_1=local-c;role_2=local-b,SINGLE_PROVIDER_UNSTABLE,1,1,1,local-a|local-b|local-c,3,WARMUP,warmup,0,3,3,1,local-b|local-c,2,1,1
v4conf-069,3,2000069,role_0=local-a;role_1=local-c;role_2=local-b,SINGLE_PROVIDER_UNSTABLE,1,1,1,local-a,1,SLO_ESTIMATE_UNSATISFIABLE,best-effort,1,0,1,1,local-b|local-c,2,1,1
v4conf-069,4,2000069,role_0=local-a;role_1=local-c;role_2=local-b,SINGLE_PROVIDER_UNSTABLE,1,1,1,local-a,1,SLO_ESTIMATE_UNSATISFIABLE,best-effort,1,0,1,1,local-b|local-c,2,1,1
v4conf-069,5,2000069,role_0=local-a;role_1=local-c;role_2=local-b,SINGLE_PROVIDER_UNSTABLE,0,1,1,local-a,1,SELECTED,,1,0,1,0,local-b|local-c,2,1,1
v4conf-069,6,2000069,role_0=local-a;role_1=local-c;role_2=local-b,SINGLE_PROVIDER_UNSTABLE,0,1,1,local-a|local-b,2,SELECTED,,2,0,2,1,local-b|local-c,2,1,1
v4conf-069,7,2000069,role_0=local-a;role_1=local-c;role_2=local-b,SINGLE_PROVIDER_UNSTABLE,0,1,1,local-a|local-b,2,SELECTED,,2,3,5,1,local-b|local-c,2,1,1
v4conf-069,8,2000069,role_0=local-a;role_1=local-c;role_2=local-b,SHARED_DEGRADATION,0,0,0,local-b,1,SELECTED,,1,0,1,0,local-b|local-c,2,0,0
v4conf-069,9,2000069,role_0=local-a;role_1=local-c;role_2=local-b,SHARED_DEGRADATION,0,0,0,local-a|local-b,2,SELECTED,,2,0,2,0,local-b|local-c,2,0,0
v4conf-069,10,2000069,role_0=local-a;role_1=local-c;role_2=local-b,SHARED_DEGRADATION,0,0,0,local-a|local-c,2,SELECTED,,2,0,2,0,local-b|local-c,2,0,0
v4conf-069,11,2000069,role_0=local-a;role_1=local-c;role_2=local-b,SHARED_DEGRADATION,0,0,0,local-b|local-c,2,SELECTED,,2,0,2,0,local-b|local-c,2,0,0
v4conf-069,12,2000069,role_0=local-a;role_1=local-c;role_2=local-b,SINGLE_PROVIDER_CONGESTED,0,1,1,local-a|local-b|local-c,3,SELECTED,,3,0,3,1,local-b|local-c,2,1,1
v4conf-069,13,2000069,role_0=local-a;role_1=local-c;role_2=local-b,SINGLE_PROVIDER_CONGESTED,0,1,1,local-a|local-b|local-c,3,SELECTED,,3,0,3,1,local-b|local-c,2,1,1
v4conf-069,14,2000069,role_0=local-a;role_1=local-c;role_2=local-b,SINGLE_PROVIDER_CONGESTED,0,1,1,local-a|local-b|local-c,3,SELECTED,,3,0,3,1,local-b|local-c,2,1,1
v4conf-069,15,2000069,role_0=local-a;role_1=local-c;role_2=local-b,SINGLE_PROVIDER_CONGESTED,0,1,1,local-a|local-b|local-c,3,SELECTED,,3,3,6,1,local-b|local-c,2,1,1
v4conf-069,16,2000069,role_0=local-a;role_1=local-c;role_2=local-b,NORMAL,1,1,1,local-a|local-b|local-c,3,SELECTED,,3,0,3,1,local-b|local-c,2,1,1
v4conf-069,17,2000069,role_0=local-a;role_1=local-c;role_2=local-b,NORMAL,1,1,1,local-a|local-b|local-c,3,SELECTED,,3,0,3,1,local-b|local-c,2,1,1
v4conf-069,18,2000069,role_0=local-a;role_1=local-c;role_2=local-b,NORMAL,1,1,1,local-a|local-b|local-c,3,SELECTED,,3,0,3,1,local-b|local-c,2,1,1
v4conf-069,19,2000069,role_0=local-a;role_1=local-c;role_2=local-b,NORMAL,1,1,1,local-a|local-b|local-c,3,SELECTED,,3,0,3,1,local-b|local-c,2,1,1
v4conf-069,20,2000069,role_0=local-a;role_1=local-c;role_2=local-b,NORMAL,1,1,1,local-a|local-b|local-c,3,SELECTED,,3,0,3,1,local-b|local-c,2,1,1
v4conf-069,21,2000069,role_0=local-a;role_1=local-c;role_2=local-b,SINGLE_PROVIDER_UNSTABLE,1,1,1,local-a|local-b|local-c,3,SELECTED,,3,0,3,1,local-b|local-c,2,1,1
v4conf-070,0,2000070,role_0=local-a;role_1=local-c;role_2=local-b,SINGLE_PROVIDER_CONGESTED,0,1,1,local-a|local-b|local-c,3,WARMUP,warmup,0,3,3,1,local-b|local-c,2,1,1
v4conf-070,1,2000070,role_0=local-a;role_1=local-c;role_2=local-b,SINGLE_PROVIDER_CONGESTED,0,1,1,local-a|local-b|local-c,3,WARMUP,warmup,0,3,3,1,local-b|local-c,2,1,1
v4conf-070,2,2000070,role_0=local-a;role_1=local-c;role_2=local-b,SINGLE_PROVIDER_CONGESTED,0,1,1,local-a|local-b|local-c,3,WARMUP,warmup,0,3,3,1,local-b|local-c,2,1,1
v4conf-070,3,2000070,role_0=local-a;role_1=local-c;role_2=local-b,SINGLE_PROVIDER_CONGESTED,0,1,1,local-b,1,SLO_ESTIMATE_UNSATISFIABLE,best-effort,1,0,1,1,local-b|local-c,2,1,1
v4conf-070,4,2000070,role_0=local-a;role_1=local-c;role_2=local-b,PAIR_CORRELATED_DEGRADATION,0,1,0,local-b,1,SLO_ESTIMATE_UNSATISFIABLE,best-effort,1,0,1,1,local-b|local-c,2,1,1
v4conf-070,5,2000070,role_0=local-a;role_1=local-c;role_2=local-b,PAIR_CORRELATED_DEGRADATION,1,1,0,local-b,1,SELECTED,,1,0,1,1,local-b|local-c,2,1,1
v4conf-070,6,2000070,role_0=local-a;role_1=local-c;role_2=local-b,PAIR_CORRELATED_DEGRADATION,0,1,0,local-b,1,SELECTED,,1,0,1,1,local-b|local-c,2,1,1
v4conf-070,7,2000070,role_0=local-a;role_1=local-c;role_2=local-b,PAIR_CORRELATED_DEGRADATION,1,1,0,local-b,1,SELECTED,,1,3,4,1,local-b|local-c,2,1,1
v4conf-070,8,2000070,role_0=local-a;role_1=local-c;role_2=local-b,PAIR_CORRELATED_DEGRADATION,0,1,0,local-b,1,SELECTED,,1,0,1,1,local-b|local-c,2,1,1
v4conf-070,9,2000070,role_0=local-a;role_1=local-c;role_2=local-b,PAIR_CORRELATED_DEGRADATION,0,1,0,local-b,1,SELECTED,,1,0,1,1,local-b|local-c,2,1,1
v4conf-070,10,2000070,role_0=local-a;role_1=local-c;role_2=local-b,PAIR_CORRELATED_DEGRADATION,0,1,0,local-b,1,SELECTED,,1,0,1,1,local-b|local-c,2,1,1
v4conf-070,11,2000070,role_0=local-a;role_1=local-c;role_2=local-b,PAIR_CORRELATED_DEGRADATION,0,1,0,local-b,1,SELECTED,,1,0,1,1,local-b|local-c,2,1,1
v4conf-070,12,2000070,role_0=local-a;role_1=local-c;role_2=local-b,SINGLE_PROVIDER_CONGESTED,0,1,1,local-b,1,SELECTED,,1,0,1,1,local-b|local-c,2,1,1
v4conf-070,13,2000070,role_0=local-a;role_1=local-c;role_2=local-b,SINGLE_PROVIDER_CONGESTED,0,1,1,local-b,1,SELECTED,,1,0,1,1,local-b|local-c,2,1,1
v4conf-070,14,2000070,role_0=local-a;role_1=local-c;role_2=local-b,SINGLE_PROVIDER_CONGESTED,0,1,1,local-b,1,SELECTED,,1,0,1,1,local-b|local-c,2,1,1
v4conf-070,15,2000070,role_0=local-a;role_1=local-c;role_2=local-b,SINGLE_PROVIDER_CONGESTED,0,1,1,local-b,1,SELECTED,,1,3,4,1,local-b|local-c,2,1,1
v4conf-070,16,2000070,role_0=local-a;role_1=local-c;role_2=local-b,SINGLE_PROVIDER_CONGESTED,0,1,1,local-b,1,SELECTED,,1,0,1,1,local-b|local-c,2,1,1
v4conf-070,17,2000070,role_0=local-a;role_1=local-c;role_2=local-b,SINGLE_PROVIDER_CONGESTED,0,1,1,local-b,1,SELECTED,,1,0,1,1,local-b|local-c,2,1,1
v4conf-070,18,2000070,role_0=local-a;role_1=local-c;role_2=local-b,SINGLE_PROVIDER_CONGESTED,0,1,1,local-b,1,SELECTED,,1,0,1,1,local-b|local-c,2,1,1
v4conf-070,19,2000070,role_0=local-a;role_1=local-c;role_2=local-b,PAIR_CORRELATED_DEGRADATION,0,1,0,local-b,1,SELECTED,,1,0,1,1,local-b|local-c,2,1,1
v4conf-070,20,2000070,role_0=local-a;role_1=local-c;role_2=local-b,PAIR_CORRELATED_DEGRADATION,0,1,0,local-b,1,SELECTED,,1,0,1,1,local-b|local-c,2,1,1
v4conf-070,21,2000070,role_0=local-a;role_1=local-c;role_2=local-b,PAIR_CORRELATED_DEGRADATION,0,1,0,local-b,1,SELECTED,,1,0,1,1,local-b|local-c,2,1,1
v4conf-071,0,2000071,role_0=local-a;role_1=local-b;role_2=local-c,SINGLE_PROVIDER_INVALID_RISK,0,1,1,local-a|local-b|local-c,3,WARMUP,warmup,0,3,3,1,local-b|local-c,2,1,1
v4conf-071,1,2000071,role_0=local-a;role_1=local-b;role_2=local-c,SINGLE_PROVIDER_INVALID_RISK,1,1,1,local-a|local-b|local-c,3,WARMUP,warmup,0,3,3,1,local-b|local-c,2,1,1
v4conf-071,2,2000071,role_0=local-a;role_1=local-b;role_2=local-c,SINGLE_PROVIDER_INVALID_RISK,0,1,1,local-a|local-b|local-c,3,WARMUP,warmup,0,3,3,1,local-b|local-c,2,1,1
v4conf-071,3,2000071,role_0=local-a;role_1=local-b;role_2=local-c,SINGLE_PROVIDER_INVALID_RISK,1,1,1,local-b,1,SLO_ESTIMATE_UNSATISFIABLE,best-effort,1,0,1,1,local-b|local-c,2,1,1
v4conf-071,4,2000071,role_0=local-a;role_1=local-b;role_2=local-c,SINGLE_PROVIDER_INVALID_RISK,0,1,1,local-b,1,SLO_ESTIMATE_UNSATISFIABLE,best-effort,1,0,1,1,local-b|local-c,2,1,1
v4conf-071,5,2000071,role_0=local-a;role_1=local-b;role_2=local-c,SINGLE_PROVIDER_INVALID_RISK,1,1,1,local-b,1,SELECTED,,1,0,1,1,local-b|local-c,2,1,1
v4conf-071,6,2000071,role_0=local-a;role_1=local-b;role_2=local-c,SHARED_DEGRADATION,0,0,0,local-b,1,SELECTED,,1,0,1,0,local-b|local-c,2,0,0
v4conf-071,7,2000071,role_0=local-a;role_1=local-b;role_2=local-c,SHARED_DEGRADATION,0,0,0,local-a|local-b,2,SELECTED,,2,3,5,0,local-b|local-c,2,0,0
v4conf-071,8,2000071,role_0=local-a;role_1=local-b;role_2=local-c,SHARED_DEGRADATION,0,0,0,local-a|local-b,2,SLO_ESTIMATE_UNSATISFIABLE,best-effort,2,0,2,0,local-b|local-c,2,0,0
v4conf-071,9,2000071,role_0=local-a;role_1=local-b;role_2=local-c,SHARED_DEGRADATION,0,0,0,local-b|local-c,2,SLO_ESTIMATE_UNSATISFIABLE,best-effort,2,0,2,0,local-b|local-c,2,0,0
v4conf-071,10,2000071,role_0=local-a;role_1=local-b;role_2=local-c,SHARED_DEGRADATION,0,0,0,local-a|local-b|local-c,3,SLO_ESTIMATE_UNSATISFIABLE,best-effort,3,0,3,0,local-b|local-c,2,0,0
v4conf-071,11,2000071,role_0=local-a;role_1=local-b;role_2=local-c,SHARED_DEGRADATION,0,0,0,local-a|local-b|local-c,3,SLO_ESTIMATE_UNSATISFIABLE,best-effort,3,0,3,0,local-b|local-c,2,0,0
v4conf-071,12,2000071,role_0=local-a;role_1=local-b;role_2=local-c,SHARED_DEGRADATION,0,0,1,local-a|local-b|local-c,3,SLO_ESTIMATE_UNSATISFIABLE,best-effort,3,0,3,1,local-b|local-c,2,1,1
v4conf-071,13,2000071,role_0=local-a;role_1=local-b;role_2=local-c,PAIR_CORRELATED_DEGRADATION,0,0,1,local-a|local-b|local-c,3,SLO_ESTIMATE_UNSATISFIABLE,best-effort,3,0,3,1,local-b|local-c,2,1,1
v4conf-071,14,2000071,role_0=local-a;role_1=local-b;role_2=local-c,PAIR_CORRELATED_DEGRADATION,0,0,1,local-a|local-b|local-c,3,SLO_ESTIMATE_UNSATISFIABLE,best-effort,3,0,3,1,local-b|local-c,2,1,1
v4conf-071,15,2000071,role_0=local-a;role_1=local-b;role_2=local-c,PAIR_CORRELATED_DEGRADATION,0,0,1,local-a|local-b|local-c,3,SLO_ESTIMATE_UNSATISFIABLE,best-effort,3,3,6,1,local-b|local-c,2,1,1
v4conf-071,16,2000071,role_0=local-a;role_1=local-b;role_2=local-c,PAIR_CORRELATED_DEGRADATION,0,0,1,local-a|local-c,2,SLO_ESTIMATE_UNSATISFIABLE,best-effort,2,0,2,1,local-b|local-c,2,1,1
v4conf-071,17,2000071,role_0=local-a;role_1=local-b;role_2=local-c,PAIR_CORRELATED_DEGRADATION,0,0,1,local-a|local-c,2,SLO_ESTIMATE_UNSATISFIABLE,best-effort,2,0,2,1,local-b|local-c,2,1,1
v4conf-071,18,2000071,role_0=local-a;role_1=local-b;role_2=local-c,PAIR_CORRELATED_DEGRADATION,0,0,1,local-a|local-c,2,SLO_ESTIMATE_UNSATISFIABLE,best-effort,2,0,2,1,local-b|local-c,2,1,1
v4conf-071,19,2000071,role_0=local-a;role_1=local-b;role_2=local-c,PAIR_CORRELATED_DEGRADATION,0,1,1,local-c,1,SLO_ESTIMATE_UNSATISFIABLE,best-effort,1,0,1,1,local-b|local-c,2,1,1
v4conf-071,20,2000071,role_0=local-a;role_1=local-b;role_2=local-c,PAIR_CORRELATED_DEGRADATION,0,0,1,local-c,1,SLO_ESTIMATE_UNSATISFIABLE,best-effort,1,0,1,1,local-b|local-c,2,1,1
v4conf-071,21,2000071,role_0=local-a;role_1=local-b;role_2=local-c,PAIR_CORRELATED_DEGRADATION,0,1,1,local-c,1,SLO_ESTIMATE_UNSATISFIABLE,best-effort,1,0,1,1,local-b|local-c,2,1,1
v4conf-072,0,2000072,role_0=local-b;role_1=local-a;role_2=local-c,PAIR_CORRELATED_DEGRADATION,0,0,1,local-a|local-b|local-c,3,WARMUP,warmup,0,3,3,1,local-b|local-c,2,1,1
v4conf-072,1,2000072,role_0=local-b;role_1=local-a;role_2=local-c,PAIR_CORRELATED_DEGRADATION,0,0,1,local-a|local-b|local-c,3,WARMUP,warmup,0,3,3,1,local-b|local-c,2,1,1
v4conf-072,2,2000072,role_0=local-b;role_1=local-a;role_2=local-c,PAIR_CORRELATED_DEGRADATION,0,1,1,local-a|local-b|local-c,3,WARMUP,warmup,0,3,3,1,local-b|local-c,2,1,1
v4conf-072,3,2000072,role_0=local-b;role_1=local-a;role_2=local-c,PAIR_CORRELATED_DEGRADATION,0,0,1,local-c,1,SLO_ESTIMATE_UNSATISFIABLE,best-effort,1,0,1,1,local-b|local-c,2,1,1
v4conf-072,4,2000072,role_0=local-b;role_1=local-a;role_2=local-c,PAIR_CORRELATED_DEGRADATION,1,0,1,local-c,1,SLO_ESTIMATE_UNSATISFIABLE,best-effort,1,0,1,1,local-b|local-c,2,1,1
v4conf-072,5,2000072,role_0=local-b;role_1=local-a;role_2=local-c,PAIR_CORRELATED_DEGRADATION,1,0,1,local-c,1,SELECTED,,1,0,1,1,local-b|local-c,2,1,1
v4conf-072,6,2000072,role_0=local-b;role_1=local-a;role_2=local-c,PAIR_CORRELATED_DEGRADATION,0,0,1,local-c,1,SELECTED,,1,0,1,1,local-b|local-c,2,1,1
v4conf-072,7,2000072,role_0=local-b;role_1=local-a;role_2=local-c,PAIR_CORRELATED_DEGRADATION,0,0,1,local-c,1,SELECTED,,1,3,4,1,local-b|local-c,2,1,1
v4conf-072,8,2000072,role_0=local-b;role_1=local-a;role_2=local-c,SINGLE_PROVIDER_UNSTABLE,1,0,1,local-c,1,SELECTED,,1,0,1,1,local-b|local-c,2,1,1
v4conf-072,9,2000072,role_0=local-b;role_1=local-a;role_2=local-c,SINGLE_PROVIDER_UNSTABLE,1,0,1,local-c,1,SELECTED,,1,0,1,1,local-b|local-c,2,1,1
v4conf-072,10,2000072,role_0=local-b;role_1=local-a;role_2=local-c,SINGLE_PROVIDER_UNSTABLE,1,0,1,local-c,1,SELECTED,,1,0,1,1,local-b|local-c,2,1,1
v4conf-072,11,2000072,role_0=local-b;role_1=local-a;role_2=local-c,SINGLE_PROVIDER_UNSTABLE,1,0,1,local-c,1,SELECTED,,1,0,1,1,local-b|local-c,2,1,1
v4conf-072,12,2000072,role_0=local-b;role_1=local-a;role_2=local-c,SINGLE_PROVIDER_UNSTABLE,1,1,1,local-c,1,SELECTED,,1,0,1,1,local-b|local-c,2,1,1
v4conf-072,13,2000072,role_0=local-b;role_1=local-a;role_2=local-c,SINGLE_PROVIDER_UNSTABLE,1,0,1,local-c,1,SELECTED,,1,0,1,1,local-b|local-c,2,1,1
v4conf-072,14,2000072,role_0=local-b;role_1=local-a;role_2=local-c,SINGLE_PROVIDER_INVALID_RISK,1,1,1,local-c,1,SELECTED,,1,0,1,1,local-b|local-c,2,1,1
v4conf-072,15,2000072,role_0=local-b;role_1=local-a;role_2=local-c,SINGLE_PROVIDER_INVALID_RISK,1,1,1,local-c,1,SELECTED,,1,3,4,1,local-b|local-c,2,1,1
v4conf-072,16,2000072,role_0=local-b;role_1=local-a;role_2=local-c,SINGLE_PROVIDER_INVALID_RISK,1,1,1,local-c,1,SELECTED,,1,0,1,1,local-b|local-c,2,1,1
v4conf-072,17,2000072,role_0=local-b;role_1=local-a;role_2=local-c,SINGLE_PROVIDER_INVALID_RISK,1,1,1,local-c,1,SELECTED,,1,0,1,1,local-b|local-c,2,1,1
v4conf-072,18,2000072,role_0=local-b;role_1=local-a;role_2=local-c,SINGLE_PROVIDER_INVALID_RISK,1,1,1,local-c,1,SELECTED,,1,0,1,1,local-b|local-c,2,1,1
v4conf-072,19,2000072,role_0=local-b;role_1=local-a;role_2=local-c,PAIR_CORRELATED_DEGRADATION,0,0,1,local-c,1,SELECTED,,1,0,1,1,local-b|local-c,2,1,1
v4conf-072,20,2000072,role_0=local-b;role_1=local-a;role_2=local-c,PAIR_CORRELATED_DEGRADATION,0,0,1,local-c,1,SELECTED,,1,0,1,1,local-b|local-c,2,1,1
v4conf-072,21,2000072,role_0=local-b;role_1=local-a;role_2=local-c,PAIR_CORRELATED_DEGRADATION,1,0,1,local-c,1,SELECTED,,1,0,1,1,local-b|local-c,2,1,1
v4conf-073,0,2000073,role_0=local-c;role_1=local-a;role_2=local-b,NORMAL,1,1,1,local-a|local-b|local-c,3,WARMUP,warmup,0,3,3,1,local-b|local-c,2,1,1
v4conf-073,1,2000073,role_0=local-c;role_1=local-a;role_2=local-b,NORMAL,1,1,1,local-a|local-b|local-c,3,WARMUP,warmup,0,3,3,1,local-b|local-c,2,1,1
v4conf-073,2,2000073,role_0=local-c;role_1=local-a;role_2=local-b,NORMAL,1,1,1,local-a|local-b|local-c,3,WARMUP,warmup,0,3,3,1,local-b|local-c,2,1,1
v4conf-073,3,2000073,role_0=local-c;role_1=local-a;role_2=local-b,NORMAL,1,1,1,local-a,1,SLO_ESTIMATE_UNSATISFIABLE,best-effort,1,0,1,1,local-b|local-c,2,1,1
v4conf-073,4,2000073,role_0=local-c;role_1=local-a;role_2=local-b,NORMAL,1,1,1,local-a,1,SLO_ESTIMATE_UNSATISFIABLE,best-effort,1,0,1,1,local-b|local-c,2,1,1
v4conf-073,5,2000073,role_0=local-c;role_1=local-a;role_2=local-b,NORMAL,1,1,1,local-a,1,SELECTED,,1,0,1,1,local-b|local-c,2,1,1
v4conf-073,6,2000073,role_0=local-c;role_1=local-a;role_2=local-b,SINGLE_PROVIDER_CONGESTED,1,1,0,local-a,1,SELECTED,,1,0,1,1,local-b|local-c,2,1,1
v4conf-073,7,2000073,role_0=local-c;role_1=local-a;role_2=local-b,SINGLE_PROVIDER_CONGESTED,1,1,0,local-a,1,SELECTED,,1,3,4,1,local-b|local-c,2,1,1
v4conf-073,8,2000073,role_0=local-c;role_1=local-a;role_2=local-b,SINGLE_PROVIDER_CONGESTED,1,1,0,local-a,1,SELECTED,,1,0,1,1,local-b|local-c,2,1,1
v4conf-073,9,2000073,role_0=local-c;role_1=local-a;role_2=local-b,SINGLE_PROVIDER_CONGESTED,1,1,0,local-a,1,SELECTED,,1,0,1,1,local-b|local-c,2,1,1
v4conf-073,10,2000073,role_0=local-c;role_1=local-a;role_2=local-b,SINGLE_PROVIDER_CONGESTED,1,1,0,local-a,1,SELECTED,,1,0,1,1,local-b|local-c,2,1,1
v4conf-073,11,2000073,role_0=local-c;role_1=local-a;role_2=local-b,SINGLE_PROVIDER_CONGESTED,1,1,0,local-a,1,SELECTED,,1,0,1,1,local-b|local-c,2,1,1
v4conf-073,12,2000073,role_0=local-c;role_1=local-a;role_2=local-b,SINGLE_PROVIDER_CONGESTED,1,1,0,local-a,1,SELECTED,,1,0,1,1,local-b|local-c,2,1,1
v4conf-073,13,2000073,role_0=local-c;role_1=local-a;role_2=local-b,SINGLE_PROVIDER_CONGESTED,1,1,0,local-a,1,SELECTED,,1,0,1,1,local-b|local-c,2,1,1
v4conf-073,14,2000073,role_0=local-c;role_1=local-a;role_2=local-b,SINGLE_PROVIDER_CONGESTED,1,1,0,local-a,1,SELECTED,,1,0,1,1,local-b|local-c,2,1,1
v4conf-073,15,2000073,role_0=local-c;role_1=local-a;role_2=local-b,SINGLE_PROVIDER_CONGESTED,1,1,0,local-a,1,SELECTED,,1,3,4,1,local-b|local-c,2,1,1
v4conf-073,16,2000073,role_0=local-c;role_1=local-a;role_2=local-b,SINGLE_PROVIDER_CONGESTED,1,1,0,local-a,1,SELECTED,,1,0,1,1,local-b|local-c,2,1,1
v4conf-073,17,2000073,role_0=local-c;role_1=local-a;role_2=local-b,SINGLE_PROVIDER_CONGESTED,1,1,0,local-a,1,SELECTED,,1,0,1,1,local-b|local-c,2,1,1
v4conf-073,18,2000073,role_0=local-c;role_1=local-a;role_2=local-b,SINGLE_PROVIDER_CONGESTED,1,1,0,local-a,1,SELECTED,,1,0,1,1,local-b|local-c,2,1,1
v4conf-073,19,2000073,role_0=local-c;role_1=local-a;role_2=local-b,SINGLE_PROVIDER_CONGESTED,1,1,0,local-a,1,SELECTED,,1,0,1,1,local-b|local-c,2,1,1
v4conf-073,20,2000073,role_0=local-c;role_1=local-a;role_2=local-b,SINGLE_PROVIDER_CONGESTED,1,1,0,local-a,1,SELECTED,,1,0,1,1,local-b|local-c,2,1,1
v4conf-073,21,2000073,role_0=local-c;role_1=local-a;role_2=local-b,SINGLE_PROVIDER_CONGESTED,1,1,0,local-a,1,SELECTED,,1,0,1,1,local-b|local-c,2,1,1
v4conf-074,0,2000074,role_0=local-a;role_1=local-b;role_2=local-c,NORMAL,1,1,1,local-a|local-b|local-c,3,WARMUP,warmup,0,3,3,1,local-b|local-c,2,1,1
v4conf-074,1,2000074,role_0=local-a;role_1=local-b;role_2=local-c,NORMAL,1,1,1,local-a|local-b|local-c,3,WARMUP,warmup,0,3,3,1,local-b|local-c,2,1,1
v4conf-074,2,2000074,role_0=local-a;role_1=local-b;role_2=local-c,NORMAL,1,1,1,local-a|local-b|local-c,3,WARMUP,warmup,0,3,3,1,local-b|local-c,2,1,1
v4conf-074,3,2000074,role_0=local-a;role_1=local-b;role_2=local-c,NORMAL,1,1,1,local-a,1,SLO_ESTIMATE_UNSATISFIABLE,best-effort,1,0,1,1,local-b|local-c,2,1,1
v4conf-074,4,2000074,role_0=local-a;role_1=local-b;role_2=local-c,NORMAL,1,1,1,local-a,1,SLO_ESTIMATE_UNSATISFIABLE,best-effort,1,0,1,1,local-b|local-c,2,1,1
v4conf-074,5,2000074,role_0=local-a;role_1=local-b;role_2=local-c,SINGLE_PROVIDER_UNSTABLE,0,1,1,local-a,1,SELECTED,,1,0,1,0,local-b|local-c,2,1,1
v4conf-074,6,2000074,role_0=local-a;role_1=local-b;role_2=local-c,SINGLE_PROVIDER_UNSTABLE,1,1,1,local-a|local-b,2,SELECTED,,2,0,2,1,local-b|local-c,2,1,1
v4conf-074,7,2000074,role_0=local-a;role_1=local-b;role_2=local-c,SINGLE_PROVIDER_UNSTABLE,1,1,1,local-a|local-b,2,SELECTED,,2,3,5,1,local-b|local-c,2,1,1
v4conf-074,8,2000074,role_0=local-a;role_1=local-b;role_2=local-c,SINGLE_PROVIDER_UNSTABLE,1,1,1,local-b,1,SELECTED,,1,0,1,1,local-b|local-c,2,1,1
v4conf-074,9,2000074,role_0=local-a;role_1=local-b;role_2=local-c,SINGLE_PROVIDER_UNSTABLE,0,1,1,local-b,1,SELECTED,,1,0,1,1,local-b|local-c,2,1,1
v4conf-074,10,2000074,role_0=local-a;role_1=local-b;role_2=local-c,PAIR_CORRELATED_DEGRADATION,0,1,1,local-b,1,SELECTED,,1,0,1,1,local-b|local-c,2,1,1
v4conf-074,11,2000074,role_0=local-a;role_1=local-b;role_2=local-c,PAIR_CORRELATED_DEGRADATION,0,0,1,local-b,1,SELECTED,,1,0,1,0,local-b|local-c,2,1,1
v4conf-074,12,2000074,role_0=local-a;role_1=local-b;role_2=local-c,PAIR_CORRELATED_DEGRADATION,0,0,1,local-a|local-b,2,SELECTED,,2,0,2,0,local-b|local-c,2,1,1
v4conf-074,13,2000074,role_0=local-a;role_1=local-b;role_2=local-c,PAIR_CORRELATED_DEGRADATION,0,0,1,local-b|local-c,2,SELECTED,,2,0,2,1,local-b|local-c,2,1,1
v4conf-074,14,2000074,role_0=local-a;role_1=local-b;role_2=local-c,PAIR_CORRELATED_DEGRADATION,0,0,1,local-c,1,SELECTED,,1,0,1,1,local-b|local-c,2,1,1
v4conf-074,15,2000074,role_0=local-a;role_1=local-b;role_2=local-c,PAIR_CORRELATED_DEGRADATION,0,0,1,local-c,1,SELECTED,,1,3,4,1,local-b|local-c,2,1,1
v4conf-074,16,2000074,role_0=local-a;role_1=local-b;role_2=local-c,PAIR_CORRELATED_DEGRADATION,0,0,1,local-c,1,SELECTED,,1,0,1,1,local-b|local-c,2,1,1
v4conf-074,17,2000074,role_0=local-a;role_1=local-b;role_2=local-c,PAIR_CORRELATED_DEGRADATION,0,0,1,local-c,1,SELECTED,,1,0,1,1,local-b|local-c,2,1,1
v4conf-074,18,2000074,role_0=local-a;role_1=local-b;role_2=local-c,SINGLE_PROVIDER_UNSTABLE,0,1,1,local-c,1,SELECTED,,1,0,1,1,local-b|local-c,2,1,1
v4conf-074,19,2000074,role_0=local-a;role_1=local-b;role_2=local-c,SINGLE_PROVIDER_UNSTABLE,1,1,1,local-c,1,SELECTED,,1,0,1,1,local-b|local-c,2,1,1
v4conf-074,20,2000074,role_0=local-a;role_1=local-b;role_2=local-c,SINGLE_PROVIDER_UNSTABLE,0,1,1,local-c,1,SELECTED,,1,0,1,1,local-b|local-c,2,1,1
v4conf-074,21,2000074,role_0=local-a;role_1=local-b;role_2=local-c,SINGLE_PROVIDER_UNSTABLE,0,1,1,local-c,1,SELECTED,,1,0,1,1,local-b|local-c,2,1,1
v4conf-075,0,2000075,role_0=local-c;role_1=local-a;role_2=local-b,SINGLE_PROVIDER_UNSTABLE,1,1,1,local-a|local-b|local-c,3,WARMUP,warmup,0,3,3,1,local-b|local-c,2,1,1
v4conf-075,1,2000075,role_0=local-c;role_1=local-a;role_2=local-b,SINGLE_PROVIDER_UNSTABLE,1,1,0,local-a|local-b|local-c,3,WARMUP,warmup,0,3,3,1,local-b|local-c,2,1,1
v4conf-075,2,2000075,role_0=local-c;role_1=local-a;role_2=local-b,SINGLE_PROVIDER_UNSTABLE,1,1,0,local-a|local-b|local-c,3,WARMUP,warmup,0,3,3,1,local-b|local-c,2,1,1
v4conf-075,3,2000075,role_0=local-c;role_1=local-a;role_2=local-b,SINGLE_PROVIDER_UNSTABLE,1,1,1,local-a,1,SLO_ESTIMATE_UNSATISFIABLE,best-effort,1,0,1,1,local-b|local-c,2,1,1
v4conf-075,4,2000075,role_0=local-c;role_1=local-a;role_2=local-b,SHARED_DEGRADATION,0,0,0,local-a,1,SLO_ESTIMATE_UNSATISFIABLE,best-effort,1,0,1,0,local-b|local-c,2,0,0
v4conf-075,5,2000075,role_0=local-c;role_1=local-a;role_2=local-b,SHARED_DEGRADATION,0,0,0,local-a|local-b,2,SLO_ESTIMATE_UNSATISFIABLE,best-effort,2,0,2,0,local-b|local-c,2,0,0
v4conf-075,6,2000075,role_0=local-c;role_1=local-a;role_2=local-b,SHARED_DEGRADATION,0,0,0,local-a|local-c,2,SLO_ESTIMATE_UNSATISFIABLE,best-effort,2,0,2,0,local-b|local-c,2,0,0
v4conf-075,7,2000075,role_0=local-c;role_1=local-a;role_2=local-b,SHARED_DEGRADATION,0,0,0,local-a|local-b|local-c,3,SLO_ESTIMATE_UNSATISFIABLE,best-effort,3,3,6,0,local-b|local-c,2,0,0
v4conf-075,8,2000075,role_0=local-c;role_1=local-a;role_2=local-b,SHARED_DEGRADATION,0,0,0,local-a|local-b|local-c,3,SLO_ESTIMATE_UNSATISFIABLE,best-effort,3,0,3,0,local-b|local-c,2,0,0
v4conf-075,9,2000075,role_0=local-c;role_1=local-a;role_2=local-b,SHARED_DEGRADATION,0,0,1,local-a|local-b|local-c,3,SLO_ESTIMATE_UNSATISFIABLE,best-effort,3,0,3,1,local-b|local-c,2,1,1
v4conf-075,10,2000075,role_0=local-c;role_1=local-a;role_2=local-b,SHARED_DEGRADATION,0,1,0,local-a|local-b|local-c,3,SLO_ESTIMATE_UNSATISFIABLE,best-effort,3,0,3,1,local-b|local-c,2,1,1
v4conf-075,11,2000075,role_0=local-c;role_1=local-a;role_2=local-b,SHARED_DEGRADATION,0,0,0,local-a|local-b|local-c,3,SLO_ESTIMATE_UNSATISFIABLE,best-effort,3,0,3,0,local-b|local-c,2,0,0
v4conf-075,12,2000075,role_0=local-c;role_1=local-a;role_2=local-b,SHARED_DEGRADATION,0,0,0,local-a|local-b|local-c,3,SLO_ESTIMATE_UNSATISFIABLE,best-effort,3,0,3,0,local-b|local-c,2,0,0
v4conf-075,13,2000075,role_0=local-c;role_1=local-a;role_2=local-b,SHARED_DEGRADATION,0,1,0,local-a|local-b|local-c,3,SLO_ESTIMATE_UNSATISFIABLE,best-effort,3,0,3,1,local-b|local-c,2,1,1
v4conf-075,14,2000075,role_0=local-c;role_1=local-a;role_2=local-b,SHARED_DEGRADATION,0,0,0,local-b|local-c,2,SLO_ESTIMATE_UNSATISFIABLE,best-effort,2,0,2,0,local-b|local-c,2,0,0
v4conf-075,15,2000075,role_0=local-c;role_1=local-a;role_2=local-b,SHARED_DEGRADATION,0,0,0,local-a|local-b|local-c,3,SLO_ESTIMATE_UNSATISFIABLE,best-effort,3,3,6,0,local-b|local-c,2,0,0
v4conf-075,16,2000075,role_0=local-c;role_1=local-a;role_2=local-b,SHARED_DEGRADATION,1,0,0,local-a|local-b|local-c,3,SLO_ESTIMATE_UNSATISFIABLE,best-effort,3,0,3,1,local-b|local-c,2,0,1
v4conf-075,17,2000075,role_0=local-c;role_1=local-a;role_2=local-b,SHARED_DEGRADATION,0,0,0,local-a|local-b|local-c,3,SLO_ESTIMATE_UNSATISFIABLE,best-effort,3,0,3,0,local-b|local-c,2,0,0
v4conf-075,18,2000075,role_0=local-c;role_1=local-a;role_2=local-b,NORMAL,1,1,1,local-a|local-b|local-c,3,SLO_ESTIMATE_UNSATISFIABLE,best-effort,3,0,3,1,local-b|local-c,2,1,1
v4conf-075,19,2000075,role_0=local-c;role_1=local-a;role_2=local-b,NORMAL,1,1,1,local-a|local-b|local-c,3,SLO_ESTIMATE_UNSATISFIABLE,best-effort,3,0,3,1,local-b|local-c,2,1,1
v4conf-075,20,2000075,role_0=local-c;role_1=local-a;role_2=local-b,NORMAL,1,1,1,local-a|local-b|local-c,3,SLO_ESTIMATE_UNSATISFIABLE,best-effort,3,0,3,1,local-b|local-c,2,1,1
v4conf-075,21,2000075,role_0=local-c;role_1=local-a;role_2=local-b,NORMAL,1,1,1,local-a|local-b,2,SLO_ESTIMATE_UNSATISFIABLE,best-effort,2,0,2,1,local-b|local-c,2,1,1
v4conf-076,0,2000076,role_0=local-c;role_1=local-a;role_2=local-b,PAIR_CORRELATED_DEGRADATION,0,1,0,local-a|local-b|local-c,3,WARMUP,warmup,0,3,3,1,local-b|local-c,2,1,1
v4conf-076,1,2000076,role_0=local-c;role_1=local-a;role_2=local-b,PAIR_CORRELATED_DEGRADATION,0,1,0,local-a|local-b|local-c,3,WARMUP,warmup,0,3,3,1,local-b|local-c,2,1,1
v4conf-076,2,2000076,role_0=local-c;role_1=local-a;role_2=local-b,PAIR_CORRELATED_DEGRADATION,0,1,0,local-a|local-b|local-c,3,WARMUP,warmup,0,3,3,1,local-b|local-c,2,1,1
v4conf-076,3,2000076,role_0=local-c;role_1=local-a;role_2=local-b,PAIR_CORRELATED_DEGRADATION,0,1,0,local-b,1,SLO_ESTIMATE_UNSATISFIABLE,best-effort,1,0,1,1,local-b|local-c,2,1,1
v4conf-076,4,2000076,role_0=local-c;role_1=local-a;role_2=local-b,PAIR_CORRELATED_DEGRADATION,0,1,0,local-b,1,SLO_ESTIMATE_UNSATISFIABLE,best-effort,1,0,1,1,local-b|local-c,2,1,1
v4conf-076,5,2000076,role_0=local-c;role_1=local-a;role_2=local-b,PAIR_CORRELATED_DEGRADATION,0,1,0,local-b,1,SELECTED,,1,0,1,1,local-b|local-c,2,1,1
v4conf-076,6,2000076,role_0=local-c;role_1=local-a;role_2=local-b,PAIR_CORRELATED_DEGRADATION,0,1,0,local-b,1,SELECTED,,1,0,1,1,local-b|local-c,2,1,1
v4conf-076,7,2000076,role_0=local-c;role_1=local-a;role_2=local-b,PAIR_CORRELATED_DEGRADATION,1,1,0,local-b,1,SELECTED,,1,3,4,1,local-b|local-c,2,1,1
v4conf-076,8,2000076,role_0=local-c;role_1=local-a;role_2=local-b,PAIR_CORRELATED_DEGRADATION,0,1,0,local-b,1,SELECTED,,1,0,1,1,local-b|local-c,2,1,1
v4conf-076,9,2000076,role_0=local-c;role_1=local-a;role_2=local-b,PAIR_CORRELATED_DEGRADATION,0,1,1,local-b,1,SELECTED,,1,0,1,1,local-b|local-c,2,1,1
v4conf-076,10,2000076,role_0=local-c;role_1=local-a;role_2=local-b,PAIR_CORRELATED_DEGRADATION,0,1,0,local-b,1,SELECTED,,1,0,1,1,local-b|local-c,2,1,1
v4conf-076,11,2000076,role_0=local-c;role_1=local-a;role_2=local-b,PAIR_CORRELATED_DEGRADATION,0,1,0,local-b,1,SELECTED,,1,0,1,1,local-b|local-c,2,1,1
v4conf-076,12,2000076,role_0=local-c;role_1=local-a;role_2=local-b,PAIR_CORRELATED_DEGRADATION,0,1,1,local-b,1,SELECTED,,1,0,1,1,local-b|local-c,2,1,1
v4conf-076,13,2000076,role_0=local-c;role_1=local-a;role_2=local-b,PAIR_CORRELATED_DEGRADATION,0,1,0,local-b,1,SELECTED,,1,0,1,1,local-b|local-c,2,1,1
v4conf-076,14,2000076,role_0=local-c;role_1=local-a;role_2=local-b,PAIR_CORRELATED_DEGRADATION,0,1,0,local-b,1,SELECTED,,1,0,1,1,local-b|local-c,2,1,1
v4conf-076,15,2000076,role_0=local-c;role_1=local-a;role_2=local-b,PAIR_CORRELATED_DEGRADATION,0,1,0,local-b,1,SELECTED,,1,3,4,1,local-b|local-c,2,1,1
v4conf-076,16,2000076,role_0=local-c;role_1=local-a;role_2=local-b,SINGLE_PROVIDER_INVALID_RISK,1,1,0,local-b,1,SELECTED,,1,0,1,1,local-b|local-c,2,1,1
v4conf-076,17,2000076,role_0=local-c;role_1=local-a;role_2=local-b,SINGLE_PROVIDER_INVALID_RISK,1,1,0,local-b,1,SELECTED,,1,0,1,1,local-b|local-c,2,1,1
v4conf-076,18,2000076,role_0=local-c;role_1=local-a;role_2=local-b,SINGLE_PROVIDER_INVALID_RISK,1,1,1,local-b,1,SELECTED,,1,0,1,1,local-b|local-c,2,1,1
v4conf-076,19,2000076,role_0=local-c;role_1=local-a;role_2=local-b,SINGLE_PROVIDER_INVALID_RISK,1,1,0,local-b,1,SELECTED,,1,0,1,1,local-b|local-c,2,1,1
v4conf-076,20,2000076,role_0=local-c;role_1=local-a;role_2=local-b,SINGLE_PROVIDER_INVALID_RISK,1,1,0,local-b,1,SELECTED,,1,0,1,1,local-b|local-c,2,1,1
v4conf-076,21,2000076,role_0=local-c;role_1=local-a;role_2=local-b,SINGLE_PROVIDER_INVALID_RISK,1,1,0,local-b,1,SELECTED,,1,0,1,1,local-b|local-c,2,1,1
v4conf-077,0,2000077,role_0=local-c;role_1=local-a;role_2=local-b,SHARED_DEGRADATION,0,0,1,local-a|local-b|local-c,3,WARMUP,warmup,0,3,3,1,local-b|local-c,2,1,1
v4conf-077,1,2000077,role_0=local-c;role_1=local-a;role_2=local-b,SHARED_DEGRADATION,0,0,0,local-a|local-b|local-c,3,WARMUP,warmup,0,3,3,0,local-b|local-c,2,0,0
v4conf-077,2,2000077,role_0=local-c;role_1=local-a;role_2=local-b,SHARED_DEGRADATION,0,0,0,local-a|local-b|local-c,3,WARMUP,warmup,0,3,3,0,local-b|local-c,2,0,0
v4conf-077,3,2000077,role_0=local-c;role_1=local-a;role_2=local-b,SHARED_DEGRADATION,0,0,0,local-c,1,SLO_ESTIMATE_UNSATISFIABLE,best-effort,1,0,1,0,local-b|local-c,2,0,0
v4conf-077,4,2000077,role_0=local-c;role_1=local-a;role_2=local-b,SHARED_DEGRADATION,0,0,0,local-a|local-c,2,SLO_ESTIMATE_UNSATISFIABLE,best-effort,2,0,2,0,local-b|local-c,2,0,0
v4conf-077,5,2000077,role_0=local-c;role_1=local-a;role_2=local-b,SHARED_DEGRADATION,0,0,1,local-b|local-c,2,SLO_ESTIMATE_UNSATISFIABLE,best-effort,2,0,2,1,local-b|local-c,2,1,1
v4conf-077,6,2000077,role_0=local-c;role_1=local-a;role_2=local-b,SHARED_DEGRADATION,1,0,0,local-b|local-c,2,SLO_ESTIMATE_UNSATISFIABLE,best-effort,2,0,2,0,local-b|local-c,2,0,1
v4conf-077,7,2000077,role_0=local-c;role_1=local-a;role_2=local-b,SHARED_DEGRADATION,0,0,1,local-a|local-b|local-c,3,SLO_ESTIMATE_UNSATISFIABLE,best-effort,3,3,6,1,local-b|local-c,2,1,1
v4conf-077,8,2000077,role_0=local-c;role_1=local-a;role_2=local-b,SHARED_DEGRADATION,1,1,0,local-a|local-b|local-c,3,SLO_ESTIMATE_UNSATISFIABLE,best-effort,3,0,3,1,local-b|local-c,2,1,1
v4conf-077,9,2000077,role_0=local-c;role_1=local-a;role_2=local-b,SHARED_DEGRADATION,0,1,0,local-a|local-b|local-c,3,SLO_ESTIMATE_UNSATISFIABLE,best-effort,3,0,3,1,local-b|local-c,2,1,1
v4conf-077,10,2000077,role_0=local-c;role_1=local-a;role_2=local-b,SHARED_DEGRADATION,0,0,0,local-a|local-b|local-c,3,SLO_ESTIMATE_UNSATISFIABLE,best-effort,3,0,3,0,local-b|local-c,2,0,0
v4conf-077,11,2000077,role_0=local-c;role_1=local-a;role_2=local-b,SHARED_DEGRADATION,1,0,0,local-a|local-b|local-c,3,SLO_ESTIMATE_UNSATISFIABLE,best-effort,3,0,3,1,local-b|local-c,2,0,1
v4conf-077,12,2000077,role_0=local-c;role_1=local-a;role_2=local-b,SHARED_DEGRADATION,0,0,0,local-a|local-b|local-c,3,SLO_ESTIMATE_UNSATISFIABLE,best-effort,3,0,3,0,local-b|local-c,2,0,0
v4conf-077,13,2000077,role_0=local-c;role_1=local-a;role_2=local-b,SHARED_DEGRADATION,0,0,0,local-a|local-b|local-c,3,SLO_ESTIMATE_UNSATISFIABLE,best-effort,3,0,3,0,local-b|local-c,2,0,0
v4conf-077,14,2000077,role_0=local-c;role_1=local-a;role_2=local-b,SHARED_DEGRADATION,1,0,1,local-a|local-b|local-c,3,SLO_ESTIMATE_UNSATISFIABLE,best-effort,3,0,3,1,local-b|local-c,2,1,1
v4conf-077,15,2000077,role_0=local-c;role_1=local-a;role_2=local-b,SHARED_DEGRADATION,0,0,0,local-a|local-b|local-c,3,SLO_ESTIMATE_UNSATISFIABLE,best-effort,3,3,6,0,local-b|local-c,2,0,0
v4conf-077,16,2000077,role_0=local-c;role_1=local-a;role_2=local-b,SHARED_DEGRADATION,0,0,1,local-a|local-b|local-c,3,SLO_ESTIMATE_UNSATISFIABLE,best-effort,3,0,3,1,local-b|local-c,2,1,1
v4conf-077,17,2000077,role_0=local-c;role_1=local-a;role_2=local-b,SHARED_DEGRADATION,0,0,0,local-a|local-b|local-c,3,SLO_ESTIMATE_UNSATISFIABLE,best-effort,3,0,3,0,local-b|local-c,2,0,0
v4conf-077,18,2000077,role_0=local-c;role_1=local-a;role_2=local-b,NORMAL,1,1,1,local-a|local-b|local-c,3,SLO_ESTIMATE_UNSATISFIABLE,best-effort,3,0,3,1,local-b|local-c,2,1,1
v4conf-077,19,2000077,role_0=local-c;role_1=local-a;role_2=local-b,NORMAL,1,1,1,local-a|local-b|local-c,3,SLO_ESTIMATE_UNSATISFIABLE,best-effort,3,0,3,1,local-b|local-c,2,1,1
v4conf-077,20,2000077,role_0=local-c;role_1=local-a;role_2=local-b,NORMAL,1,1,1,local-a|local-c,2,SLO_ESTIMATE_UNSATISFIABLE,best-effort,2,0,2,1,local-b|local-c,2,1,1
v4conf-077,21,2000077,role_0=local-c;role_1=local-a;role_2=local-b,NORMAL,1,1,1,local-a|local-c,2,SLO_ESTIMATE_UNSATISFIABLE,best-effort,2,0,2,1,local-b|local-c,2,1,1
v4conf-078,0,2000078,role_0=local-b;role_1=local-a;role_2=local-c,PAIR_CORRELATED_DEGRADATION,0,0,1,local-a|local-b|local-c,3,WARMUP,warmup,0,3,3,1,local-b|local-c,2,1,1
v4conf-078,1,2000078,role_0=local-b;role_1=local-a;role_2=local-c,PAIR_CORRELATED_DEGRADATION,0,1,1,local-a|local-b|local-c,3,WARMUP,warmup,0,3,3,1,local-b|local-c,2,1,1
v4conf-078,2,2000078,role_0=local-b;role_1=local-a;role_2=local-c,PAIR_CORRELATED_DEGRADATION,0,0,1,local-a|local-b|local-c,3,WARMUP,warmup,0,3,3,1,local-b|local-c,2,1,1
v4conf-078,3,2000078,role_0=local-b;role_1=local-a;role_2=local-c,PAIR_CORRELATED_DEGRADATION,0,0,1,local-c,1,SLO_ESTIMATE_UNSATISFIABLE,best-effort,1,0,1,1,local-b|local-c,2,1,1
v4conf-078,4,2000078,role_0=local-b;role_1=local-a;role_2=local-c,SHARED_DEGRADATION,0,0,0,local-c,1,SLO_ESTIMATE_UNSATISFIABLE,best-effort,1,0,1,0,local-b|local-c,2,0,0
v4conf-078,5,2000078,role_0=local-b;role_1=local-a;role_2=local-c,SHARED_DEGRADATION,0,0,0,local-a|local-c,2,SLO_ESTIMATE_UNSATISFIABLE,best-effort,2,0,2,0,local-b|local-c,2,0,0
v4conf-078,6,2000078,role_0=local-b;role_1=local-a;role_2=local-c,SHARED_DEGRADATION,1,0,0,local-b|local-c,2,SLO_ESTIMATE_UNSATISFIABLE,best-effort,2,0,2,0,local-b|local-c,2,0,1
v4conf-078,7,2000078,role_0=local-b;role_1=local-a;role_2=local-c,SHARED_DEGRADATION,0,0,0,local-a|local-b|local-c,3,SLO_ESTIMATE_UNSATISFIABLE,best-effort,3,3,6,0,local-b|local-c,2,0,0
v4conf-078,8,2000078,role_0=local-b;role_1=local-a;role_2=local-c,SHARED_DEGRADATION,0,0,0,local-a|local-b|local-c,3,SLO_ESTIMATE_UNSATISFIABLE,best-effort,3,0,3,0,local-b|local-c,2,0,0
v4conf-078,9,2000078,role_0=local-b;role_1=local-a;role_2=local-c,SHARED_DEGRADATION,0,0,0,local-a|local-b|local-c,3,SLO_ESTIMATE_UNSATISFIABLE,best-effort,3,0,3,0,local-b|local-c,2,0,0
v4conf-078,10,2000078,role_0=local-b;role_1=local-a;role_2=local-c,SHARED_DEGRADATION,0,0,0,local-a|local-b|local-c,3,SLO_ESTIMATE_UNSATISFIABLE,best-effort,3,0,3,0,local-b|local-c,2,0,0
v4conf-078,11,2000078,role_0=local-b;role_1=local-a;role_2=local-c,SHARED_DEGRADATION,0,0,1,local-a|local-b|local-c,3,SLO_ESTIMATE_UNSATISFIABLE,best-effort,3,0,3,1,local-b|local-c,2,1,1
v4conf-078,12,2000078,role_0=local-b;role_1=local-a;role_2=local-c,SINGLE_PROVIDER_INVALID_RISK,1,1,1,local-a|local-b|local-c,3,SLO_ESTIMATE_UNSATISFIABLE,best-effort,3,0,3,1,local-b|local-c,2,1,1
v4conf-078,13,2000078,role_0=local-b;role_1=local-a;role_2=local-c,SINGLE_PROVIDER_INVALID_RISK,1,1,1,local-a|local-b|local-c,3,SLO_ESTIMATE_UNSATISFIABLE,best-effort,3,0,3,1,local-b|local-c,2,1,1
v4conf-078,14,2000078,role_0=local-b;role_1=local-a;role_2=local-c,SINGLE_PROVIDER_INVALID_RISK,1,0,1,local-a|local-b|local-c,3,SLO_ESTIMATE_UNSATISFIABLE,best-effort,3,0,3,1,local-b|local-c,2,1,1
v4conf-078,15,2000078,role_0=local-b;role_1=local-a;role_2=local-c,SINGLE_PROVIDER_INVALID_RISK,1,1,1,local-a|local-b|local-c,3,SLO_ESTIMATE_UNSATISFIABLE,best-effort,3,3,6,1,local-b|local-c,2,1,1
v4conf-078,16,2000078,role_0=local-b;role_1=local-a;role_2=local-c,SINGLE_PROVIDER_INVALID_RISK,1,1,1,local-a|local-b|local-c,3,SLO_ESTIMATE_UNSATISFIABLE,best-effort,3,0,3,1,local-b|local-c,2,1,1
v4conf-078,17,2000078,role_0=local-b;role_1=local-a;role_2=local-c,SINGLE_PROVIDER_INVALID_RISK,1,1,1,local-c,1,SLO_ESTIMATE_UNSATISFIABLE,best-effort,1,0,1,1,local-b|local-c,2,1,1
v4conf-078,18,2000078,role_0=local-b;role_1=local-a;role_2=local-c,SINGLE_PROVIDER_INVALID_RISK,1,0,1,local-c,1,SLO_ESTIMATE_UNSATISFIABLE,best-effort,1,0,1,1,local-b|local-c,2,1,1
v4conf-078,19,2000078,role_0=local-b;role_1=local-a;role_2=local-c,SINGLE_PROVIDER_INVALID_RISK,1,1,1,local-c,1,SLO_ESTIMATE_UNSATISFIABLE,best-effort,1,0,1,1,local-b|local-c,2,1,1
v4conf-078,20,2000078,role_0=local-b;role_1=local-a;role_2=local-c,SHARED_DEGRADATION,0,0,0,local-c,1,SLO_ESTIMATE_UNSATISFIABLE,best-effort,1,0,1,0,local-b|local-c,2,0,0
v4conf-078,21,2000078,role_0=local-b;role_1=local-a;role_2=local-c,SHARED_DEGRADATION,1,0,1,local-c,1,SLO_ESTIMATE_UNSATISFIABLE,best-effort,1,0,1,1,local-b|local-c,2,1,1
v4conf-079,0,2000079,role_0=local-c;role_1=local-a;role_2=local-b,SHARED_DEGRADATION,0,0,0,local-a|local-b|local-c,3,WARMUP,warmup,0,3,3,0,local-b|local-c,2,0,0
v4conf-079,1,2000079,role_0=local-c;role_1=local-a;role_2=local-b,SHARED_DEGRADATION,0,0,1,local-a|local-b|local-c,3,WARMUP,warmup,0,3,3,1,local-b|local-c,2,1,1
v4conf-079,2,2000079,role_0=local-c;role_1=local-a;role_2=local-b,SHARED_DEGRADATION,0,0,0,local-a|local-b|local-c,3,WARMUP,warmup,0,3,3,0,local-b|local-c,2,0,0
v4conf-079,3,2000079,role_0=local-c;role_1=local-a;role_2=local-b,SHARED_DEGRADATION,0,0,0,local-c,1,SLO_ESTIMATE_UNSATISFIABLE,best-effort,1,0,1,0,local-b|local-c,2,0,0
v4conf-079,4,2000079,role_0=local-c;role_1=local-a;role_2=local-b,SHARED_DEGRADATION,0,0,0,local-a|local-c,2,SLO_ESTIMATE_UNSATISFIABLE,best-effort,2,0,2,0,local-b|local-c,2,0,0
v4conf-079,5,2000079,role_0=local-c;role_1=local-a;role_2=local-b,SHARED_DEGRADATION,0,0,0,local-b|local-c,2,SLO_ESTIMATE_UNSATISFIABLE,best-effort,2,0,2,0,local-b|local-c,2,0,0
v4conf-079,6,2000079,role_0=local-c;role_1=local-a;role_2=local-b,SHARED_DEGRADATION,0,0,0,local-a|local-b|local-c,3,SLO_ESTIMATE_UNSATISFIABLE,best-effort,3,0,3,0,local-b|local-c,2,0,0
v4conf-079,7,2000079,role_0=local-c;role_1=local-a;role_2=local-b,SHARED_DEGRADATION,0,0,0,local-a|local-b|local-c,3,SLO_ESTIMATE_UNSATISFIABLE,best-effort,3,3,6,0,local-b|local-c,2,0,0
v4conf-079,8,2000079,role_0=local-c;role_1=local-a;role_2=local-b,SINGLE_PROVIDER_CONGESTED,1,1,0,local-a|local-b|local-c,3,SLO_ESTIMATE_UNSATISFIABLE,best-effort,3,0,3,1,local-b|local-c,2,1,1
v4conf-079,9,2000079,role_0=local-c;role_1=local-a;role_2=local-b,SINGLE_PROVIDER_CONGESTED,1,1,0,local-a|local-b|local-c,3,SLO_ESTIMATE_UNSATISFIABLE,best-effort,3,0,3,1,local-b|local-c,2,1,1
v4conf-079,10,2000079,role_0=local-c;role_1=local-a;role_2=local-b,SINGLE_PROVIDER_CONGESTED,1,1,0,local-a|local-b|local-c,3,SLO_ESTIMATE_UNSATISFIABLE,best-effort,3,0,3,1,local-b|local-c,2,1,1
v4conf-079,11,2000079,role_0=local-c;role_1=local-a;role_2=local-b,SINGLE_PROVIDER_CONGESTED,1,1,0,local-a|local-b|local-c,3,SLO_ESTIMATE_UNSATISFIABLE,best-effort,3,0,3,1,local-b|local-c,2,1,1
v4conf-079,12,2000079,role_0=local-c;role_1=local-a;role_2=local-b,SINGLE_PROVIDER_CONGESTED,1,1,0,local-a|local-b|local-c,3,SLO_ESTIMATE_UNSATISFIABLE,best-effort,3,0,3,1,local-b|local-c,2,1,1
v4conf-079,13,2000079,role_0=local-c;role_1=local-a;role_2=local-b,SINGLE_PROVIDER_CONGESTED,1,1,0,local-a|local-c,2,SLO_ESTIMATE_UNSATISFIABLE,best-effort,2,0,2,1,local-b|local-c,2,1,1
v4conf-079,14,2000079,role_0=local-c;role_1=local-a;role_2=local-b,SINGLE_PROVIDER_CONGESTED,1,1,0,local-a|local-b|local-c,3,SLO_ESTIMATE_UNSATISFIABLE,best-effort,3,0,3,1,local-b|local-c,2,1,1
v4conf-079,15,2000079,role_0=local-c;role_1=local-a;role_2=local-b,SINGLE_PROVIDER_CONGESTED,1,1,0,local-a,1,SLO_ESTIMATE_UNSATISFIABLE,best-effort,1,3,4,1,local-b|local-c,2,1,1
v4conf-079,16,2000079,role_0=local-c;role_1=local-a;role_2=local-b,SINGLE_PROVIDER_INVALID_RISK,1,1,1,local-a,1,SLO_ESTIMATE_UNSATISFIABLE,best-effort,1,0,1,1,local-b|local-c,2,1,1
v4conf-079,17,2000079,role_0=local-c;role_1=local-a;role_2=local-b,SINGLE_PROVIDER_INVALID_RISK,1,1,0,local-a,1,SLO_ESTIMATE_UNSATISFIABLE,best-effort,1,0,1,1,local-b|local-c,2,1,1
v4conf-079,18,2000079,role_0=local-c;role_1=local-a;role_2=local-b,SINGLE_PROVIDER_INVALID_RISK,1,1,0,local-a,1,SELECTED,,1,0,1,1,local-b|local-c,2,1,1
v4conf-079,19,2000079,role_0=local-c;role_1=local-a;role_2=local-b,SINGLE_PROVIDER_INVALID_RISK,1,1,1,local-a,1,SELECTED,,1,0,1,1,local-b|local-c,2,1,1
v4conf-079,20,2000079,role_0=local-c;role_1=local-a;role_2=local-b,SINGLE_PROVIDER_INVALID_RISK,1,1,1,local-a,1,SELECTED,,1,0,1,1,local-b|local-c,2,1,1
v4conf-079,21,2000079,role_0=local-c;role_1=local-a;role_2=local-b,SINGLE_PROVIDER_INVALID_RISK,1,1,1,local-a,1,SELECTED,,1,0,1,1,local-b|local-c,2,1,1
v4conf-080,0,2000080,role_0=local-c;role_1=local-b;role_2=local-a,SINGLE_PROVIDER_INVALID_RISK,1,1,0,local-a|local-b|local-c,3,WARMUP,warmup,0,3,3,1,local-b|local-c,2,1,1
v4conf-080,1,2000080,role_0=local-c;role_1=local-b;role_2=local-a,SINGLE_PROVIDER_INVALID_RISK,1,1,1,local-a|local-b|local-c,3,WARMUP,warmup,0,3,3,1,local-b|local-c,2,1,1
v4conf-080,2,2000080,role_0=local-c;role_1=local-b;role_2=local-a,SINGLE_PROVIDER_INVALID_RISK,1,1,0,local-a|local-b|local-c,3,WARMUP,warmup,0,3,3,1,local-b|local-c,2,1,1
v4conf-080,3,2000080,role_0=local-c;role_1=local-b;role_2=local-a,SINGLE_PROVIDER_INVALID_RISK,1,1,1,local-a,1,SLO_ESTIMATE_UNSATISFIABLE,best-effort,1,0,1,1,local-b|local-c,2,1,1
v4conf-080,4,2000080,role_0=local-c;role_1=local-b;role_2=local-a,NORMAL,1,1,1,local-a,1,SLO_ESTIMATE_UNSATISFIABLE,best-effort,1,0,1,1,local-b|local-c,2,1,1
v4conf-080,5,2000080,role_0=local-c;role_1=local-b;role_2=local-a,NORMAL,1,1,1,local-a,1,SELECTED,,1,0,1,1,local-b|local-c,2,1,1
v4conf-080,6,2000080,role_0=local-c;role_1=local-b;role_2=local-a,NORMAL,1,1,1,local-a,1,SELECTED,,1,0,1,1,local-b|local-c,2,1,1
v4conf-080,7,2000080,role_0=local-c;role_1=local-b;role_2=local-a,NORMAL,1,1,1,local-a,1,SELECTED,,1,3,4,1,local-b|local-c,2,1,1
v4conf-080,8,2000080,role_0=local-c;role_1=local-b;role_2=local-a,SINGLE_PROVIDER_CONGESTED,1,1,0,local-a,1,SELECTED,,1,0,1,1,local-b|local-c,2,1,1
v4conf-080,9,2000080,role_0=local-c;role_1=local-b;role_2=local-a,SINGLE_PROVIDER_CONGESTED,1,1,0,local-a,1,SELECTED,,1,0,1,1,local-b|local-c,2,1,1
v4conf-080,10,2000080,role_0=local-c;role_1=local-b;role_2=local-a,SINGLE_PROVIDER_CONGESTED,1,1,0,local-a,1,SELECTED,,1,0,1,1,local-b|local-c,2,1,1
v4conf-080,11,2000080,role_0=local-c;role_1=local-b;role_2=local-a,SINGLE_PROVIDER_CONGESTED,1,1,0,local-a,1,SELECTED,,1,0,1,1,local-b|local-c,2,1,1
v4conf-080,12,2000080,role_0=local-c;role_1=local-b;role_2=local-a,SINGLE_PROVIDER_CONGESTED,1,1,0,local-a,1,SELECTED,,1,0,1,1,local-b|local-c,2,1,1
v4conf-080,13,2000080,role_0=local-c;role_1=local-b;role_2=local-a,SINGLE_PROVIDER_CONGESTED,1,1,0,local-a,1,SELECTED,,1,0,1,1,local-b|local-c,2,1,1
v4conf-080,14,2000080,role_0=local-c;role_1=local-b;role_2=local-a,SINGLE_PROVIDER_CONGESTED,1,1,0,local-a,1,SELECTED,,1,0,1,1,local-b|local-c,2,1,1
v4conf-080,15,2000080,role_0=local-c;role_1=local-b;role_2=local-a,SINGLE_PROVIDER_CONGESTED,1,1,0,local-a,1,SELECTED,,1,3,4,1,local-b|local-c,2,1,1
v4conf-080,16,2000080,role_0=local-c;role_1=local-b;role_2=local-a,SINGLE_PROVIDER_CONGESTED,1,1,0,local-a,1,SELECTED,,1,0,1,1,local-b|local-c,2,1,1
v4conf-080,17,2000080,role_0=local-c;role_1=local-b;role_2=local-a,PAIR_CORRELATED_DEGRADATION,1,0,0,local-a,1,SELECTED,,1,0,1,1,local-b|local-c,2,0,1
v4conf-080,18,2000080,role_0=local-c;role_1=local-b;role_2=local-a,PAIR_CORRELATED_DEGRADATION,1,0,0,local-a,1,SELECTED,,1,0,1,1,local-b|local-c,2,0,1
v4conf-080,19,2000080,role_0=local-c;role_1=local-b;role_2=local-a,PAIR_CORRELATED_DEGRADATION,1,0,0,local-a,1,SELECTED,,1,0,1,1,local-b|local-c,2,0,1
v4conf-080,20,2000080,role_0=local-c;role_1=local-b;role_2=local-a,PAIR_CORRELATED_DEGRADATION,1,1,1,local-a,1,SELECTED,,1,0,1,1,local-b|local-c,2,1,1
v4conf-080,21,2000080,role_0=local-c;role_1=local-b;role_2=local-a,PAIR_CORRELATED_DEGRADATION,1,0,1,local-a,1,SELECTED,,1,0,1,1,local-b|local-c,2,1,1
v4conf-081,0,2000081,role_0=local-b;role_1=local-c;role_2=local-a,PAIR_CORRELATED_DEGRADATION,1,0,0,local-a|local-b|local-c,3,WARMUP,warmup,0,3,3,1,local-b|local-c,2,0,1
v4conf-081,1,2000081,role_0=local-b;role_1=local-c;role_2=local-a,PAIR_CORRELATED_DEGRADATION,1,0,0,local-a|local-b|local-c,3,WARMUP,warmup,0,3,3,1,local-b|local-c,2,0,1
v4conf-081,2,2000081,role_0=local-b;role_1=local-c;role_2=local-a,PAIR_CORRELATED_DEGRADATION,1,1,0,local-a|local-b|local-c,3,WARMUP,warmup,0,3,3,1,local-b|local-c,2,1,1
v4conf-081,3,2000081,role_0=local-b;role_1=local-c;role_2=local-a,PAIR_CORRELATED_DEGRADATION,1,0,0,local-a,1,SLO_ESTIMATE_UNSATISFIABLE,best-effort,1,0,1,1,local-b|local-c,2,0,1
v4conf-081,4,2000081,role_0=local-b;role_1=local-c;role_2=local-a,PAIR_CORRELATED_DEGRADATION,1,0,0,local-a,1,SLO_ESTIMATE_UNSATISFIABLE,best-effort,1,0,1,1,local-b|local-c,2,0,1
v4conf-081,5,2000081,role_0=local-b;role_1=local-c;role_2=local-a,PAIR_CORRELATED_DEGRADATION,1,0,1,local-a,1,SELECTED,,1,0,1,1,local-b|local-c,2,1,1
v4conf-081,6,2000081,role_0=local-b;role_1=local-c;role_2=local-a,PAIR_CORRELATED_DEGRADATION,1,0,0,local-a,1,SELECTED,,1,0,1,1,local-b|local-c,2,0,1
v4conf-081,7,2000081,role_0=local-b;role_1=local-c;role_2=local-a,PAIR_CORRELATED_DEGRADATION,1,1,0,local-a,1,SELECTED,,1,3,4,1,local-b|local-c,2,1,1
v4conf-081,8,2000081,role_0=local-b;role_1=local-c;role_2=local-a,PAIR_CORRELATED_DEGRADATION,1,0,0,local-a,1,SELECTED,,1,0,1,1,local-b|local-c,2,0,1
v4conf-081,9,2000081,role_0=local-b;role_1=local-c;role_2=local-a,PAIR_CORRELATED_DEGRADATION,1,0,0,local-a,1,SELECTED,,1,0,1,1,local-b|local-c,2,0,1
v4conf-081,10,2000081,role_0=local-b;role_1=local-c;role_2=local-a,PAIR_CORRELATED_DEGRADATION,1,0,0,local-a,1,SELECTED,,1,0,1,1,local-b|local-c,2,0,1
v4conf-081,11,2000081,role_0=local-b;role_1=local-c;role_2=local-a,PAIR_CORRELATED_DEGRADATION,1,0,0,local-a,1,SELECTED,,1,0,1,1,local-b|local-c,2,0,1
v4conf-081,12,2000081,role_0=local-b;role_1=local-c;role_2=local-a,SINGLE_PROVIDER_INVALID_RISK,1,0,1,local-a,1,SELECTED,,1,0,1,1,local-b|local-c,2,1,1
v4conf-081,13,2000081,role_0=local-b;role_1=local-c;role_2=local-a,SINGLE_PROVIDER_INVALID_RISK,1,0,1,local-a,1,SELECTED,,1,0,1,1,local-b|local-c,2,1,1
v4conf-081,14,2000081,role_0=local-b;role_1=local-c;role_2=local-a,SINGLE_PROVIDER_INVALID_RISK,1,1,1,local-a,1,SELECTED,,1,0,1,1,local-b|local-c,2,1,1
v4conf-081,15,2000081,role_0=local-b;role_1=local-c;role_2=local-a,SINGLE_PROVIDER_INVALID_RISK,1,0,1,local-a,1,SELECTED,,1,3,4,1,local-b|local-c,2,1,1
v4conf-081,16,2000081,role_0=local-b;role_1=local-c;role_2=local-a,SINGLE_PROVIDER_INVALID_RISK,1,0,1,local-a,1,SELECTED,,1,0,1,1,local-b|local-c,2,1,1
v4conf-081,17,2000081,role_0=local-b;role_1=local-c;role_2=local-a,SINGLE_PROVIDER_INVALID_RISK,1,0,1,local-a,1,SELECTED,,1,0,1,1,local-b|local-c,2,1,1
v4conf-081,18,2000081,role_0=local-b;role_1=local-c;role_2=local-a,SINGLE_PROVIDER_CONGESTED,1,0,1,local-a,1,SELECTED,,1,0,1,1,local-b|local-c,2,1,1
v4conf-081,19,2000081,role_0=local-b;role_1=local-c;role_2=local-a,SINGLE_PROVIDER_CONGESTED,1,0,1,local-a,1,SELECTED,,1,0,1,1,local-b|local-c,2,1,1
v4conf-081,20,2000081,role_0=local-b;role_1=local-c;role_2=local-a,SINGLE_PROVIDER_CONGESTED,1,0,1,local-a,1,SELECTED,,1,0,1,1,local-b|local-c,2,1,1
v4conf-081,21,2000081,role_0=local-b;role_1=local-c;role_2=local-a,SINGLE_PROVIDER_CONGESTED,1,0,1,local-a,1,SELECTED,,1,0,1,1,local-b|local-c,2,1,1
v4conf-082,0,2000082,role_0=local-a;role_1=local-b;role_2=local-c,SHARED_DEGRADATION,0,0,0,local-a|local-b|local-c,3,WARMUP,warmup,0,3,3,0,local-b|local-c,2,0,0
v4conf-082,1,2000082,role_0=local-a;role_1=local-b;role_2=local-c,SHARED_DEGRADATION,0,0,0,local-a|local-b|local-c,3,WARMUP,warmup,0,3,3,0,local-b|local-c,2,0,0
v4conf-082,2,2000082,role_0=local-a;role_1=local-b;role_2=local-c,SHARED_DEGRADATION,0,0,0,local-a|local-b|local-c,3,WARMUP,warmup,0,3,3,0,local-b|local-c,2,0,0
v4conf-082,3,2000082,role_0=local-a;role_1=local-b;role_2=local-c,SHARED_DEGRADATION,0,1,0,local-a,1,SLO_ESTIMATE_UNSATISFIABLE,best-effort,1,0,1,0,local-b|local-c,2,1,1
v4conf-082,4,2000082,role_0=local-a;role_1=local-b;role_2=local-c,SHARED_DEGRADATION,0,0,0,local-b,1,SLO_ESTIMATE_UNSATISFIABLE,best-effort,1,0,1,0,local-b|local-c,2,0,0
v4conf-082,5,2000082,role_0=local-a;role_1=local-b;role_2=local-c,SHARED_DEGRADATION,0,0,0,local-c,1,SLO_ESTIMATE_UNSATISFIABLE,best-effort,1,0,1,0,local-b|local-c,2,0,0
v4conf-082,6,2000082,role_0=local-a;role_1=local-b;role_2=local-c,PAIR_CORRELATED_DEGRADATION,0,0,1,local-a|local-b,2,SLO_ESTIMATE_UNSATISFIABLE,best-effort,2,0,2,0,local-b|local-c,2,1,1
v4conf-082,7,2000082,role_0=local-a;role_1=local-b;role_2=local-c,PAIR_CORRELATED_DEGRADATION,1,0,1,local-a|local-c,2,SLO_ESTIMATE_UNSATISFIABLE,best-effort,2,3,5,1,local-b|local-c,2,1,1
v4conf-082,8,2000082,role_0=local-a;role_1=local-b;role_2=local-c,PAIR_CORRELATED_DEGRADATION,1,0,1,local-a|local-c,2,SLO_ESTIMATE_UNSATISFIABLE,best-effort,2,0,2,1,local-b|local-c,2,1,1
v4conf-082,9,2000082,role_0=local-a;role_1=local-b;role_2=local-c,PAIR_CORRELATED_DEGRADATION,1,1,1,local-a|local-c,2,SLO_ESTIMATE_UNSATISFIABLE,best-effort,2,0,2,1,local-b|local-c,2,1,1
v4conf-082,10,2000082,role_0=local-a;role_1=local-b;role_2=local-c,PAIR_CORRELATED_DEGRADATION,0,1,1,local-a|local-c,2,SLO_ESTIMATE_UNSATISFIABLE,best-effort,2,0,2,1,local-b|local-c,2,1,1
v4conf-082,11,2000082,role_0=local-a;role_1=local-b;role_2=local-c,SHARED_DEGRADATION,0,1,0,local-a|local-c,2,SLO_ESTIMATE_UNSATISFIABLE,best-effort,2,0,2,0,local-b|local-c,2,1,1
v4conf-082,12,2000082,role_0=local-a;role_1=local-b;role_2=local-c,SHARED_DEGRADATION,0,0,0,local-b|local-c,2,SLO_ESTIMATE_UNSATISFIABLE,best-effort,2,0,2,0,local-b|local-c,2,0,0
v4conf-082,13,2000082,role_0=local-a;role_1=local-b;role_2=local-c,SHARED_DEGRADATION,0,0,0,local-a|local-b|local-c,3,SLO_ESTIMATE_UNSATISFIABLE,best-effort,3,0,3,0,local-b|local-c,2,0,0
v4conf-082,14,2000082,role_0=local-a;role_1=local-b;role_2=local-c,SHARED_DEGRADATION,0,0,0,local-a|local-b|local-c,3,SLO_ESTIMATE_UNSATISFIABLE,best-effort,3,0,3,0,local-b|local-c,2,0,0
v4conf-082,15,2000082,role_0=local-a;role_1=local-b;role_2=local-c,SHARED_DEGRADATION,0,0,0,local-a|local-b|local-c,3,SLO_ESTIMATE_UNSATISFIABLE,best-effort,3,3,6,0,local-b|local-c,2,0,0
v4conf-082,16,2000082,role_0=local-a;role_1=local-b;role_2=local-c,PAIR_CORRELATED_DEGRADATION,0,0,1,local-c,1,SLO_ESTIMATE_UNSATISFIABLE,best-effort,1,0,1,1,local-b|local-c,2,1,1
v4conf-082,17,2000082,role_0=local-a;role_1=local-b;role_2=local-c,PAIR_CORRELATED_DEGRADATION,0,0,1,local-c,1,SLO_ESTIMATE_UNSATISFIABLE,best-effort,1,0,1,1,local-b|local-c,2,1,1
v4conf-082,18,2000082,role_0=local-a;role_1=local-b;role_2=local-c,PAIR_CORRELATED_DEGRADATION,0,0,1,local-a|local-c,2,SLO_ESTIMATE_UNSATISFIABLE,best-effort,2,0,2,1,local-b|local-c,2,1,1
v4conf-082,19,2000082,role_0=local-a;role_1=local-b;role_2=local-c,PAIR_CORRELATED_DEGRADATION,0,0,1,local-a|local-b|local-c,3,SLO_ESTIMATE_UNSATISFIABLE,best-effort,3,0,3,1,local-b|local-c,2,1,1
v4conf-082,20,2000082,role_0=local-a;role_1=local-b;role_2=local-c,SINGLE_PROVIDER_CONGESTED,0,1,1,local-a|local-b|local-c,3,SLO_ESTIMATE_UNSATISFIABLE,best-effort,3,0,3,1,local-b|local-c,2,1,1
v4conf-082,21,2000082,role_0=local-a;role_1=local-b;role_2=local-c,SINGLE_PROVIDER_CONGESTED,0,1,1,local-a|local-b|local-c,3,SLO_ESTIMATE_UNSATISFIABLE,best-effort,3,0,3,1,local-b|local-c,2,1,1
v4conf-083,0,2000083,role_0=local-b;role_1=local-c;role_2=local-a,SINGLE_PROVIDER_CONGESTED,1,0,1,local-a|local-b|local-c,3,WARMUP,warmup,0,3,3,1,local-b|local-c,2,1,1
v4conf-083,1,2000083,role_0=local-b;role_1=local-c;role_2=local-a,SINGLE_PROVIDER_CONGESTED,1,0,1,local-a|local-b|local-c,3,WARMUP,warmup,0,3,3,1,local-b|local-c,2,1,1
v4conf-083,2,2000083,role_0=local-b;role_1=local-c;role_2=local-a,SINGLE_PROVIDER_CONGESTED,1,0,1,local-a|local-b|local-c,3,WARMUP,warmup,0,3,3,1,local-b|local-c,2,1,1
v4conf-083,3,2000083,role_0=local-b;role_1=local-c;role_2=local-a,SINGLE_PROVIDER_CONGESTED,1,0,1,local-a,1,SLO_ESTIMATE_UNSATISFIABLE,best-effort,1,0,1,1,local-b|local-c,2,1,1
v4conf-083,4,2000083,role_0=local-b;role_1=local-c;role_2=local-a,SINGLE_PROVIDER_CONGESTED,1,0,1,local-a,1,SLO_ESTIMATE_UNSATISFIABLE,best-effort,1,0,1,1,local-b|local-c,2,1,1
v4conf-083,5,2000083,role_0=local-b;role_1=local-c;role_2=local-a,SINGLE_PROVIDER_CONGESTED,1,0,1,local-a,1,SELECTED,,1,0,1,1,local-b|local-c,2,1,1
v4conf-083,6,2000083,role_0=local-b;role_1=local-c;role_2=local-a,SHARED_DEGRADATION,0,0,0,local-a,1,SELECTED,,1,0,1,0,local-b|local-c,2,0,0
v4conf-083,7,2000083,role_0=local-b;role_1=local-c;role_2=local-a,SHARED_DEGRADATION,0,0,0,local-a|local-b,2,SELECTED,,2,3,5,0,local-b|local-c,2,0,0
v4conf-083,8,2000083,role_0=local-b;role_1=local-c;role_2=local-a,SHARED_DEGRADATION,0,0,0,local-a|local-b,2,SLO_ESTIMATE_UNSATISFIABLE,best-effort,2,0,2,0,local-b|local-c,2,0,0
v4conf-083,9,2000083,role_0=local-b;role_1=local-c;role_2=local-a,SHARED_DEGRADATION,0,0,1,local-a|local-c,2,SLO_ESTIMATE_UNSATISFIABLE,best-effort,2,0,2,1,local-b|local-c,2,1,1
v4conf-083,10,2000083,role_0=local-b;role_1=local-c;role_2=local-a,SHARED_DEGRADATION,0,0,0,local-a|local-c,2,SLO_ESTIMATE_UNSATISFIABLE,best-effort,2,0,2,0,local-b|local-c,2,0,0
v4conf-083,11,2000083,role_0=local-b;role_1=local-c;role_2=local-a,SHARED_DEGRADATION,0,0,0,local-a|local-b|local-c,3,SLO_ESTIMATE_UNSATISFIABLE,best-effort,3,0,3,0,local-b|local-c,2,0,0
v4conf-083,12,2000083,role_0=local-b;role_1=local-c;role_2=local-a,SHARED_DEGRADATION,0,0,0,local-a|local-b|local-c,3,SLO_ESTIMATE_UNSATISFIABLE,best-effort,3,0,3,0,local-b|local-c,2,0,0
v4conf-083,13,2000083,role_0=local-b;role_1=local-c;role_2=local-a,SHARED_DEGRADATION,0,0,0,local-a|local-b|local-c,3,SLO_ESTIMATE_UNSATISFIABLE,best-effort,3,0,3,0,local-b|local-c,2,0,0
v4conf-083,14,2000083,role_0=local-b;role_1=local-c;role_2=local-a,SHARED_DEGRADATION,0,0,0,local-a|local-b|local-c,3,SLO_ESTIMATE_UNSATISFIABLE,best-effort,3,0,3,0,local-b|local-c,2,0,0
v4conf-083,15,2000083,role_0=local-b;role_1=local-c;role_2=local-a,PAIR_CORRELATED_DEGRADATION,1,1,0,local-a|local-b|local-c,3,SLO_ESTIMATE_UNSATISFIABLE,best-effort,3,3,6,1,local-b|local-c,2,1,1
v4conf-083,16,2000083,role_0=local-b;role_1=local-c;role_2=local-a,PAIR_CORRELATED_DEGRADATION,1,0,1,local-b|local-c,2,SLO_ESTIMATE_UNSATISFIABLE,best-effort,2,0,2,1,local-b|local-c,2,1,1
v4conf-083,17,2000083,role_0=local-b;role_1=local-c;role_2=local-a,PAIR_CORRELATED_DEGRADATION,1,0,0,local-b|local-c,2,SLO_ESTIMATE_UNSATISFIABLE,best-effort,2,0,2,0,local-b|local-c,2,0,1
v4conf-083,18,2000083,role_0=local-b;role_1=local-c;role_2=local-a,PAIR_CORRELATED_DEGRADATION,1,0,0,local-a|local-b|local-c,3,SLO_ESTIMATE_UNSATISFIABLE,best-effort,3,0,3,1,local-b|local-c,2,0,1
v4conf-083,19,2000083,role_0=local-b;role_1=local-c;role_2=local-a,PAIR_CORRELATED_DEGRADATION,1,0,0,local-a|local-b|local-c,3,SLO_ESTIMATE_UNSATISFIABLE,best-effort,3,0,3,1,local-b|local-c,2,0,1
v4conf-083,20,2000083,role_0=local-b;role_1=local-c;role_2=local-a,SINGLE_PROVIDER_INVALID_RISK,1,1,1,local-a|local-c,2,SLO_ESTIMATE_UNSATISFIABLE,best-effort,2,0,2,1,local-b|local-c,2,1,1
v4conf-083,21,2000083,role_0=local-b;role_1=local-c;role_2=local-a,SINGLE_PROVIDER_INVALID_RISK,1,0,1,local-a|local-b|local-c,3,SLO_ESTIMATE_UNSATISFIABLE,best-effort,3,0,3,1,local-b|local-c,2,1,1
v4conf-084,0,2000084,role_0=local-c;role_1=local-a;role_2=local-b,SINGLE_PROVIDER_UNSTABLE,1,1,0,local-a|local-b|local-c,3,WARMUP,warmup,0,3,3,1,local-b|local-c,2,1,1
v4conf-084,1,2000084,role_0=local-c;role_1=local-a;role_2=local-b,SINGLE_PROVIDER_UNSTABLE,1,1,0,local-a|local-b|local-c,3,WARMUP,warmup,0,3,3,1,local-b|local-c,2,1,1
v4conf-084,2,2000084,role_0=local-c;role_1=local-a;role_2=local-b,SINGLE_PROVIDER_UNSTABLE,1,1,0,local-a|local-b|local-c,3,WARMUP,warmup,0,3,3,1,local-b|local-c,2,1,1
v4conf-084,3,2000084,role_0=local-c;role_1=local-a;role_2=local-b,SINGLE_PROVIDER_UNSTABLE,1,1,0,local-a,1,SLO_ESTIMATE_UNSATISFIABLE,best-effort,1,0,1,1,local-b|local-c,2,1,1
v4conf-084,4,2000084,role_0=local-c;role_1=local-a;role_2=local-b,SINGLE_PROVIDER_UNSTABLE,1,1,1,local-a,1,SLO_ESTIMATE_UNSATISFIABLE,best-effort,1,0,1,1,local-b|local-c,2,1,1
v4conf-084,5,2000084,role_0=local-c;role_1=local-a;role_2=local-b,SINGLE_PROVIDER_UNSTABLE,1,1,1,local-a,1,SELECTED,,1,0,1,1,local-b|local-c,2,1,1
v4conf-084,6,2000084,role_0=local-c;role_1=local-a;role_2=local-b,SINGLE_PROVIDER_UNSTABLE,1,1,0,local-a,1,SELECTED,,1,0,1,1,local-b|local-c,2,1,1
v4conf-084,7,2000084,role_0=local-c;role_1=local-a;role_2=local-b,SINGLE_PROVIDER_UNSTABLE,1,1,0,local-a,1,SELECTED,,1,3,4,1,local-b|local-c,2,1,1
v4conf-084,8,2000084,role_0=local-c;role_1=local-a;role_2=local-b,SINGLE_PROVIDER_UNSTABLE,1,1,0,local-a,1,SELECTED,,1,0,1,1,local-b|local-c,2,1,1
v4conf-084,9,2000084,role_0=local-c;role_1=local-a;role_2=local-b,SINGLE_PROVIDER_UNSTABLE,1,1,1,local-a,1,SELECTED,,1,0,1,1,local-b|local-c,2,1,1
v4conf-084,10,2000084,role_0=local-c;role_1=local-a;role_2=local-b,SINGLE_PROVIDER_UNSTABLE,1,1,0,local-a,1,SELECTED,,1,0,1,1,local-b|local-c,2,1,1
v4conf-084,11,2000084,role_0=local-c;role_1=local-a;role_2=local-b,SINGLE_PROVIDER_UNSTABLE,1,1,0,local-a,1,SELECTED,,1,0,1,1,local-b|local-c,2,1,1
v4conf-084,12,2000084,role_0=local-c;role_1=local-a;role_2=local-b,SINGLE_PROVIDER_CONGESTED,1,1,0,local-a,1,SELECTED,,1,0,1,1,local-b|local-c,2,1,1
v4conf-084,13,2000084,role_0=local-c;role_1=local-a;role_2=local-b,SINGLE_PROVIDER_CONGESTED,1,1,0,local-a,1,SELECTED,,1,0,1,1,local-b|local-c,2,1,1
v4conf-084,14,2000084,role_0=local-c;role_1=local-a;role_2=local-b,SINGLE_PROVIDER_CONGESTED,1,1,0,local-a,1,SELECTED,,1,0,1,1,local-b|local-c,2,1,1
v4conf-084,15,2000084,role_0=local-c;role_1=local-a;role_2=local-b,SINGLE_PROVIDER_CONGESTED,1,1,0,local-a,1,SELECTED,,1,3,4,1,local-b|local-c,2,1,1
v4conf-084,16,2000084,role_0=local-c;role_1=local-a;role_2=local-b,PAIR_CORRELATED_DEGRADATION,1,1,0,local-a,1,SELECTED,,1,0,1,1,local-b|local-c,2,1,1
v4conf-084,17,2000084,role_0=local-c;role_1=local-a;role_2=local-b,PAIR_CORRELATED_DEGRADATION,0,1,0,local-a,1,SELECTED,,1,0,1,0,local-b|local-c,2,1,1
v4conf-084,18,2000084,role_0=local-c;role_1=local-a;role_2=local-b,PAIR_CORRELATED_DEGRADATION,0,1,1,local-b,1,SELECTED,,1,0,1,1,local-b|local-c,2,1,1
v4conf-084,19,2000084,role_0=local-c;role_1=local-a;role_2=local-b,PAIR_CORRELATED_DEGRADATION,0,1,0,local-b,1,SELECTED,,1,0,1,1,local-b|local-c,2,1,1
v4conf-084,20,2000084,role_0=local-c;role_1=local-a;role_2=local-b,SINGLE_PROVIDER_CONGESTED,1,1,0,local-b,1,SELECTED,,1,0,1,1,local-b|local-c,2,1,1
v4conf-084,21,2000084,role_0=local-c;role_1=local-a;role_2=local-b,SINGLE_PROVIDER_CONGESTED,1,1,0,local-b,1,SELECTED,,1,0,1,1,local-b|local-c,2,1,1
v4conf-085,0,2000085,role_0=local-b;role_1=local-a;role_2=local-c,SINGLE_PROVIDER_CONGESTED,1,0,1,local-a|local-b|local-c,3,WARMUP,warmup,0,3,3,1,local-b|local-c,2,1,1
v4conf-085,1,2000085,role_0=local-b;role_1=local-a;role_2=local-c,SINGLE_PROVIDER_CONGESTED,1,0,1,local-a|local-b|local-c,3,WARMUP,warmup,0,3,3,1,local-b|local-c,2,1,1
v4conf-085,2,2000085,role_0=local-b;role_1=local-a;role_2=local-c,SINGLE_PROVIDER_CONGESTED,1,0,1,local-a|local-b|local-c,3,WARMUP,warmup,0,3,3,1,local-b|local-c,2,1,1
v4conf-085,3,2000085,role_0=local-b;role_1=local-a;role_2=local-c,SINGLE_PROVIDER_CONGESTED,1,0,1,local-a,1,SLO_ESTIMATE_UNSATISFIABLE,best-effort,1,0,1,1,local-b|local-c,2,1,1
v4conf-085,4,2000085,role_0=local-b;role_1=local-a;role_2=local-c,SINGLE_PROVIDER_CONGESTED,1,0,1,local-a,1,SLO_ESTIMATE_UNSATISFIABLE,best-effort,1,0,1,1,local-b|local-c,2,1,1
v4conf-085,5,2000085,role_0=local-b;role_1=local-a;role_2=local-c,SINGLE_PROVIDER_CONGESTED,1,0,1,local-a,1,SELECTED,,1,0,1,1,local-b|local-c,2,1,1
v4conf-085,6,2000085,role_0=local-b;role_1=local-a;role_2=local-c,SINGLE_PROVIDER_CONGESTED,1,0,1,local-a,1,SELECTED,,1,0,1,1,local-b|local-c,2,1,1
v4conf-085,7,2000085,role_0=local-b;role_1=local-a;role_2=local-c,SINGLE_PROVIDER_CONGESTED,1,0,1,local-a,1,SELECTED,,1,3,4,1,local-b|local-c,2,1,1
v4conf-085,8,2000085,role_0=local-b;role_1=local-a;role_2=local-c,SINGLE_PROVIDER_CONGESTED,1,0,1,local-a,1,SELECTED,,1,0,1,1,local-b|local-c,2,1,1
v4conf-085,9,2000085,role_0=local-b;role_1=local-a;role_2=local-c,SINGLE_PROVIDER_UNSTABLE,1,0,1,local-a,1,SELECTED,,1,0,1,1,local-b|local-c,2,1,1
v4conf-085,10,2000085,role_0=local-b;role_1=local-a;role_2=local-c,SINGLE_PROVIDER_UNSTABLE,1,1,1,local-a,1,SELECTED,,1,0,1,1,local-b|local-c,2,1,1
v4conf-085,11,2000085,role_0=local-b;role_1=local-a;role_2=local-c,SINGLE_PROVIDER_UNSTABLE,1,0,1,local-a,1,SELECTED,,1,0,1,1,local-b|local-c,2,1,1
v4conf-085,12,2000085,role_0=local-b;role_1=local-a;role_2=local-c,SINGLE_PROVIDER_UNSTABLE,1,0,1,local-a,1,SELECTED,,1,0,1,1,local-b|local-c,2,1,1
v4conf-085,13,2000085,role_0=local-b;role_1=local-a;role_2=local-c,PAIR_CORRELATED_DEGRADATION,0,1,1,local-a,1,SELECTED,,1,0,1,0,local-b|local-c,2,1,1
v4conf-085,14,2000085,role_0=local-b;role_1=local-a;role_2=local-c,PAIR_CORRELATED_DEGRADATION,0,0,1,local-a|local-b,2,SELECTED,,2,0,2,0,local-b|local-c,2,1,1
v4conf-085,15,2000085,role_0=local-b;role_1=local-a;role_2=local-c,PAIR_CORRELATED_DEGRADATION,0,0,1,local-a|local-c,2,SELECTED,,2,3,5,1,local-b|local-c,2,1,1
v4conf-085,16,2000085,role_0=local-b;role_1=local-a;role_2=local-c,PAIR_CORRELATED_DEGRADATION,0,0,1,local-c,1,SELECTED,,1,0,1,1,local-b|local-c,2,1,1
v4conf-085,17,2000085,role_0=local-b;role_1=local-a;role_2=local-c,PAIR_CORRELATED_DEGRADATION,0,0,1,local-c,1,SELECTED,,1,0,1,1,local-b|local-c,2,1,1
v4conf-085,18,2000085,role_0=local-b;role_1=local-a;role_2=local-c,SINGLE_PROVIDER_UNSTABLE,1,1,1,local-c,1,SELECTED,,1,0,1,1,local-b|local-c,2,1,1
v4conf-085,19,2000085,role_0=local-b;role_1=local-a;role_2=local-c,SINGLE_PROVIDER_UNSTABLE,1,1,1,local-c,1,SELECTED,,1,0,1,1,local-b|local-c,2,1,1
v4conf-085,20,2000085,role_0=local-b;role_1=local-a;role_2=local-c,SINGLE_PROVIDER_UNSTABLE,1,0,1,local-c,1,SELECTED,,1,0,1,1,local-b|local-c,2,1,1
v4conf-085,21,2000085,role_0=local-b;role_1=local-a;role_2=local-c,SINGLE_PROVIDER_UNSTABLE,1,1,1,local-c,1,SELECTED,,1,0,1,1,local-b|local-c,2,1,1
v4conf-086,0,2000086,role_0=local-c;role_1=local-a;role_2=local-b,SINGLE_PROVIDER_INVALID_RISK,1,1,1,local-a|local-b|local-c,3,WARMUP,warmup,0,3,3,1,local-b|local-c,2,1,1
v4conf-086,1,2000086,role_0=local-c;role_1=local-a;role_2=local-b,SINGLE_PROVIDER_INVALID_RISK,1,1,1,local-a|local-b|local-c,3,WARMUP,warmup,0,3,3,1,local-b|local-c,2,1,1
v4conf-086,2,2000086,role_0=local-c;role_1=local-a;role_2=local-b,SINGLE_PROVIDER_INVALID_RISK,1,1,0,local-a|local-b|local-c,3,WARMUP,warmup,0,3,3,1,local-b|local-c,2,1,1
v4conf-086,3,2000086,role_0=local-c;role_1=local-a;role_2=local-b,SINGLE_PROVIDER_INVALID_RISK,1,1,0,local-a,1,SLO_ESTIMATE_UNSATISFIABLE,best-effort,1,0,1,1,local-b|local-c,2,1,1
v4conf-086,4,2000086,role_0=local-c;role_1=local-a;role_2=local-b,SINGLE_PROVIDER_INVALID_RISK,1,1,0,local-a,1,SLO_ESTIMATE_UNSATISFIABLE,best-effort,1,0,1,1,local-b|local-c,2,1,1
v4conf-086,5,2000086,role_0=local-c;role_1=local-a;role_2=local-b,SINGLE_PROVIDER_INVALID_RISK,1,1,0,local-a,1,SELECTED,,1,0,1,1,local-b|local-c,2,1,1
v4conf-086,6,2000086,role_0=local-c;role_1=local-a;role_2=local-b,SINGLE_PROVIDER_INVALID_RISK,1,1,0,local-a,1,SELECTED,,1,0,1,1,local-b|local-c,2,1,1
v4conf-086,7,2000086,role_0=local-c;role_1=local-a;role_2=local-b,SINGLE_PROVIDER_INVALID_RISK,1,1,0,local-a,1,SELECTED,,1,3,4,1,local-b|local-c,2,1,1
v4conf-086,8,2000086,role_0=local-c;role_1=local-a;role_2=local-b,PAIR_CORRELATED_DEGRADATION,1,1,0,local-a,1,SELECTED,,1,0,1,1,local-b|local-c,2,1,1
v4conf-086,9,2000086,role_0=local-c;role_1=local-a;role_2=local-b,PAIR_CORRELATED_DEGRADATION,0,1,0,local-a,1,SELECTED,,1,0,1,0,local-b|local-c,2,1,1
v4conf-086,10,2000086,role_0=local-c;role_1=local-a;role_2=local-b,PAIR_CORRELATED_DEGRADATION,1,1,0,local-a|local-b,2,SELECTED,,2,0,2,1,local-b|local-c,2,1,1
v4conf-086,11,2000086,role_0=local-c;role_1=local-a;role_2=local-b,PAIR_CORRELATED_DEGRADATION,0,1,0,local-b,1,SELECTED,,1,0,1,1,local-b|local-c,2,1,1
v4conf-086,12,2000086,role_0=local-c;role_1=local-a;role_2=local-b,PAIR_CORRELATED_DEGRADATION,0,1,0,local-b,1,SELECTED,,1,0,1,1,local-b|local-c,2,1,1
v4conf-086,13,2000086,role_0=local-c;role_1=local-a;role_2=local-b,PAIR_CORRELATED_DEGRADATION,0,1,0,local-b,1,SELECTED,,1,0,1,1,local-b|local-c,2,1,1
v4conf-086,14,2000086,role_0=local-c;role_1=local-a;role_2=local-b,PAIR_CORRELATED_DEGRADATION,0,1,0,local-b,1,SELECTED,,1,0,1,1,local-b|local-c,2,1,1
v4conf-086,15,2000086,role_0=local-c;role_1=local-a;role_2=local-b,PAIR_CORRELATED_DEGRADATION,0,1,0,local-b,1,SELECTED,,1,3,4,1,local-b|local-c,2,1,1
v4conf-086,16,2000086,role_0=local-c;role_1=local-a;role_2=local-b,SINGLE_PROVIDER_CONGESTED,1,1,0,local-b,1,SELECTED,,1,0,1,1,local-b|local-c,2,1,1
v4conf-086,17,2000086,role_0=local-c;role_1=local-a;role_2=local-b,SINGLE_PROVIDER_CONGESTED,1,1,0,local-b,1,SELECTED,,1,0,1,1,local-b|local-c,2,1,1
v4conf-086,18,2000086,role_0=local-c;role_1=local-a;role_2=local-b,SINGLE_PROVIDER_CONGESTED,1,1,0,local-b,1,SELECTED,,1,0,1,1,local-b|local-c,2,1,1
v4conf-086,19,2000086,role_0=local-c;role_1=local-a;role_2=local-b,SINGLE_PROVIDER_CONGESTED,1,1,0,local-b,1,SELECTED,,1,0,1,1,local-b|local-c,2,1,1
v4conf-086,20,2000086,role_0=local-c;role_1=local-a;role_2=local-b,SINGLE_PROVIDER_CONGESTED,1,1,0,local-b,1,SELECTED,,1,0,1,1,local-b|local-c,2,1,1
v4conf-086,21,2000086,role_0=local-c;role_1=local-a;role_2=local-b,SINGLE_PROVIDER_CONGESTED,1,1,0,local-b,1,SELECTED,,1,0,1,1,local-b|local-c,2,1,1
v4conf-087,0,2000087,role_0=local-a;role_1=local-c;role_2=local-b,PAIR_CORRELATED_DEGRADATION,0,1,0,local-a|local-b|local-c,3,WARMUP,warmup,0,3,3,1,local-b|local-c,2,1,1
v4conf-087,1,2000087,role_0=local-a;role_1=local-c;role_2=local-b,PAIR_CORRELATED_DEGRADATION,0,1,0,local-a|local-b|local-c,3,WARMUP,warmup,0,3,3,1,local-b|local-c,2,1,1
v4conf-087,2,2000087,role_0=local-a;role_1=local-c;role_2=local-b,PAIR_CORRELATED_DEGRADATION,0,1,0,local-a|local-b|local-c,3,WARMUP,warmup,0,3,3,1,local-b|local-c,2,1,1
v4conf-087,3,2000087,role_0=local-a;role_1=local-c;role_2=local-b,PAIR_CORRELATED_DEGRADATION,0,1,0,local-b,1,SLO_ESTIMATE_UNSATISFIABLE,best-effort,1,0,1,1,local-b|local-c,2,1,1
v4conf-087,4,2000087,role_0=local-a;role_1=local-c;role_2=local-b,PAIR_CORRELATED_DEGRADATION,0,1,0,local-b,1,SLO_ESTIMATE_UNSATISFIABLE,best-effort,1,0,1,1,local-b|local-c,2,1,1
v4conf-087,5,2000087,role_0=local-a;role_1=local-c;role_2=local-b,PAIR_CORRELATED_DEGRADATION,0,1,0,local-b,1,SELECTED,,1,0,1,1,local-b|local-c,2,1,1
v4conf-087,6,2000087,role_0=local-a;role_1=local-c;role_2=local-b,PAIR_CORRELATED_DEGRADATION,0,1,1,local-b,1,SELECTED,,1,0,1,1,local-b|local-c,2,1,1
v4conf-087,7,2000087,role_0=local-a;role_1=local-c;role_2=local-b,SINGLE_PROVIDER_CONGESTED,0,1,1,local-b,1,SELECTED,,1,3,4,1,local-b|local-c,2,1,1
v4conf-087,8,2000087,role_0=local-a;role_1=local-c;role_2=local-b,SINGLE_PROVIDER_CONGESTED,0,1,1,local-b,1,SELECTED,,1,0,1,1,local-b|local-c,2,1,1
v4conf-087,9,2000087,role_0=local-a;role_1=local-c;role_2=local-b,SINGLE_PROVIDER_CONGESTED,0,1,1,local-b,1,SELECTED,,1,0,1,1,local-b|local-c,2,1,1
v4conf-087,10,2000087,role_0=local-a;role_1=local-c;role_2=local-b,SINGLE_PROVIDER_CONGESTED,0,1,1,local-b,1,SELECTED,,1,0,1,1,local-b|local-c,2,1,1
v4conf-087,11,2000087,role_0=local-a;role_1=local-c;role_2=local-b,SINGLE_PROVIDER_CONGESTED,0,1,1,local-b,1,SELECTED,,1,0,1,1,local-b|local-c,2,1,1
v4conf-087,12,2000087,role_0=local-a;role_1=local-c;role_2=local-b,SINGLE_PROVIDER_CONGESTED,0,1,1,local-b,1,SELECTED,,1,0,1,1,local-b|local-c,2,1,1
v4conf-087,13,2000087,role_0=local-a;role_1=local-c;role_2=local-b,NORMAL,1,1,1,local-b,1,SELECTED,,1,0,1,1,local-b|local-c,2,1,1
v4conf-087,14,2000087,role_0=local-a;role_1=local-c;role_2=local-b,NORMAL,1,1,1,local-b,1,SELECTED,,1,0,1,1,local-b|local-c,2,1,1
v4conf-087,15,2000087,role_0=local-a;role_1=local-c;role_2=local-b,NORMAL,1,1,1,local-b,1,SELECTED,,1,3,4,1,local-b|local-c,2,1,1
v4conf-087,16,2000087,role_0=local-a;role_1=local-c;role_2=local-b,NORMAL,1,1,1,local-b,1,SELECTED,,1,0,1,1,local-b|local-c,2,1,1
v4conf-087,17,2000087,role_0=local-a;role_1=local-c;role_2=local-b,NORMAL,1,1,1,local-b,1,SELECTED,,1,0,1,1,local-b|local-c,2,1,1
v4conf-087,18,2000087,role_0=local-a;role_1=local-c;role_2=local-b,NORMAL,1,1,1,local-b,1,SELECTED,,1,0,1,1,local-b|local-c,2,1,1
v4conf-087,19,2000087,role_0=local-a;role_1=local-c;role_2=local-b,NORMAL,1,1,1,local-b,1,SELECTED,,1,0,1,1,local-b|local-c,2,1,1
v4conf-087,20,2000087,role_0=local-a;role_1=local-c;role_2=local-b,NORMAL,1,1,1,local-b,1,SELECTED,,1,0,1,1,local-b|local-c,2,1,1
v4conf-087,21,2000087,role_0=local-a;role_1=local-c;role_2=local-b,SINGLE_PROVIDER_INVALID_RISK,0,1,1,local-b,1,SELECTED,,1,0,1,1,local-b|local-c,2,1,1
v4conf-088,0,2000088,role_0=local-c;role_1=local-a;role_2=local-b,SHARED_DEGRADATION,0,0,0,local-a|local-b|local-c,3,WARMUP,warmup,0,3,3,0,local-b|local-c,2,0,0
v4conf-088,1,2000088,role_0=local-c;role_1=local-a;role_2=local-b,SHARED_DEGRADATION,0,0,1,local-a|local-b|local-c,3,WARMUP,warmup,0,3,3,1,local-b|local-c,2,1,1
v4conf-088,2,2000088,role_0=local-c;role_1=local-a;role_2=local-b,SHARED_DEGRADATION,0,0,0,local-a|local-b|local-c,3,WARMUP,warmup,0,3,3,0,local-b|local-c,2,0,0
v4conf-088,3,2000088,role_0=local-c;role_1=local-a;role_2=local-b,SHARED_DEGRADATION,0,0,0,local-c,1,SLO_ESTIMATE_UNSATISFIABLE,best-effort,1,0,1,0,local-b|local-c,2,0,0
v4conf-088,4,2000088,role_0=local-c;role_1=local-a;role_2=local-b,NORMAL,1,1,1,local-a|local-c,2,SLO_ESTIMATE_UNSATISFIABLE,best-effort,2,0,2,1,local-b|local-c,2,1,1
v4conf-088,5,2000088,role_0=local-c;role_1=local-a;role_2=local-b,NORMAL,1,1,1,local-a|local-c,2,SLO_ESTIMATE_UNSATISFIABLE,best-effort,2,0,2,1,local-b|local-c,2,1,1
v4conf-088,6,2000088,role_0=local-c;role_1=local-a;role_2=local-b,NORMAL,1,1,1,local-a|local-c,2,SLO_ESTIMATE_UNSATISFIABLE,best-effort,2,0,2,1,local-b|local-c,2,1,1
v4conf-088,7,2000088,role_0=local-c;role_1=local-a;role_2=local-b,NORMAL,1,1,1,local-a|local-c,2,SLO_ESTIMATE_UNSATISFIABLE,best-effort,2,3,5,1,local-b|local-c,2,1,1
v4conf-088,8,2000088,role_0=local-c;role_1=local-a;role_2=local-b,NORMAL,1,1,1,local-a|local-c,2,SLO_ESTIMATE_UNSATISFIABLE,best-effort,2,0,2,1,local-b|local-c,2,1,1
v4conf-088,9,2000088,role_0=local-c;role_1=local-a;role_2=local-b,NORMAL,1,1,1,local-a|local-c,2,SLO_ESTIMATE_UNSATISFIABLE,best-effort,2,0,2,1,local-b|local-c,2,1,1
v4conf-088,10,2000088,role_0=local-c;role_1=local-a;role_2=local-b,NORMAL,1,1,1,local-a|local-c,2,SLO_ESTIMATE_UNSATISFIABLE,best-effort,2,0,2,1,local-b|local-c,2,1,1
v4conf-088,11,2000088,role_0=local-c;role_1=local-a;role_2=local-b,SINGLE_PROVIDER_INVALID_RISK,1,1,0,local-c,1,SLO_ESTIMATE_UNSATISFIABLE,best-effort,1,0,1,0,local-b|local-c,2,1,1
v4conf-088,12,2000088,role_0=local-c;role_1=local-a;role_2=local-b,SINGLE_PROVIDER_INVALID_RISK,1,1,0,local-a|local-c,2,SLO_ESTIMATE_UNSATISFIABLE,best-effort,2,0,2,1,local-b|local-c,2,1,1
v4conf-088,13,2000088,role_0=local-c;role_1=local-a;role_2=local-b,SINGLE_PROVIDER_INVALID_RISK,1,1,1,local-a|local-c,2,SLO_ESTIMATE_UNSATISFIABLE,best-effort,2,0,2,1,local-b|local-c,2,1,1
v4conf-088,14,2000088,role_0=local-c;role_1=local-a;role_2=local-b,SINGLE_PROVIDER_INVALID_RISK,1,1,0,local-a,1,SLO_ESTIMATE_UNSATISFIABLE,best-effort,1,0,1,1,local-b|local-c,2,1,1
v4conf-088,15,2000088,role_0=local-c;role_1=local-a;role_2=local-b,SINGLE_PROVIDER_INVALID_RISK,1,1,1,local-a,1,SELECTED,,1,3,4,1,local-b|local-c,2,1,1
v4conf-088,16,2000088,role_0=local-c;role_1=local-a;role_2=local-b,SINGLE_PROVIDER_INVALID_RISK,1,1,1,local-a,1,SELECTED,,1,0,1,1,local-b|local-c,2,1,1
v4conf-088,17,2000088,role_0=local-c;role_1=local-a;role_2=local-b,SINGLE_PROVIDER_INVALID_RISK,1,1,0,local-a,1,SELECTED,,1,0,1,1,local-b|local-c,2,1,1
v4conf-088,18,2000088,role_0=local-c;role_1=local-a;role_2=local-b,SINGLE_PROVIDER_INVALID_RISK,1,1,0,local-a,1,SELECTED,,1,0,1,1,local-b|local-c,2,1,1
v4conf-088,19,2000088,role_0=local-c;role_1=local-a;role_2=local-b,SINGLE_PROVIDER_INVALID_RISK,1,1,1,local-a,1,SELECTED,,1,0,1,1,local-b|local-c,2,1,1
v4conf-088,20,2000088,role_0=local-c;role_1=local-a;role_2=local-b,NORMAL,1,1,1,local-a,1,SELECTED,,1,0,1,1,local-b|local-c,2,1,1
v4conf-088,21,2000088,role_0=local-c;role_1=local-a;role_2=local-b,NORMAL,1,1,1,local-a,1,SELECTED,,1,0,1,1,local-b|local-c,2,1,1
v4conf-089,0,2000089,role_0=local-c;role_1=local-a;role_2=local-b,SINGLE_PROVIDER_INVALID_RISK,1,1,1,local-a|local-b|local-c,3,WARMUP,warmup,0,3,3,1,local-b|local-c,2,1,1
v4conf-089,1,2000089,role_0=local-c;role_1=local-a;role_2=local-b,SINGLE_PROVIDER_INVALID_RISK,1,1,0,local-a|local-b|local-c,3,WARMUP,warmup,0,3,3,1,local-b|local-c,2,1,1
v4conf-089,2,2000089,role_0=local-c;role_1=local-a;role_2=local-b,SINGLE_PROVIDER_INVALID_RISK,1,1,0,local-a|local-b|local-c,3,WARMUP,warmup,0,3,3,1,local-b|local-c,2,1,1
v4conf-089,3,2000089,role_0=local-c;role_1=local-a;role_2=local-b,SINGLE_PROVIDER_INVALID_RISK,1,1,1,local-a,1,SLO_ESTIMATE_UNSATISFIABLE,best-effort,1,0,1,1,local-b|local-c,2,1,1
v4conf-089,4,2000089,role_0=local-c;role_1=local-a;role_2=local-b,SINGLE_PROVIDER_INVALID_RISK,1,1,0,local-a,1,SLO_ESTIMATE_UNSATISFIABLE,best-effort,1,0,1,1,local-b|local-c,2,1,1
v4conf-089,5,2000089,role_0=local-c;role_1=local-a;role_2=local-b,SINGLE_PROVIDER_INVALID_RISK,1,1,0,local-a,1,SELECTED,,1,0,1,1,local-b|local-c,2,1,1
v4conf-089,6,2000089,role_0=local-c;role_1=local-a;role_2=local-b,SINGLE_PROVIDER_INVALID_RISK,1,1,1,local-a,1,SELECTED,,1,0,1,1,local-b|local-c,2,1,1
v4conf-089,7,2000089,role_0=local-c;role_1=local-a;role_2=local-b,SINGLE_PROVIDER_INVALID_RISK,1,1,1,local-a,1,SELECTED,,1,3,4,1,local-b|local-c,2,1,1
v4conf-089,8,2000089,role_0=local-c;role_1=local-a;role_2=local-b,SINGLE_PROVIDER_CONGESTED,1,1,0,local-a,1,SELECTED,,1,0,1,1,local-b|local-c,2,1,1
v4conf-089,9,2000089,role_0=local-c;role_1=local-a;role_2=local-b,SINGLE_PROVIDER_CONGESTED,1,1,0,local-a,1,SELECTED,,1,0,1,1,local-b|local-c,2,1,1
v4conf-089,10,2000089,role_0=local-c;role_1=local-a;role_2=local-b,SINGLE_PROVIDER_CONGESTED,1,1,0,local-a,1,SELECTED,,1,0,1,1,local-b|local-c,2,1,1
v4conf-089,11,2000089,role_0=local-c;role_1=local-a;role_2=local-b,SINGLE_PROVIDER_CONGESTED,1,1,0,local-a,1,SELECTED,,1,0,1,1,local-b|local-c,2,1,1
v4conf-089,12,2000089,role_0=local-c;role_1=local-a;role_2=local-b,SINGLE_PROVIDER_CONGESTED,1,1,0,local-a,1,SELECTED,,1,0,1,1,local-b|local-c,2,1,1
v4conf-089,13,2000089,role_0=local-c;role_1=local-a;role_2=local-b,SINGLE_PROVIDER_CONGESTED,1,1,0,local-a,1,SELECTED,,1,0,1,1,local-b|local-c,2,1,1
v4conf-089,14,2000089,role_0=local-c;role_1=local-a;role_2=local-b,SINGLE_PROVIDER_CONGESTED,1,1,0,local-a,1,SELECTED,,1,0,1,1,local-b|local-c,2,1,1
v4conf-089,15,2000089,role_0=local-c;role_1=local-a;role_2=local-b,SINGLE_PROVIDER_UNSTABLE,1,1,1,local-a,1,SELECTED,,1,3,4,1,local-b|local-c,2,1,1
v4conf-089,16,2000089,role_0=local-c;role_1=local-a;role_2=local-b,SINGLE_PROVIDER_UNSTABLE,1,1,1,local-a,1,SELECTED,,1,0,1,1,local-b|local-c,2,1,1
v4conf-089,17,2000089,role_0=local-c;role_1=local-a;role_2=local-b,SINGLE_PROVIDER_UNSTABLE,1,1,0,local-a,1,SELECTED,,1,0,1,1,local-b|local-c,2,1,1
v4conf-089,18,2000089,role_0=local-c;role_1=local-a;role_2=local-b,SINGLE_PROVIDER_UNSTABLE,1,1,0,local-a,1,SELECTED,,1,0,1,1,local-b|local-c,2,1,1
v4conf-089,19,2000089,role_0=local-c;role_1=local-a;role_2=local-b,SINGLE_PROVIDER_UNSTABLE,1,1,1,local-a,1,SELECTED,,1,0,1,1,local-b|local-c,2,1,1
v4conf-089,20,2000089,role_0=local-c;role_1=local-a;role_2=local-b,SINGLE_PROVIDER_UNSTABLE,1,1,0,local-a,1,SELECTED,,1,0,1,1,local-b|local-c,2,1,1
v4conf-089,21,2000089,role_0=local-c;role_1=local-a;role_2=local-b,SINGLE_PROVIDER_UNSTABLE,1,1,1,local-a,1,SELECTED,,1,0,1,1,local-b|local-c,2,1,1
v4conf-090,0,2000090,role_0=local-a;role_1=local-b;role_2=local-c,SINGLE_PROVIDER_CONGESTED,0,1,1,local-a|local-b|local-c,3,WARMUP,warmup,0,3,3,1,local-b|local-c,2,1,1
v4conf-090,1,2000090,role_0=local-a;role_1=local-b;role_2=local-c,SINGLE_PROVIDER_CONGESTED,0,1,1,local-a|local-b|local-c,3,WARMUP,warmup,0,3,3,1,local-b|local-c,2,1,1
v4conf-090,2,2000090,role_0=local-a;role_1=local-b;role_2=local-c,SINGLE_PROVIDER_CONGESTED,0,1,1,local-a|local-b|local-c,3,WARMUP,warmup,0,3,3,1,local-b|local-c,2,1,1
v4conf-090,3,2000090,role_0=local-a;role_1=local-b;role_2=local-c,SINGLE_PROVIDER_CONGESTED,0,1,1,local-b,1,SLO_ESTIMATE_UNSATISFIABLE,best-effort,1,0,1,1,local-b|local-c,2,1,1
v4conf-090,4,2000090,role_0=local-a;role_1=local-b;role_2=local-c,SINGLE_PROVIDER_CONGESTED,0,1,1,local-b,1,SLO_ESTIMATE_UNSATISFIABLE,best-effort,1,0,1,1,local-b|local-c,2,1,1
v4conf-090,5,2000090,role_0=local-a;role_1=local-b;role_2=local-c,SINGLE_PROVIDER_CONGESTED,0,1,1,local-b,1,SELECTED,,1,0,1,1,local-b|local-c,2,1,1
v4conf-090,6,2000090,role_0=local-a;role_1=local-b;role_2=local-c,SHARED_DEGRADATION,0,0,0,local-b,1,SELECTED,,1,0,1,0,local-b|local-c,2,0,0
v4conf-090,7,2000090,role_0=local-a;role_1=local-b;role_2=local-c,SHARED_DEGRADATION,0,0,1,local-a|local-b,2,SELECTED,,2,3,5,0,local-b|local-c,2,1,1
v4conf-090,8,2000090,role_0=local-a;role_1=local-b;role_2=local-c,SHARED_DEGRADATION,1,0,0,local-b|local-c,2,SELECTED,,2,0,2,0,local-b|local-c,2,0,1
v4conf-090,9,2000090,role_0=local-a;role_1=local-b;role_2=local-c,SHARED_DEGRADATION,0,0,0,local-a|local-b|local-c,3,SELECTED,,3,0,3,0,local-b|local-c,2,0,0
v4conf-090,10,2000090,role_0=local-a;role_1=local-b;role_2=local-c,SHARED_DEGRADATION,0,0,1,local-a|local-b|local-c,3,SLO_ESTIMATE_UNSATISFIABLE,best-effort,3,0,3,1,local-b|local-c,2,1,1
v4conf-090,11,2000090,role_0=local-a;role_1=local-b;role_2=local-c,SHARED_DEGRADATION,0,0,0,local-a|local-b|local-c,3,SLO_ESTIMATE_UNSATISFIABLE,best-effort,3,0,3,0,local-b|local-c,2,0,0
v4conf-090,12,2000090,role_0=local-a;role_1=local-b;role_2=local-c,SHARED_DEGRADATION,0,0,0,local-a|local-b|local-c,3,SLO_ESTIMATE_UNSATISFIABLE,best-effort,3,0,3,0,local-b|local-c,2,0,0
v4conf-090,13,2000090,role_0=local-a;role_1=local-b;role_2=local-c,SHARED_DEGRADATION,0,1,0,local-a|local-b|local-c,3,SLO_ESTIMATE_UNSATISFIABLE,best-effort,3,0,3,1,local-b|local-c,2,1,1
v4conf-090,14,2000090,role_0=local-a;role_1=local-b;role_2=local-c,SINGLE_PROVIDER_CONGESTED,0,1,1,local-a|local-b|local-c,3,SLO_ESTIMATE_UNSATISFIABLE,best-effort,3,0,3,1,local-b|local-c,2,1,1
v4conf-090,15,2000090,role_0=local-a;role_1=local-b;role_2=local-c,SINGLE_PROVIDER_CONGESTED,0,1,1,local-a|local-b|local-c,3,SLO_ESTIMATE_UNSATISFIABLE,best-effort,3,3,6,1,local-b|local-c,2,1,1
v4conf-090,16,2000090,role_0=local-a;role_1=local-b;role_2=local-c,SINGLE_PROVIDER_CONGESTED,0,1,1,local-a|local-b|local-c,3,SLO_ESTIMATE_UNSATISFIABLE,best-effort,3,0,3,1,local-b|local-c,2,1,1
v4conf-090,17,2000090,role_0=local-a;role_1=local-b;role_2=local-c,SINGLE_PROVIDER_CONGESTED,0,1,1,local-a|local-b|local-c,3,SLO_ESTIMATE_UNSATISFIABLE,best-effort,3,0,3,1,local-b|local-c,2,1,1
v4conf-090,18,2000090,role_0=local-a;role_1=local-b;role_2=local-c,SINGLE_PROVIDER_CONGESTED,0,1,1,local-a|local-b|local-c,3,SLO_ESTIMATE_UNSATISFIABLE,best-effort,3,0,3,1,local-b|local-c,2,1,1
v4conf-090,19,2000090,role_0=local-a;role_1=local-b;role_2=local-c,SINGLE_PROVIDER_CONGESTED,0,1,1,local-b|local-c,2,SLO_ESTIMATE_UNSATISFIABLE,best-effort,2,0,2,1,local-b|local-c,2,1,1
v4conf-090,20,2000090,role_0=local-a;role_1=local-b;role_2=local-c,SINGLE_PROVIDER_CONGESTED,0,1,1,local-b|local-c,2,SLO_ESTIMATE_UNSATISFIABLE,best-effort,2,0,2,1,local-b|local-c,2,1,1
v4conf-090,21,2000090,role_0=local-a;role_1=local-b;role_2=local-c,SINGLE_PROVIDER_CONGESTED,0,1,1,local-b,1,SLO_ESTIMATE_UNSATISFIABLE,best-effort,1,0,1,1,local-b|local-c,2,1,1
v4conf-091,0,2000091,role_0=local-c;role_1=local-a;role_2=local-b,SINGLE_PROVIDER_CONGESTED,1,1,0,local-a|local-b|local-c,3,WARMUP,warmup,0,3,3,1,local-b|local-c,2,1,1
v4conf-091,1,2000091,role_0=local-c;role_1=local-a;role_2=local-b,SINGLE_PROVIDER_CONGESTED,1,1,0,local-a|local-b|local-c,3,WARMUP,warmup,0,3,3,1,local-b|local-c,2,1,1
v4conf-091,2,2000091,role_0=local-c;role_1=local-a;role_2=local-b,SINGLE_PROVIDER_CONGESTED,1,1,0,local-a|local-b|local-c,3,WARMUP,warmup,0,3,3,1,local-b|local-c,2,1,1
v4conf-091,3,2000091,role_0=local-c;role_1=local-a;role_2=local-b,SINGLE_PROVIDER_CONGESTED,1,1,0,local-a,1,SLO_ESTIMATE_UNSATISFIABLE,best-effort,1,0,1,1,local-b|local-c,2,1,1
v4conf-091,4,2000091,role_0=local-c;role_1=local-a;role_2=local-b,SINGLE_PROVIDER_CONGESTED,1,1,0,local-a,1,SLO_ESTIMATE_UNSATISFIABLE,best-effort,1,0,1,1,local-b|local-c,2,1,1
v4conf-091,5,2000091,role_0=local-c;role_1=local-a;role_2=local-b,SHARED_DEGRADATION,0,0,0,local-a,1,SELECTED,,1,0,1,0,local-b|local-c,2,0,0
v4conf-091,6,2000091,role_0=local-c;role_1=local-a;role_2=local-b,SHARED_DEGRADATION,0,0,0,local-a|local-b,2,SELECTED,,2,0,2,0,local-b|local-c,2,0,0
v4conf-091,7,2000091,role_0=local-c;role_1=local-a;role_2=local-b,SHARED_DEGRADATION,1,0,0,local-a|local-c,2,SELECTED,,2,3,5,1,local-b|local-c,2,0,1
v4conf-091,8,2000091,role_0=local-c;role_1=local-a;role_2=local-b,SHARED_DEGRADATION,0,0,0,local-a|local-c,2,SELECTED,,2,0,2,0,local-b|local-c,2,0,0
v4conf-091,9,2000091,role_0=local-c;role_1=local-a;role_2=local-b,SHARED_DEGRADATION,0,0,0,local-a|local-b|local-c,3,SELECTED,,3,0,3,0,local-b|local-c,2,0,0
v4conf-091,10,2000091,role_0=local-c;role_1=local-a;role_2=local-b,SHARED_DEGRADATION,0,0,0,local-a|local-b|local-c,3,SLO_ESTIMATE_UNSATISFIABLE,best-effort,3,0,3,0,local-b|local-c,2,0,0
v4conf-091,11,2000091,role_0=local-c;role_1=local-a;role_2=local-b,NORMAL,1,1,1,local-a|local-b|local-c,3,SLO_ESTIMATE_UNSATISFIABLE,best-effort,3,0,3,1,local-b|local-c,2,1,1
v4conf-091,12,2000091,role_0=local-c;role_1=local-a;role_2=local-b,NORMAL,1,1,1,local-a|local-b|local-c,3,SLO_ESTIMATE_UNSATISFIABLE,best-effort,3,0,3,1,local-b|local-c,2,1,1
v4conf-091,13,2000091,role_0=local-c;role_1=local-a;role_2=local-b,NORMAL,1,1,1,local-a|local-b|local-c,3,SLO_ESTIMATE_UNSATISFIABLE,best-effort,3,0,3,1,local-b|local-c,2,1,1
v4conf-091,14,2000091,role_0=local-c;role_1=local-a;role_2=local-b,NORMAL,1,1,1,local-a|local-b|local-c,3,SLO_ESTIMATE_UNSATISFIABLE,best-effort,3,0,3,1,local-b|local-c,2,1,1
v4conf-091,15,2000091,role_0=local-c;role_1=local-a;role_2=local-b,NORMAL,1,1,1,local-a|local-b|local-c,3,SLO_ESTIMATE_UNSATISFIABLE,best-effort,3,3,6,1,local-b|local-c,2,1,1
v4conf-091,16,2000091,role_0=local-c;role_1=local-a;role_2=local-b,NORMAL,1,1,1,local-a|local-b|local-c,3,SLO_ESTIMATE_UNSATISFIABLE,best-effort,3,0,3,1,local-b|local-c,2,1,1
v4conf-091,17,2000091,role_0=local-c;role_1=local-a;role_2=local-b,NORMAL,1,1,1,local-a|local-b|local-c,3,SLO_ESTIMATE_UNSATISFIABLE,best-effort,3,0,3,1,local-b|local-c,2,1,1
v4conf-091,18,2000091,role_0=local-c;role_1=local-a;role_2=local-b,NORMAL,1,1,1,local-a|local-b,2,SLO_ESTIMATE_UNSATISFIABLE,best-effort,2,0,2,1,local-b|local-c,2,1,1
v4conf-091,19,2000091,role_0=local-c;role_1=local-a;role_2=local-b,SINGLE_PROVIDER_UNSTABLE,1,1,1,local-a,1,SLO_ESTIMATE_UNSATISFIABLE,best-effort,1,0,1,1,local-b|local-c,2,1,1
v4conf-091,20,2000091,role_0=local-c;role_1=local-a;role_2=local-b,SINGLE_PROVIDER_UNSTABLE,1,1,1,local-a,1,SLO_ESTIMATE_UNSATISFIABLE,best-effort,1,0,1,1,local-b|local-c,2,1,1
v4conf-091,21,2000091,role_0=local-c;role_1=local-a;role_2=local-b,SINGLE_PROVIDER_UNSTABLE,1,1,1,local-a,1,SELECTED,,1,0,1,1,local-b|local-c,2,1,1
v4conf-092,0,2000092,role_0=local-b;role_1=local-a;role_2=local-c,PAIR_CORRELATED_DEGRADATION,0,1,1,local-a|local-b|local-c,3,WARMUP,warmup,0,3,3,1,local-b|local-c,2,1,1
v4conf-092,1,2000092,role_0=local-b;role_1=local-a;role_2=local-c,PAIR_CORRELATED_DEGRADATION,0,0,1,local-a|local-b|local-c,3,WARMUP,warmup,0,3,3,1,local-b|local-c,2,1,1
v4conf-092,2,2000092,role_0=local-b;role_1=local-a;role_2=local-c,PAIR_CORRELATED_DEGRADATION,1,0,1,local-a|local-b|local-c,3,WARMUP,warmup,0,3,3,1,local-b|local-c,2,1,1
v4conf-092,3,2000092,role_0=local-b;role_1=local-a;role_2=local-c,PAIR_CORRELATED_DEGRADATION,0,0,1,local-c,1,SLO_ESTIMATE_UNSATISFIABLE,best-effort,1,0,1,1,local-b|local-c,2,1,1
v4conf-092,4,2000092,role_0=local-b;role_1=local-a;role_2=local-c,PAIR_CORRELATED_DEGRADATION,0,0,1,local-c,1,SLO_ESTIMATE_UNSATISFIABLE,best-effort,1,0,1,1,local-b|local-c,2,1,1
v4conf-092,5,2000092,role_0=local-b;role_1=local-a;role_2=local-c,PAIR_CORRELATED_DEGRADATION,0,0,1,local-c,1,SELECTED,,1,0,1,1,local-b|local-c,2,1,1
v4conf-092,6,2000092,role_0=local-b;role_1=local-a;role_2=local-c,PAIR_CORRELATED_DEGRADATION,0,0,1,local-c,1,SELECTED,,1,0,1,1,local-b|local-c,2,1,1
v4conf-092,7,2000092,role_0=local-b;role_1=local-a;role_2=local-c,PAIR_CORRELATED_DEGRADATION,0,0,1,local-c,1,SELECTED,,1,3,4,1,local-b|local-c,2,1,1
v4conf-092,8,2000092,role_0=local-b;role_1=local-a;role_2=local-c,PAIR_CORRELATED_DEGRADATION,0,0,1,local-c,1,SELECTED,,1,0,1,1,local-b|local-c,2,1,1
v4conf-092,9,2000092,role_0=local-b;role_1=local-a;role_2=local-c,PAIR_CORRELATED_DEGRADATION,0,0,1,local-c,1,SELECTED,,1,0,1,1,local-b|local-c,2,1,1
v4conf-092,10,2000092,role_0=local-b;role_1=local-a;role_2=local-c,PAIR_CORRELATED_DEGRADATION,0,0,1,local-c,1,SELECTED,,1,0,1,1,local-b|local-c,2,1,1
v4conf-092,11,2000092,role_0=local-b;role_1=local-a;role_2=local-c,PAIR_CORRELATED_DEGRADATION,0,0,1,local-c,1,SELECTED,,1,0,1,1,local-b|local-c,2,1,1
v4conf-092,12,2000092,role_0=local-b;role_1=local-a;role_2=local-c,PAIR_CORRELATED_DEGRADATION,0,0,1,local-c,1,SELECTED,,1,0,1,1,local-b|local-c,2,1,1
v4conf-092,13,2000092,role_0=local-b;role_1=local-a;role_2=local-c,PAIR_CORRELATED_DEGRADATION,0,0,1,local-c,1,SELECTED,,1,0,1,1,local-b|local-c,2,1,1
v4conf-092,14,2000092,role_0=local-b;role_1=local-a;role_2=local-c,PAIR_CORRELATED_DEGRADATION,0,0,1,local-c,1,SELECTED,,1,0,1,1,local-b|local-c,2,1,1
v4conf-092,15,2000092,role_0=local-b;role_1=local-a;role_2=local-c,PAIR_CORRELATED_DEGRADATION,0,0,1,local-c,1,SELECTED,,1,3,4,1,local-b|local-c,2,1,1
v4conf-092,16,2000092,role_0=local-b;role_1=local-a;role_2=local-c,PAIR_CORRELATED_DEGRADATION,0,0,1,local-c,1,SELECTED,,1,0,1,1,local-b|local-c,2,1,1
v4conf-092,17,2000092,role_0=local-b;role_1=local-a;role_2=local-c,PAIR_CORRELATED_DEGRADATION,0,1,1,local-c,1,SELECTED,,1,0,1,1,local-b|local-c,2,1,1
v4conf-092,18,2000092,role_0=local-b;role_1=local-a;role_2=local-c,PAIR_CORRELATED_DEGRADATION,0,0,1,local-c,1,SELECTED,,1,0,1,1,local-b|local-c,2,1,1
v4conf-092,19,2000092,role_0=local-b;role_1=local-a;role_2=local-c,SINGLE_PROVIDER_INVALID_RISK,1,0,1,local-c,1,SELECTED,,1,0,1,1,local-b|local-c,2,1,1
v4conf-092,20,2000092,role_0=local-b;role_1=local-a;role_2=local-c,SINGLE_PROVIDER_INVALID_RISK,1,0,1,local-c,1,SELECTED,,1,0,1,1,local-b|local-c,2,1,1
v4conf-092,21,2000092,role_0=local-b;role_1=local-a;role_2=local-c,SINGLE_PROVIDER_INVALID_RISK,1,0,1,local-c,1,SELECTED,,1,0,1,1,local-b|local-c,2,1,1
v4conf-093,0,2000093,role_0=local-c;role_1=local-b;role_2=local-a,PAIR_CORRELATED_DEGRADATION,1,0,0,local-a|local-b|local-c,3,WARMUP,warmup,0,3,3,1,local-b|local-c,2,0,1
v4conf-093,1,2000093,role_0=local-c;role_1=local-b;role_2=local-a,PAIR_CORRELATED_DEGRADATION,1,0,0,local-a|local-b|local-c,3,WARMUP,warmup,0,3,3,1,local-b|local-c,2,0,1
v4conf-093,2,2000093,role_0=local-c;role_1=local-b;role_2=local-a,PAIR_CORRELATED_DEGRADATION,1,0,0,local-a|local-b|local-c,3,WARMUP,warmup,0,3,3,1,local-b|local-c,2,0,1
v4conf-093,3,2000093,role_0=local-c;role_1=local-b;role_2=local-a,PAIR_CORRELATED_DEGRADATION,1,0,1,local-a,1,SLO_ESTIMATE_UNSATISFIABLE,best-effort,1,0,1,1,local-b|local-c,2,1,1
v4conf-093,4,2000093,role_0=local-c;role_1=local-b;role_2=local-a,PAIR_CORRELATED_DEGRADATION,1,0,0,local-a,1,SLO_ESTIMATE_UNSATISFIABLE,best-effort,1,0,1,1,local-b|local-c,2,0,1
v4conf-093,5,2000093,role_0=local-c;role_1=local-b;role_2=local-a,PAIR_CORRELATED_DEGRADATION,1,0,1,local-a,1,SELECTED,,1,0,1,1,local-b|local-c,2,1,1
v4conf-093,6,2000093,role_0=local-c;role_1=local-b;role_2=local-a,PAIR_CORRELATED_DEGRADATION,1,0,0,local-a,1,SELECTED,,1,0,1,1,local-b|local-c,2,0,1
v4conf-093,7,2000093,role_0=local-c;role_1=local-b;role_2=local-a,SINGLE_PROVIDER_CONGESTED,1,1,0,local-a,1,SELECTED,,1,3,4,1,local-b|local-c,2,1,1
v4conf-093,8,2000093,role_0=local-c;role_1=local-b;role_2=local-a,SINGLE_PROVIDER_CONGESTED,1,1,0,local-a,1,SELECTED,,1,0,1,1,local-b|local-c,2,1,1
v4conf-093,9,2000093,role_0=local-c;role_1=local-b;role_2=local-a,SINGLE_PROVIDER_CONGESTED,1,1,0,local-a,1,SELECTED,,1,0,1,1,local-b|local-c,2,1,1
v4conf-093,10,2000093,role_0=local-c;role_1=local-b;role_2=local-a,SINGLE_PROVIDER_CONGESTED,1,1,0,local-a,1,SELECTED,,1,0,1,1,local-b|local-c,2,1,1
v4conf-093,11,2000093,role_0=local-c;role_1=local-b;role_2=local-a,SINGLE_PROVIDER_CONGESTED,1,1,0,local-a,1,SELECTED,,1,0,1,1,local-b|local-c,2,1,1
v4conf-093,12,2000093,role_0=local-c;role_1=local-b;role_2=local-a,SINGLE_PROVIDER_INVALID_RISK,1,1,1,local-a,1,SELECTED,,1,0,1,1,local-b|local-c,2,1,1
v4conf-093,13,2000093,role_0=local-c;role_1=local-b;role_2=local-a,SINGLE_PROVIDER_INVALID_RISK,1,1,0,local-a,1,SELECTED,,1,0,1,1,local-b|local-c,2,1,1
v4conf-093,14,2000093,role_0=local-c;role_1=local-b;role_2=local-a,SINGLE_PROVIDER_INVALID_RISK,1,1,1,local-a,1,SELECTED,,1,0,1,1,local-b|local-c,2,1,1
v4conf-093,15,2000093,role_0=local-c;role_1=local-b;role_2=local-a,SINGLE_PROVIDER_INVALID_RISK,1,1,0,local-a,1,SELECTED,,1,3,4,1,local-b|local-c,2,1,1
v4conf-093,16,2000093,role_0=local-c;role_1=local-b;role_2=local-a,SINGLE_PROVIDER_INVALID_RISK,1,1,1,local-a,1,SELECTED,,1,0,1,1,local-b|local-c,2,1,1
v4conf-093,17,2000093,role_0=local-c;role_1=local-b;role_2=local-a,SINGLE_PROVIDER_INVALID_RISK,1,1,0,local-a,1,SELECTED,,1,0,1,1,local-b|local-c,2,1,1
v4conf-093,18,2000093,role_0=local-c;role_1=local-b;role_2=local-a,SINGLE_PROVIDER_INVALID_RISK,1,1,0,local-a,1,SELECTED,,1,0,1,1,local-b|local-c,2,1,1
v4conf-093,19,2000093,role_0=local-c;role_1=local-b;role_2=local-a,SINGLE_PROVIDER_INVALID_RISK,1,1,1,local-a,1,SELECTED,,1,0,1,1,local-b|local-c,2,1,1
v4conf-093,20,2000093,role_0=local-c;role_1=local-b;role_2=local-a,SINGLE_PROVIDER_INVALID_RISK,1,1,0,local-a,1,SELECTED,,1,0,1,1,local-b|local-c,2,1,1
v4conf-093,21,2000093,role_0=local-c;role_1=local-b;role_2=local-a,PAIR_CORRELATED_DEGRADATION,1,0,0,local-a,1,SELECTED,,1,0,1,1,local-b|local-c,2,0,1
v4conf-094,0,2000094,role_0=local-a;role_1=local-c;role_2=local-b,SINGLE_PROVIDER_INVALID_RISK,1,1,1,local-a|local-b|local-c,3,WARMUP,warmup,0,3,3,1,local-b|local-c,2,1,1
v4conf-094,1,2000094,role_0=local-a;role_1=local-c;role_2=local-b,SINGLE_PROVIDER_INVALID_RISK,0,1,1,local-a|local-b|local-c,3,WARMUP,warmup,0,3,3,1,local-b|local-c,2,1,1
v4conf-094,2,2000094,role_0=local-a;role_1=local-c;role_2=local-b,SINGLE_PROVIDER_INVALID_RISK,1,1,1,local-a|local-b|local-c,3,WARMUP,warmup,0,3,3,1,local-b|local-c,2,1,1
v4conf-094,3,2000094,role_0=local-a;role_1=local-c;role_2=local-b,SINGLE_PROVIDER_INVALID_RISK,1,1,1,local-b,1,SLO_ESTIMATE_UNSATISFIABLE,best-effort,1,0,1,1,local-b|local-c,2,1,1
v4conf-094,4,2000094,role_0=local-a;role_1=local-c;role_2=local-b,SINGLE_PROVIDER_INVALID_RISK,1,1,1,local-b,1,SLO_ESTIMATE_UNSATISFIABLE,best-effort,1,0,1,1,local-b|local-c,2,1,1
v4conf-094,5,2000094,role_0=local-a;role_1=local-c;role_2=local-b,SINGLE_PROVIDER_UNSTABLE,1,1,1,local-b,1,SELECTED,,1,0,1,1,local-b|local-c,2,1,1
v4conf-094,6,2000094,role_0=local-a;role_1=local-c;role_2=local-b,SINGLE_PROVIDER_UNSTABLE,0,1,1,local-b,1,SELECTED,,1,0,1,1,local-b|local-c,2,1,1
v4conf-094,7,2000094,role_0=local-a;role_1=local-c;role_2=local-b,SINGLE_PROVIDER_UNSTABLE,1,1,1,local-b,1,SELECTED,,1,3,4,1,local-b|local-c,2,1,1
v4conf-094,8,2000094,role_0=local-a;role_1=local-c;role_2=local-b,SINGLE_PROVIDER_UNSTABLE,0,1,1,local-b,1,SELECTED,,1,0,1,1,local-b|local-c,2,1,1
v4conf-094,9,2000094,role_0=local-a;role_1=local-c;role_2=local-b,SINGLE_PROVIDER_UNSTABLE,0,1,1,local-b,1,SELECTED,,1,0,1,1,local-b|local-c,2,1,1
v4conf-094,10,2000094,role_0=local-a;role_1=local-c;role_2=local-b,SINGLE_PROVIDER_UNSTABLE,0,1,1,local-b,1,SELECTED,,1,0,1,1,local-b|local-c,2,1,1
v4conf-094,11,2000094,role_0=local-a;role_1=local-c;role_2=local-b,SINGLE_PROVIDER_UNSTABLE,1,1,1,local-b,1,SELECTED,,1,0,1,1,local-b|local-c,2,1,1
v4conf-094,12,2000094,role_0=local-a;role_1=local-c;role_2=local-b,SINGLE_PROVIDER_UNSTABLE,0,1,1,local-b,1,SELECTED,,1,0,1,1,local-b|local-c,2,1,1
v4conf-094,13,2000094,role_0=local-a;role_1=local-c;role_2=local-b,PAIR_CORRELATED_DEGRADATION,0,1,0,local-b,1,SELECTED,,1,0,1,1,local-b|local-c,2,1,1
v4conf-094,14,2000094,role_0=local-a;role_1=local-c;role_2=local-b,PAIR_CORRELATED_DEGRADATION,0,1,0,local-b,1,SELECTED,,1,0,1,1,local-b|local-c,2,1,1
v4conf-094,15,2000094,role_0=local-a;role_1=local-c;role_2=local-b,PAIR_CORRELATED_DEGRADATION,0,1,0,local-b,1,SELECTED,,1,3,4,1,local-b|local-c,2,1,1
v4conf-094,16,2000094,role_0=local-a;role_1=local-c;role_2=local-b,PAIR_CORRELATED_DEGRADATION,0,1,0,local-b,1,SELECTED,,1,0,1,1,local-b|local-c,2,1,1
v4conf-094,17,2000094,role_0=local-a;role_1=local-c;role_2=local-b,SINGLE_PROVIDER_INVALID_RISK,0,1,1,local-b,1,SELECTED,,1,0,1,1,local-b|local-c,2,1,1
v4conf-094,18,2000094,role_0=local-a;role_1=local-c;role_2=local-b,SINGLE_PROVIDER_INVALID_RISK,0,1,1,local-b,1,SELECTED,,1,0,1,1,local-b|local-c,2,1,1
v4conf-094,19,2000094,role_0=local-a;role_1=local-c;role_2=local-b,SINGLE_PROVIDER_INVALID_RISK,0,1,1,local-b,1,SELECTED,,1,0,1,1,local-b|local-c,2,1,1
v4conf-094,20,2000094,role_0=local-a;role_1=local-c;role_2=local-b,SINGLE_PROVIDER_INVALID_RISK,1,1,1,local-b,1,SELECTED,,1,0,1,1,local-b|local-c,2,1,1
v4conf-094,21,2000094,role_0=local-a;role_1=local-c;role_2=local-b,SINGLE_PROVIDER_INVALID_RISK,0,1,1,local-b,1,SELECTED,,1,0,1,1,local-b|local-c,2,1,1
v4conf-095,0,2000095,role_0=local-b;role_1=local-a;role_2=local-c,PAIR_CORRELATED_DEGRADATION,0,0,1,local-a|local-b|local-c,3,WARMUP,warmup,0,3,3,1,local-b|local-c,2,1,1
v4conf-095,1,2000095,role_0=local-b;role_1=local-a;role_2=local-c,PAIR_CORRELATED_DEGRADATION,0,0,1,local-a|local-b|local-c,3,WARMUP,warmup,0,3,3,1,local-b|local-c,2,1,1
v4conf-095,2,2000095,role_0=local-b;role_1=local-a;role_2=local-c,PAIR_CORRELATED_DEGRADATION,0,0,1,local-a|local-b|local-c,3,WARMUP,warmup,0,3,3,1,local-b|local-c,2,1,1
v4conf-095,3,2000095,role_0=local-b;role_1=local-a;role_2=local-c,PAIR_CORRELATED_DEGRADATION,0,0,1,local-c,1,SLO_ESTIMATE_UNSATISFIABLE,best-effort,1,0,1,1,local-b|local-c,2,1,1
v4conf-095,4,2000095,role_0=local-b;role_1=local-a;role_2=local-c,PAIR_CORRELATED_DEGRADATION,0,1,1,local-c,1,SLO_ESTIMATE_UNSATISFIABLE,best-effort,1,0,1,1,local-b|local-c,2,1,1
v4conf-095,5,2000095,role_0=local-b;role_1=local-a;role_2=local-c,PAIR_CORRELATED_DEGRADATION,0,1,1,local-c,1,SELECTED,,1,0,1,1,local-b|local-c,2,1,1
v4conf-095,6,2000095,role_0=local-b;role_1=local-a;role_2=local-c,SINGLE_PROVIDER_CONGESTED,1,0,1,local-c,1,SELECTED,,1,0,1,1,local-b|local-c,2,1,1
v4conf-095,7,2000095,role_0=local-b;role_1=local-a;role_2=local-c,SINGLE_PROVIDER_CONGESTED,1,0,1,local-c,1,SELECTED,,1,3,4,1,local-b|local-c,2,1,1
v4conf-095,8,2000095,role_0=local-b;role_1=local-a;role_2=local-c,SINGLE_PROVIDER_CONGESTED,1,0,1,local-c,1,SELECTED,,1,0,1,1,local-b|local-c,2,1,1
v4conf-095,9,2000095,role_0=local-b;role_1=local-a;role_2=local-c,SINGLE_PROVIDER_CONGESTED,1,0,1,local-c,1,SELECTED,,1,0,1,1,local-b|local-c,2,1,1
v4conf-095,10,2000095,role_0=local-b;role_1=local-a;role_2=local-c,NORMAL,1,1,1,local-c,1,SELECTED,,1,0,1,1,local-b|local-c,2,1,1
v4conf-095,11,2000095,role_0=local-b;role_1=local-a;role_2=local-c,NORMAL,1,1,1,local-c,1,SELECTED,,1,0,1,1,local-b|local-c,2,1,1
v4conf-095,12,2000095,role_0=local-b;role_1=local-a;role_2=local-c,NORMAL,1,1,1,local-c,1,SELECTED,,1,0,1,1,local-b|local-c,2,1,1
v4conf-095,13,2000095,role_0=local-b;role_1=local-a;role_2=local-c,NORMAL,1,1,1,local-c,1,SELECTED,,1,0,1,1,local-b|local-c,2,1,1
v4conf-095,14,2000095,role_0=local-b;role_1=local-a;role_2=local-c,NORMAL,1,1,1,local-c,1,SELECTED,,1,0,1,1,local-b|local-c,2,1,1
v4conf-095,15,2000095,role_0=local-b;role_1=local-a;role_2=local-c,NORMAL,1,1,1,local-c,1,SELECTED,,1,3,4,1,local-b|local-c,2,1,1
v4conf-095,16,2000095,role_0=local-b;role_1=local-a;role_2=local-c,NORMAL,1,1,1,local-c,1,SELECTED,,1,0,1,1,local-b|local-c,2,1,1
v4conf-095,17,2000095,role_0=local-b;role_1=local-a;role_2=local-c,PAIR_CORRELATED_DEGRADATION,0,0,1,local-c,1,SELECTED,,1,0,1,1,local-b|local-c,2,1,1
v4conf-095,18,2000095,role_0=local-b;role_1=local-a;role_2=local-c,PAIR_CORRELATED_DEGRADATION,1,0,1,local-c,1,SELECTED,,1,0,1,1,local-b|local-c,2,1,1
v4conf-095,19,2000095,role_0=local-b;role_1=local-a;role_2=local-c,PAIR_CORRELATED_DEGRADATION,0,0,1,local-c,1,SELECTED,,1,0,1,1,local-b|local-c,2,1,1
v4conf-095,20,2000095,role_0=local-b;role_1=local-a;role_2=local-c,PAIR_CORRELATED_DEGRADATION,0,0,1,local-c,1,SELECTED,,1,0,1,1,local-b|local-c,2,1,1
v4conf-095,21,2000095,role_0=local-b;role_1=local-a;role_2=local-c,SINGLE_PROVIDER_INVALID_RISK,1,0,1,local-c,1,SELECTED,,1,0,1,1,local-b|local-c,2,1,1
v4conf-096,0,2000096,role_0=local-b;role_1=local-a;role_2=local-c,SINGLE_PROVIDER_CONGESTED,1,0,1,local-a|local-b|local-c,3,WARMUP,warmup,0,3,3,1,local-b|local-c,2,1,1
v4conf-096,1,2000096,role_0=local-b;role_1=local-a;role_2=local-c,SINGLE_PROVIDER_CONGESTED,1,0,1,local-a|local-b|local-c,3,WARMUP,warmup,0,3,3,1,local-b|local-c,2,1,1
v4conf-096,2,2000096,role_0=local-b;role_1=local-a;role_2=local-c,SINGLE_PROVIDER_CONGESTED,1,0,1,local-a|local-b|local-c,3,WARMUP,warmup,0,3,3,1,local-b|local-c,2,1,1
v4conf-096,3,2000096,role_0=local-b;role_1=local-a;role_2=local-c,SINGLE_PROVIDER_CONGESTED,1,0,1,local-a,1,SLO_ESTIMATE_UNSATISFIABLE,best-effort,1,0,1,1,local-b|local-c,2,1,1
v4conf-096,4,2000096,role_0=local-b;role_1=local-a;role_2=local-c,SINGLE_PROVIDER_CONGESTED,1,0,1,local-a,1,SLO_ESTIMATE_UNSATISFIABLE,best-effort,1,0,1,1,local-b|local-c,2,1,1
v4conf-096,5,2000096,role_0=local-b;role_1=local-a;role_2=local-c,SINGLE_PROVIDER_CONGESTED,1,0,1,local-a,1,SELECTED,,1,0,1,1,local-b|local-c,2,1,1
v4conf-096,6,2000096,role_0=local-b;role_1=local-a;role_2=local-c,SHARED_DEGRADATION,0,0,0,local-a,1,SELECTED,,1,0,1,0,local-b|local-c,2,0,0
v4conf-096,7,2000096,role_0=local-b;role_1=local-a;role_2=local-c,SHARED_DEGRADATION,0,0,1,local-a|local-b,2,SELECTED,,2,3,5,0,local-b|local-c,2,1,1
v4conf-096,8,2000096,role_0=local-b;role_1=local-a;role_2=local-c,SHARED_DEGRADATION,0,0,0,local-a|local-c,2,SELECTED,,2,0,2,0,local-b|local-c,2,0,0
v4conf-096,9,2000096,role_0=local-b;role_1=local-a;role_2=local-c,SHARED_DEGRADATION,0,0,0,local-a|local-b|local-c,3,SELECTED,,3,0,3,0,local-b|local-c,2,0,0
v4conf-096,10,2000096,role_0=local-b;role_1=local-a;role_2=local-c,SHARED_DEGRADATION,0,0,1,local-a|local-b|local-c,3,SLO_ESTIMATE_UNSATISFIABLE,best-effort,3,0,3,1,local-b|local-c,2,1,1
v4conf-096,11,2000096,role_0=local-b;role_1=local-a;role_2=local-c,NORMAL,1,1,1,local-a|local-b|local-c,3,SLO_ESTIMATE_UNSATISFIABLE,best-effort,3,0,3,1,local-b|local-c,2,1,1
v4conf-096,12,2000096,role_0=local-b;role_1=local-a;role_2=local-c,NORMAL,1,1,1,local-a|local-b|local-c,3,SLO_ESTIMATE_UNSATISFIABLE,best-effort,3,0,3,1,local-b|local-c,2,1,1
v4conf-096,13,2000096,role_0=local-b;role_1=local-a;role_2=local-c,NORMAL,1,1,1,local-a|local-b|local-c,3,SLO_ESTIMATE_UNSATISFIABLE,best-effort,3,0,3,1,local-b|local-c,2,1,1
v4conf-096,14,2000096,role_0=local-b;role_1=local-a;role_2=local-c,NORMAL,1,1,1,local-a|local-b|local-c,3,SLO_ESTIMATE_UNSATISFIABLE,best-effort,3,0,3,1,local-b|local-c,2,1,1
v4conf-096,15,2000096,role_0=local-b;role_1=local-a;role_2=local-c,NORMAL,1,1,1,local-b|local-c,2,SLO_ESTIMATE_UNSATISFIABLE,best-effort,2,3,5,1,local-b|local-c,2,1,1
v4conf-096,16,2000096,role_0=local-b;role_1=local-a;role_2=local-c,NORMAL,1,1,1,local-b|local-c,2,SLO_ESTIMATE_UNSATISFIABLE,best-effort,2,0,2,1,local-b|local-c,2,1,1
v4conf-096,17,2000096,role_0=local-b;role_1=local-a;role_2=local-c,SHARED_DEGRADATION,0,0,0,local-b|local-c,2,SLO_ESTIMATE_UNSATISFIABLE,best-effort,2,0,2,0,local-b|local-c,2,0,0
v4conf-096,18,2000096,role_0=local-b;role_1=local-a;role_2=local-c,SHARED_DEGRADATION,0,0,0,local-a|local-b|local-c,3,SLO_ESTIMATE_UNSATISFIABLE,best-effort,3,0,3,0,local-b|local-c,2,0,0
v4conf-096,19,2000096,role_0=local-b;role_1=local-a;role_2=local-c,SHARED_DEGRADATION,0,0,0,local-a|local-b|local-c,3,SLO_ESTIMATE_UNSATISFIABLE,best-effort,3,0,3,0,local-b|local-c,2,0,0
v4conf-096,20,2000096,role_0=local-b;role_1=local-a;role_2=local-c,SHARED_DEGRADATION,0,0,0,local-c,1,SLO_ESTIMATE_UNSATISFIABLE,best-effort,1,0,1,0,local-b|local-c,2,0,0
v4conf-096,21,2000096,role_0=local-b;role_1=local-a;role_2=local-c,SHARED_DEGRADATION,0,0,0,local-a|local-c,2,SLO_ESTIMATE_UNSATISFIABLE,best-effort,2,0,2,0,local-b|local-c,2,0,0
v4conf-097,0,2000097,role_0=local-b;role_1=local-a;role_2=local-c,NORMAL,1,1,1,local-a|local-b|local-c,3,WARMUP,warmup,0,3,3,1,local-b|local-c,2,1,1
v4conf-097,1,2000097,role_0=local-b;role_1=local-a;role_2=local-c,NORMAL,1,1,1,local-a|local-b|local-c,3,WARMUP,warmup,0,3,3,1,local-b|local-c,2,1,1
v4conf-097,2,2000097,role_0=local-b;role_1=local-a;role_2=local-c,NORMAL,1,1,1,local-a|local-b|local-c,3,WARMUP,warmup,0,3,3,1,local-b|local-c,2,1,1
v4conf-097,3,2000097,role_0=local-b;role_1=local-a;role_2=local-c,NORMAL,1,1,1,local-a,1,SLO_ESTIMATE_UNSATISFIABLE,best-effort,1,0,1,1,local-b|local-c,2,1,1
v4conf-097,4,2000097,role_0=local-b;role_1=local-a;role_2=local-c,SINGLE_PROVIDER_UNSTABLE,1,1,1,local-a,1,SLO_ESTIMATE_UNSATISFIABLE,best-effort,1,0,1,1,local-b|local-c,2,1,1
v4conf-097,5,2000097,role_0=local-b;role_1=local-a;role_2=local-c,SINGLE_PROVIDER_UNSTABLE,1,0,1,local-a,1,SELECTED,,1,0,1,1,local-b|local-c,2,1,1
v4conf-097,6,2000097,role_0=local-b;role_1=local-a;role_2=local-c,SINGLE_PROVIDER_UNSTABLE,1,1,1,local-a,1,SELECTED,,1,0,1,1,local-b|local-c,2,1,1
v4conf-097,7,2000097,role_0=local-b;role_1=local-a;role_2=local-c,SINGLE_PROVIDER_UNSTABLE,1,1,1,local-a,1,SELECTED,,1,3,4,1,local-b|local-c,2,1,1
v4conf-097,8,2000097,role_0=local-b;role_1=local-a;role_2=local-c,SINGLE_PROVIDER_UNSTABLE,1,0,1,local-a,1,SELECTED,,1,0,1,1,local-b|local-c,2,1,1
v4conf-097,9,2000097,role_0=local-b;role_1=local-a;role_2=local-c,SINGLE_PROVIDER_UNSTABLE,1,1,1,local-a,1,SELECTED,,1,0,1,1,local-b|local-c,2,1,1
v4conf-097,10,2000097,role_0=local-b;role_1=local-a;role_2=local-c,SINGLE_PROVIDER_UNSTABLE,1,1,1,local-a,1,SELECTED,,1,0,1,1,local-b|local-c,2,1,1
v4conf-097,11,2000097,role_0=local-b;role_1=local-a;role_2=local-c,SINGLE_PROVIDER_CONGESTED,1,0,1,local-a,1,SELECTED,,1,0,1,1,local-b|local-c,2,1,1
v4conf-097,12,2000097,role_0=local-b;role_1=local-a;role_2=local-c,SINGLE_PROVIDER_CONGESTED,1,0,1,local-a,1,SELECTED,,1,0,1,1,local-b|local-c,2,1,1
v4conf-097,13,2000097,role_0=local-b;role_1=local-a;role_2=local-c,SINGLE_PROVIDER_CONGESTED,1,0,1,local-a,1,SELECTED,,1,0,1,1,local-b|local-c,2,1,1
v4conf-097,14,2000097,role_0=local-b;role_1=local-a;role_2=local-c,SINGLE_PROVIDER_CONGESTED,1,0,1,local-a,1,SELECTED,,1,0,1,1,local-b|local-c,2,1,1
v4conf-097,15,2000097,role_0=local-b;role_1=local-a;role_2=local-c,SINGLE_PROVIDER_CONGESTED,1,0,1,local-a,1,SELECTED,,1,3,4,1,local-b|local-c,2,1,1
v4conf-097,16,2000097,role_0=local-b;role_1=local-a;role_2=local-c,PAIR_CORRELATED_DEGRADATION,0,0,1,local-a,1,SELECTED,,1,0,1,0,local-b|local-c,2,1,1
v4conf-097,17,2000097,role_0=local-b;role_1=local-a;role_2=local-c,PAIR_CORRELATED_DEGRADATION,0,0,1,local-c,1,SELECTED,,1,0,1,1,local-b|local-c,2,1,1
v4conf-097,18,2000097,role_0=local-b;role_1=local-a;role_2=local-c,PAIR_CORRELATED_DEGRADATION,0,0,1,local-c,1,SELECTED,,1,0,1,1,local-b|local-c,2,1,1
v4conf-097,19,2000097,role_0=local-b;role_1=local-a;role_2=local-c,PAIR_CORRELATED_DEGRADATION,0,0,1,local-c,1,SELECTED,,1,0,1,1,local-b|local-c,2,1,1
v4conf-097,20,2000097,role_0=local-b;role_1=local-a;role_2=local-c,PAIR_CORRELATED_DEGRADATION,1,1,1,local-c,1,SELECTED,,1,0,1,1,local-b|local-c,2,1,1
v4conf-097,21,2000097,role_0=local-b;role_1=local-a;role_2=local-c,PAIR_CORRELATED_DEGRADATION,0,0,1,local-c,1,SELECTED,,1,0,1,1,local-b|local-c,2,1,1
v4conf-098,0,2000098,role_0=local-a;role_1=local-b;role_2=local-c,SHARED_DEGRADATION,1,0,0,local-a|local-b|local-c,3,WARMUP,warmup,0,3,3,1,local-b|local-c,2,0,1
v4conf-098,1,2000098,role_0=local-a;role_1=local-b;role_2=local-c,SHARED_DEGRADATION,0,1,0,local-a|local-b|local-c,3,WARMUP,warmup,0,3,3,1,local-b|local-c,2,1,1
v4conf-098,2,2000098,role_0=local-a;role_1=local-b;role_2=local-c,SHARED_DEGRADATION,0,0,0,local-a|local-b|local-c,3,WARMUP,warmup,0,3,3,0,local-b|local-c,2,0,0
v4conf-098,3,2000098,role_0=local-a;role_1=local-b;role_2=local-c,SHARED_DEGRADATION,0,0,0,local-a|local-b,2,SLO_ESTIMATE_UNSATISFIABLE,best-effort,2,0,2,0,local-b|local-c,2,0,0
v4conf-098,4,2000098,role_0=local-a;role_1=local-b;role_2=local-c,SHARED_DEGRADATION,1,0,0,local-a|local-b|local-c,3,SLO_ESTIMATE_UNSATISFIABLE,best-effort,3,0,3,1,local-b|local-c,2,0,1
v4conf-098,5,2000098,role_0=local-a;role_1=local-b;role_2=local-c,PAIR_CORRELATED_DEGRADATION,0,0,1,local-a|local-b|local-c,3,SLO_ESTIMATE_UNSATISFIABLE,best-effort,3,0,3,1,local-b|local-c,2,1,1
v4conf-098,6,2000098,role_0=local-a;role_1=local-b;role_2=local-c,PAIR_CORRELATED_DEGRADATION,0,0,1,local-a|local-b|local-c,3,SLO_ESTIMATE_UNSATISFIABLE,best-effort,3,0,3,1,local-b|local-c,2,1,1
v4conf-098,7,2000098,role_0=local-a;role_1=local-b;role_2=local-c,PAIR_CORRELATED_DEGRADATION,0,0,1,local-a|local-b|local-c,3,SLO_ESTIMATE_UNSATISFIABLE,best-effort,3,3,6,1,local-b|local-c,2,1,1
v4conf-098,8,2000098,role_0=local-a;role_1=local-b;role_2=local-c,PAIR_CORRELATED_DEGRADATION,0,0,1,local-a|local-b|local-c,3,SLO_ESTIMATE_UNSATISFIABLE,best-effort,3,0,3,1,local-b|local-c,2,1,1
v4conf-098,9,2000098,role_0=local-a;role_1=local-b;role_2=local-c,PAIR_CORRELATED_DEGRADATION,1,0,1,local-a|local-b|local-c,3,SLO_ESTIMATE_UNSATISFIABLE,best-effort,3,0,3,1,local-b|local-c,2,1,1
v4conf-098,10,2000098,role_0=local-a;role_1=local-b;role_2=local-c,PAIR_CORRELATED_DEGRADATION,0,0,1,local-a|local-b|local-c,3,SLO_ESTIMATE_UNSATISFIABLE,best-effort,3,0,3,1,local-b|local-c,2,1,1
v4conf-098,11,2000098,role_0=local-a;role_1=local-b;role_2=local-c,PAIR_CORRELATED_DEGRADATION,0,0,1,local-a|local-b|local-c,3,SLO_ESTIMATE_UNSATISFIABLE,best-effort,3,0,3,1,local-b|local-c,2,1,1
v4conf-098,12,2000098,role_0=local-a;role_1=local-b;role_2=local-c,PAIR_CORRELATED_DEGRADATION,0,1,1,local-a|local-b|local-c,3,SLO_ESTIMATE_UNSATISFIABLE,best-effort,3,0,3,1,local-b|local-c,2,1,1
v4conf-098,13,2000098,role_0=local-a;role_1=local-b;role_2=local-c,NORMAL,1,1,1,local-a|local-c,2,SLO_ESTIMATE_UNSATISFIABLE,best-effort,2,0,2,1,local-b|local-c,2,1,1
v4conf-098,14,2000098,role_0=local-a;role_1=local-b;role_2=local-c,NORMAL,1,1,1,local-a|local-c,2,SELECTED,,2,0,2,1,local-b|local-c,2,1,1
v4conf-098,15,2000098,role_0=local-a;role_1=local-b;role_2=local-c,NORMAL,1,1,1,local-c,1,SELECTED,,1,3,4,1,local-b|local-c,2,1,1
v4conf-098,16,2000098,role_0=local-a;role_1=local-b;role_2=local-c,NORMAL,1,1,1,local-c,1,SELECTED,,1,0,1,1,local-b|local-c,2,1,1
v4conf-098,17,2000098,role_0=local-a;role_1=local-b;role_2=local-c,NORMAL,1,1,1,local-c,1,SELECTED,,1,0,1,1,local-b|local-c,2,1,1
v4conf-098,18,2000098,role_0=local-a;role_1=local-b;role_2=local-c,PAIR_CORRELATED_DEGRADATION,0,0,1,local-c,1,SELECTED,,1,0,1,1,local-b|local-c,2,1,1
v4conf-098,19,2000098,role_0=local-a;role_1=local-b;role_2=local-c,PAIR_CORRELATED_DEGRADATION,1,0,1,local-c,1,SELECTED,,1,0,1,1,local-b|local-c,2,1,1
v4conf-098,20,2000098,role_0=local-a;role_1=local-b;role_2=local-c,PAIR_CORRELATED_DEGRADATION,1,0,1,local-c,1,SELECTED,,1,0,1,1,local-b|local-c,2,1,1
v4conf-098,21,2000098,role_0=local-a;role_1=local-b;role_2=local-c,PAIR_CORRELATED_DEGRADATION,0,0,1,local-c,1,SELECTED,,1,0,1,1,local-b|local-c,2,1,1
v4conf-099,0,2000099,role_0=local-c;role_1=local-a;role_2=local-b,SINGLE_PROVIDER_UNSTABLE,1,1,0,local-a|local-b|local-c,3,WARMUP,warmup,0,3,3,1,local-b|local-c,2,1,1
v4conf-099,1,2000099,role_0=local-c;role_1=local-a;role_2=local-b,SINGLE_PROVIDER_UNSTABLE,1,1,0,local-a|local-b|local-c,3,WARMUP,warmup,0,3,3,1,local-b|local-c,2,1,1
v4conf-099,2,2000099,role_0=local-c;role_1=local-a;role_2=local-b,SINGLE_PROVIDER_UNSTABLE,1,1,0,local-a|local-b|local-c,3,WARMUP,warmup,0,3,3,1,local-b|local-c,2,1,1
v4conf-099,3,2000099,role_0=local-c;role_1=local-a;role_2=local-b,SINGLE_PROVIDER_UNSTABLE,1,1,0,local-a,1,SLO_ESTIMATE_UNSATISFIABLE,best-effort,1,0,1,1,local-b|local-c,2,1,1
v4conf-099,4,2000099,role_0=local-c;role_1=local-a;role_2=local-b,SINGLE_PROVIDER_UNSTABLE,1,1,1,local-a,1,SLO_ESTIMATE_UNSATISFIABLE,best-effort,1,0,1,1,local-b|local-c,2,1,1
v4conf-099,5,2000099,role_0=local-c;role_1=local-a;role_2=local-b,SINGLE_PROVIDER_UNSTABLE,1,1,0,local-a,1,SELECTED,,1,0,1,1,local-b|local-c,2,1,1
v4conf-099,6,2000099,role_0=local-c;role_1=local-a;role_2=local-b,SINGLE_PROVIDER_UNSTABLE,1,1,1,local-a,1,SELECTED,,1,0,1,1,local-b|local-c,2,1,1
v4conf-099,7,2000099,role_0=local-c;role_1=local-a;role_2=local-b,NORMAL,1,1,1,local-a,1,SELECTED,,1,3,4,1,local-b|local-c,2,1,1
v4conf-099,8,2000099,role_0=local-c;role_1=local-a;role_2=local-b,NORMAL,1,1,1,local-a,1,SELECTED,,1,0,1,1,local-b|local-c,2,1,1
v4conf-099,9,2000099,role_0=local-c;role_1=local-a;role_2=local-b,NORMAL,1,1,1,local-a,1,SELECTED,,1,0,1,1,local-b|local-c,2,1,1
v4conf-099,10,2000099,role_0=local-c;role_1=local-a;role_2=local-b,NORMAL,1,1,1,local-a,1,SELECTED,,1,0,1,1,local-b|local-c,2,1,1
v4conf-099,11,2000099,role_0=local-c;role_1=local-a;role_2=local-b,NORMAL,1,1,1,local-a,1,SELECTED,,1,0,1,1,local-b|local-c,2,1,1
v4conf-099,12,2000099,role_0=local-c;role_1=local-a;role_2=local-b,NORMAL,1,1,1,local-a,1,SELECTED,,1,0,1,1,local-b|local-c,2,1,1
v4conf-099,13,2000099,role_0=local-c;role_1=local-a;role_2=local-b,SINGLE_PROVIDER_UNSTABLE,1,1,1,local-a,1,SELECTED,,1,0,1,1,local-b|local-c,2,1,1
v4conf-099,14,2000099,role_0=local-c;role_1=local-a;role_2=local-b,SINGLE_PROVIDER_UNSTABLE,1,1,1,local-a,1,SELECTED,,1,0,1,1,local-b|local-c,2,1,1
v4conf-099,15,2000099,role_0=local-c;role_1=local-a;role_2=local-b,SINGLE_PROVIDER_UNSTABLE,1,1,1,local-a,1,SELECTED,,1,3,4,1,local-b|local-c,2,1,1
v4conf-099,16,2000099,role_0=local-c;role_1=local-a;role_2=local-b,SINGLE_PROVIDER_UNSTABLE,1,1,0,local-a,1,SELECTED,,1,0,1,1,local-b|local-c,2,1,1
v4conf-099,17,2000099,role_0=local-c;role_1=local-a;role_2=local-b,SINGLE_PROVIDER_UNSTABLE,1,1,1,local-a,1,SELECTED,,1,0,1,1,local-b|local-c,2,1,1
v4conf-099,18,2000099,role_0=local-c;role_1=local-a;role_2=local-b,SINGLE_PROVIDER_UNSTABLE,1,1,0,local-a,1,SELECTED,,1,0,1,1,local-b|local-c,2,1,1
v4conf-099,19,2000099,role_0=local-c;role_1=local-a;role_2=local-b,SINGLE_PROVIDER_UNSTABLE,1,1,1,local-a,1,SELECTED,,1,0,1,1,local-b|local-c,2,1,1
v4conf-099,20,2000099,role_0=local-c;role_1=local-a;role_2=local-b,SINGLE_PROVIDER_INVALID_RISK,1,1,1,local-a,1,SELECTED,,1,0,1,1,local-b|local-c,2,1,1
v4conf-099,21,2000099,role_0=local-c;role_1=local-a;role_2=local-b,SINGLE_PROVIDER_INVALID_RISK,1,1,0,local-a,1,SELECTED,,1,0,1,1,local-b|local-c,2,1,1
v4conf-100,0,2000100,role_0=local-b;role_1=local-a;role_2=local-c,SINGLE_PROVIDER_INVALID_RISK,1,1,1,local-a|local-b|local-c,3,WARMUP,warmup,0,3,3,1,local-b|local-c,2,1,1
v4conf-100,1,2000100,role_0=local-b;role_1=local-a;role_2=local-c,SINGLE_PROVIDER_INVALID_RISK,1,0,1,local-a|local-b|local-c,3,WARMUP,warmup,0,3,3,1,local-b|local-c,2,1,1
v4conf-100,2,2000100,role_0=local-b;role_1=local-a;role_2=local-c,SINGLE_PROVIDER_INVALID_RISK,1,1,1,local-a|local-b|local-c,3,WARMUP,warmup,0,3,3,1,local-b|local-c,2,1,1
v4conf-100,3,2000100,role_0=local-b;role_1=local-a;role_2=local-c,SINGLE_PROVIDER_INVALID_RISK,1,0,1,local-a,1,SLO_ESTIMATE_UNSATISFIABLE,best-effort,1,0,1,1,local-b|local-c,2,1,1
v4conf-100,4,2000100,role_0=local-b;role_1=local-a;role_2=local-c,SINGLE_PROVIDER_INVALID_RISK,1,1,1,local-a,1,SLO_ESTIMATE_UNSATISFIABLE,best-effort,1,0,1,1,local-b|local-c,2,1,1
v4conf-100,5,2000100,role_0=local-b;role_1=local-a;role_2=local-c,SINGLE_PROVIDER_INVALID_RISK,1,1,1,local-a,1,SELECTED,,1,0,1,1,local-b|local-c,2,1,1
v4conf-100,6,2000100,role_0=local-b;role_1=local-a;role_2=local-c,SINGLE_PROVIDER_INVALID_RISK,1,0,1,local-a,1,SELECTED,,1,0,1,1,local-b|local-c,2,1,1
v4conf-100,7,2000100,role_0=local-b;role_1=local-a;role_2=local-c,SINGLE_PROVIDER_INVALID_RISK,1,0,1,local-a,1,SELECTED,,1,3,4,1,local-b|local-c,2,1,1
v4conf-100,8,2000100,role_0=local-b;role_1=local-a;role_2=local-c,SINGLE_PROVIDER_INVALID_RISK,1,0,1,local-a,1,SELECTED,,1,0,1,1,local-b|local-c,2,1,1
v4conf-100,9,2000100,role_0=local-b;role_1=local-a;role_2=local-c,SINGLE_PROVIDER_UNSTABLE,1,1,1,local-a,1,SELECTED,,1,0,1,1,local-b|local-c,2,1,1
v4conf-100,10,2000100,role_0=local-b;role_1=local-a;role_2=local-c,SINGLE_PROVIDER_UNSTABLE,1,1,1,local-a,1,SELECTED,,1,0,1,1,local-b|local-c,2,1,1
v4conf-100,11,2000100,role_0=local-b;role_1=local-a;role_2=local-c,SINGLE_PROVIDER_UNSTABLE,1,1,1,local-a,1,SELECTED,,1,0,1,1,local-b|local-c,2,1,1
v4conf-100,12,2000100,role_0=local-b;role_1=local-a;role_2=local-c,SINGLE_PROVIDER_UNSTABLE,1,1,1,local-a,1,SELECTED,,1,0,1,1,local-b|local-c,2,1,1
v4conf-100,13,2000100,role_0=local-b;role_1=local-a;role_2=local-c,SINGLE_PROVIDER_UNSTABLE,1,1,1,local-a,1,SELECTED,,1,0,1,1,local-b|local-c,2,1,1
v4conf-100,14,2000100,role_0=local-b;role_1=local-a;role_2=local-c,SINGLE_PROVIDER_UNSTABLE,1,1,1,local-a,1,SELECTED,,1,0,1,1,local-b|local-c,2,1,1
v4conf-100,15,2000100,role_0=local-b;role_1=local-a;role_2=local-c,SINGLE_PROVIDER_UNSTABLE,1,0,1,local-a,1,SELECTED,,1,3,4,1,local-b|local-c,2,1,1
v4conf-100,16,2000100,role_0=local-b;role_1=local-a;role_2=local-c,SINGLE_PROVIDER_UNSTABLE,1,0,1,local-a,1,SELECTED,,1,0,1,1,local-b|local-c,2,1,1
v4conf-100,17,2000100,role_0=local-b;role_1=local-a;role_2=local-c,SINGLE_PROVIDER_UNSTABLE,1,1,1,local-a,1,SELECTED,,1,0,1,1,local-b|local-c,2,1,1
v4conf-100,18,2000100,role_0=local-b;role_1=local-a;role_2=local-c,SINGLE_PROVIDER_INVALID_RISK,1,0,1,local-a,1,SELECTED,,1,0,1,1,local-b|local-c,2,1,1
v4conf-100,19,2000100,role_0=local-b;role_1=local-a;role_2=local-c,SINGLE_PROVIDER_INVALID_RISK,1,1,1,local-a,1,SELECTED,,1,0,1,1,local-b|local-c,2,1,1
v4conf-100,20,2000100,role_0=local-b;role_1=local-a;role_2=local-c,SINGLE_PROVIDER_INVALID_RISK,1,0,1,local-a,1,SELECTED,,1,0,1,1,local-b|local-c,2,1,1
v4conf-100,21,2000100,role_0=local-b;role_1=local-a;role_2=local-c,SINGLE_PROVIDER_INVALID_RISK,1,0,1,local-a,1,SELECTED,,1,0,1,1,local-b|local-c,2,1,1
v4conf-101,0,2000101,role_0=local-b;role_1=local-a;role_2=local-c,SINGLE_PROVIDER_UNSTABLE,1,0,1,local-a|local-b|local-c,3,WARMUP,warmup,0,3,3,1,local-b|local-c,2,1,1
v4conf-101,1,2000101,role_0=local-b;role_1=local-a;role_2=local-c,SINGLE_PROVIDER_UNSTABLE,1,0,1,local-a|local-b|local-c,3,WARMUP,warmup,0,3,3,1,local-b|local-c,2,1,1
v4conf-101,2,2000101,role_0=local-b;role_1=local-a;role_2=local-c,SINGLE_PROVIDER_UNSTABLE,1,0,1,local-a|local-b|local-c,3,WARMUP,warmup,0,3,3,1,local-b|local-c,2,1,1
v4conf-101,3,2000101,role_0=local-b;role_1=local-a;role_2=local-c,SINGLE_PROVIDER_UNSTABLE,1,1,1,local-a,1,SLO_ESTIMATE_UNSATISFIABLE,best-effort,1,0,1,1,local-b|local-c,2,1,1
v4conf-101,4,2000101,role_0=local-b;role_1=local-a;role_2=local-c,SINGLE_PROVIDER_UNSTABLE,1,1,1,local-a,1,SLO_ESTIMATE_UNSATISFIABLE,best-effort,1,0,1,1,local-b|local-c,2,1,1
v4conf-101,5,2000101,role_0=local-b;role_1=local-a;role_2=local-c,SINGLE_PROVIDER_UNSTABLE,1,1,1,local-a,1,SELECTED,,1,0,1,1,local-b|local-c,2,1,1
v4conf-101,6,2000101,role_0=local-b;role_1=local-a;role_2=local-c,SINGLE_PROVIDER_UNSTABLE,1,1,1,local-a,1,SELECTED,,1,0,1,1,local-b|local-c,2,1,1
v4conf-101,7,2000101,role_0=local-b;role_1=local-a;role_2=local-c,SINGLE_PROVIDER_CONGESTED,1,0,1,local-a,1,SELECTED,,1,3,4,1,local-b|local-c,2,1,1
v4conf-101,8,2000101,role_0=local-b;role_1=local-a;role_2=local-c,SINGLE_PROVIDER_CONGESTED,1,0,1,local-a,1,SELECTED,,1,0,1,1,local-b|local-c,2,1,1
v4conf-101,9,2000101,role_0=local-b;role_1=local-a;role_2=local-c,SINGLE_PROVIDER_CONGESTED,1,0,1,local-a,1,SELECTED,,1,0,1,1,local-b|local-c,2,1,1
v4conf-101,10,2000101,role_0=local-b;role_1=local-a;role_2=local-c,SINGLE_PROVIDER_CONGESTED,1,0,1,local-a,1,SELECTED,,1,0,1,1,local-b|local-c,2,1,1
v4conf-101,11,2000101,role_0=local-b;role_1=local-a;role_2=local-c,SINGLE_PROVIDER_CONGESTED,1,0,1,local-a,1,SELECTED,,1,0,1,1,local-b|local-c,2,1,1
v4conf-101,12,2000101,role_0=local-b;role_1=local-a;role_2=local-c,SINGLE_PROVIDER_CONGESTED,1,0,1,local-a,1,SELECTED,,1,0,1,1,local-b|local-c,2,1,1
v4conf-101,13,2000101,role_0=local-b;role_1=local-a;role_2=local-c,SINGLE_PROVIDER_CONGESTED,1,0,1,local-a,1,SELECTED,,1,0,1,1,local-b|local-c,2,1,1
v4conf-101,14,2000101,role_0=local-b;role_1=local-a;role_2=local-c,SINGLE_PROVIDER_CONGESTED,1,0,1,local-a,1,SELECTED,,1,0,1,1,local-b|local-c,2,1,1
v4conf-101,15,2000101,role_0=local-b;role_1=local-a;role_2=local-c,SINGLE_PROVIDER_CONGESTED,1,0,1,local-a,1,SELECTED,,1,3,4,1,local-b|local-c,2,1,1
v4conf-101,16,2000101,role_0=local-b;role_1=local-a;role_2=local-c,SINGLE_PROVIDER_CONGESTED,1,0,1,local-a,1,SELECTED,,1,0,1,1,local-b|local-c,2,1,1
v4conf-101,17,2000101,role_0=local-b;role_1=local-a;role_2=local-c,SINGLE_PROVIDER_CONGESTED,1,0,1,local-a,1,SELECTED,,1,0,1,1,local-b|local-c,2,1,1
v4conf-101,18,2000101,role_0=local-b;role_1=local-a;role_2=local-c,NORMAL,1,1,1,local-a,1,SELECTED,,1,0,1,1,local-b|local-c,2,1,1
v4conf-101,19,2000101,role_0=local-b;role_1=local-a;role_2=local-c,NORMAL,1,1,1,local-a,1,SELECTED,,1,0,1,1,local-b|local-c,2,1,1
v4conf-101,20,2000101,role_0=local-b;role_1=local-a;role_2=local-c,NORMAL,1,1,1,local-a,1,SELECTED,,1,0,1,1,local-b|local-c,2,1,1
v4conf-101,21,2000101,role_0=local-b;role_1=local-a;role_2=local-c,NORMAL,1,1,1,local-a,1,SELECTED,,1,0,1,1,local-b|local-c,2,1,1
v4conf-102,0,2000102,role_0=local-c;role_1=local-b;role_2=local-a,NORMAL,1,1,1,local-a|local-b|local-c,3,WARMUP,warmup,0,3,3,1,local-b|local-c,2,1,1
v4conf-102,1,2000102,role_0=local-c;role_1=local-b;role_2=local-a,NORMAL,1,1,1,local-a|local-b|local-c,3,WARMUP,warmup,0,3,3,1,local-b|local-c,2,1,1
v4conf-102,2,2000102,role_0=local-c;role_1=local-b;role_2=local-a,NORMAL,1,1,1,local-a|local-b|local-c,3,WARMUP,warmup,0,3,3,1,local-b|local-c,2,1,1
v4conf-102,3,2000102,role_0=local-c;role_1=local-b;role_2=local-a,NORMAL,1,1,1,local-a,1,SLO_ESTIMATE_UNSATISFIABLE,best-effort,1,0,1,1,local-b|local-c,2,1,1
v4conf-102,4,2000102,role_0=local-c;role_1=local-b;role_2=local-a,NORMAL,1,1,1,local-a,1,SLO_ESTIMATE_UNSATISFIABLE,best-effort,1,0,1,1,local-b|local-c,2,1,1
v4conf-102,5,2000102,role_0=local-c;role_1=local-b;role_2=local-a,PAIR_CORRELATED_DEGRADATION,1,0,1,local-a,1,SELECTED,,1,0,1,1,local-b|local-c,2,1,1
v4conf-102,6,2000102,role_0=local-c;role_1=local-b;role_2=local-a,PAIR_CORRELATED_DEGRADATION,1,0,0,local-a,1,SELECTED,,1,0,1,1,local-b|local-c,2,0,1
v4conf-102,7,2000102,role_0=local-c;role_1=local-b;role_2=local-a,PAIR_CORRELATED_DEGRADATION,1,0,0,local-a,1,SELECTED,,1,3,4,1,local-b|local-c,2,0,1
v4conf-102,8,2000102,role_0=local-c;role_1=local-b;role_2=local-a,PAIR_CORRELATED_DEGRADATION,1,0,1,local-a,1,SELECTED,,1,0,1,1,local-b|local-c,2,1,1
v4conf-102,9,2000102,role_0=local-c;role_1=local-b;role_2=local-a,NORMAL,1,1,1,local-a,1,SELECTED,,1,0,1,1,local-b|local-c,2,1,1
v4conf-102,10,2000102,role_0=local-c;role_1=local-b;role_2=local-a,NORMAL,1,1,1,local-a,1,SELECTED,,1,0,1,1,local-b|local-c,2,1,1
v4conf-102,11,2000102,role_0=local-c;role_1=local-b;role_2=local-a,NORMAL,1,1,1,local-a,1,SELECTED,,1,0,1,1,local-b|local-c,2,1,1
v4conf-102,12,2000102,role_0=local-c;role_1=local-b;role_2=local-a,NORMAL,1,1,1,local-a,1,SELECTED,,1,0,1,1,local-b|local-c,2,1,1
v4conf-102,13,2000102,role_0=local-c;role_1=local-b;role_2=local-a,NORMAL,1,1,1,local-a,1,SELECTED,,1,0,1,1,local-b|local-c,2,1,1
v4conf-102,14,2000102,role_0=local-c;role_1=local-b;role_2=local-a,SINGLE_PROVIDER_CONGESTED,1,1,0,local-a,1,SELECTED,,1,0,1,1,local-b|local-c,2,1,1
v4conf-102,15,2000102,role_0=local-c;role_1=local-b;role_2=local-a,SINGLE_PROVIDER_CONGESTED,1,1,0,local-a,1,SELECTED,,1,3,4,1,local-b|local-c,2,1,1
v4conf-102,16,2000102,role_0=local-c;role_1=local-b;role_2=local-a,SINGLE_PROVIDER_CONGESTED,1,1,0,local-a,1,SELECTED,,1,0,1,1,local-b|local-c,2,1,1
v4conf-102,17,2000102,role_0=local-c;role_1=local-b;role_2=local-a,SINGLE_PROVIDER_CONGESTED,1,1,0,local-a,1,SELECTED,,1,0,1,1,local-b|local-c,2,1,1
v4conf-102,18,2000102,role_0=local-c;role_1=local-b;role_2=local-a,SINGLE_PROVIDER_CONGESTED,1,1,0,local-a,1,SELECTED,,1,0,1,1,local-b|local-c,2,1,1
v4conf-102,19,2000102,role_0=local-c;role_1=local-b;role_2=local-a,SINGLE_PROVIDER_CONGESTED,1,1,0,local-a,1,SELECTED,,1,0,1,1,local-b|local-c,2,1,1
v4conf-102,20,2000102,role_0=local-c;role_1=local-b;role_2=local-a,SINGLE_PROVIDER_CONGESTED,1,1,0,local-a,1,SELECTED,,1,0,1,1,local-b|local-c,2,1,1
v4conf-102,21,2000102,role_0=local-c;role_1=local-b;role_2=local-a,SINGLE_PROVIDER_CONGESTED,1,1,0,local-a,1,SELECTED,,1,0,1,1,local-b|local-c,2,1,1
v4conf-103,0,2000103,role_0=local-b;role_1=local-c;role_2=local-a,SINGLE_PROVIDER_INVALID_RISK,1,0,1,local-a|local-b|local-c,3,WARMUP,warmup,0,3,3,1,local-b|local-c,2,1,1
v4conf-103,1,2000103,role_0=local-b;role_1=local-c;role_2=local-a,SINGLE_PROVIDER_INVALID_RISK,1,1,1,local-a|local-b|local-c,3,WARMUP,warmup,0,3,3,1,local-b|local-c,2,1,1
v4conf-103,2,2000103,role_0=local-b;role_1=local-c;role_2=local-a,SINGLE_PROVIDER_INVALID_RISK,1,0,1,local-a|local-b|local-c,3,WARMUP,warmup,0,3,3,1,local-b|local-c,2,1,1
v4conf-103,3,2000103,role_0=local-b;role_1=local-c;role_2=local-a,SINGLE_PROVIDER_INVALID_RISK,1,0,1,local-a,1,SLO_ESTIMATE_UNSATISFIABLE,best-effort,1,0,1,1,local-b|local-c,2,1,1
v4conf-103,4,2000103,role_0=local-b;role_1=local-c;role_2=local-a,SHARED_DEGRADATION,0,1,0,local-a,1,SLO_ESTIMATE_UNSATISFIABLE,best-effort,1,0,1,0,local-b|local-c,2,1,1
v4conf-103,5,2000103,role_0=local-b;role_1=local-c;role_2=local-a,SHARED_DEGRADATION,0,0,0,local-a|local-b,2,SLO_ESTIMATE_UNSATISFIABLE,best-effort,2,0,2,0,local-b|local-c,2,0,0
v4conf-103,6,2000103,role_0=local-b;role_1=local-c;role_2=local-a,SHARED_DEGRADATION,0,0,0,local-a|local-c,2,SLO_ESTIMATE_UNSATISFIABLE,best-effort,2,0,2,0,local-b|local-c,2,0,0
v4conf-103,7,2000103,role_0=local-b;role_1=local-c;role_2=local-a,SHARED_DEGRADATION,0,0,0,local-a|local-b|local-c,3,SLO_ESTIMATE_UNSATISFIABLE,best-effort,3,3,6,0,local-b|local-c,2,0,0
v4conf-103,8,2000103,role_0=local-b;role_1=local-c;role_2=local-a,SHARED_DEGRADATION,0,1,0,local-a|local-b|local-c,3,SLO_ESTIMATE_UNSATISFIABLE,best-effort,3,0,3,1,local-b|local-c,2,1,1
v4conf-103,9,2000103,role_0=local-b;role_1=local-c;role_2=local-a,SHARED_DEGRADATION,1,1,0,local-a|local-b|local-c,3,SLO_ESTIMATE_UNSATISFIABLE,best-effort,3,0,3,1,local-b|local-c,2,1,1
v4conf-103,10,2000103,role_0=local-b;role_1=local-c;role_2=local-a,SHARED_DEGRADATION,0,0,0,local-a|local-b|local-c,3,SLO_ESTIMATE_UNSATISFIABLE,best-effort,3,0,3,0,local-b|local-c,2,0,0
v4conf-103,11,2000103,role_0=local-b;role_1=local-c;role_2=local-a,SHARED_DEGRADATION,0,0,0,local-a|local-b|local-c,3,SLO_ESTIMATE_UNSATISFIABLE,best-effort,3,0,3,0,local-b|local-c,2,0,0
v4conf-103,12,2000103,role_0=local-b;role_1=local-c;role_2=local-a,SHARED_DEGRADATION,0,0,1,local-a|local-b|local-c,3,SLO_ESTIMATE_UNSATISFIABLE,best-effort,3,0,3,1,local-b|local-c,2,1,1
v4conf-103,13,2000103,role_0=local-b;role_1=local-c;role_2=local-a,SINGLE_PROVIDER_UNSTABLE,1,1,1,local-a|local-b|local-c,3,SLO_ESTIMATE_UNSATISFIABLE,best-effort,3,0,3,1,local-b|local-c,2,1,1
v4conf-103,14,2000103,role_0=local-b;role_1=local-c;role_2=local-a,SINGLE_PROVIDER_UNSTABLE,1,0,1,local-b|local-c,2,SLO_ESTIMATE_UNSATISFIABLE,best-effort,2,0,2,1,local-b|local-c,2,1,1
v4conf-103,15,2000103,role_0=local-b;role_1=local-c;role_2=local-a,SINGLE_PROVIDER_UNSTABLE,1,1,1,local-b|local-c,2,SLO_ESTIMATE_UNSATISFIABLE,best-effort,2,3,5,1,local-b|local-c,2,1,1
v4conf-103,16,2000103,role_0=local-b;role_1=local-c;role_2=local-a,SINGLE_PROVIDER_UNSTABLE,1,1,1,local-b|local-c,2,SLO_ESTIMATE_UNSATISFIABLE,best-effort,2,0,2,1,local-b|local-c,2,1,1
v4conf-103,17,2000103,role_0=local-b;role_1=local-c;role_2=local-a,SINGLE_PROVIDER_UNSTABLE,1,1,1,local-b|local-c,2,SLO_ESTIMATE_UNSATISFIABLE,best-effort,2,0,2,1,local-b|local-c,2,1,1
v4conf-103,18,2000103,role_0=local-b;role_1=local-c;role_2=local-a,PAIR_CORRELATED_DEGRADATION,1,0,0,local-b|local-c,2,SLO_ESTIMATE_UNSATISFIABLE,best-effort,2,0,2,0,local-b|local-c,2,0,1
v4conf-103,19,2000103,role_0=local-b;role_1=local-c;role_2=local-a,PAIR_CORRELATED_DEGRADATION,1,1,0,local-a|local-b|local-c,3,SLO_ESTIMATE_UNSATISFIABLE,best-effort,3,0,3,1,local-b|local-c,2,1,1
v4conf-103,20,2000103,role_0=local-b;role_1=local-c;role_2=local-a,PAIR_CORRELATED_DEGRADATION,1,1,0,local-a|local-c,2,SLO_ESTIMATE_UNSATISFIABLE,best-effort,2,0,2,1,local-b|local-c,2,1,1
v4conf-103,21,2000103,role_0=local-b;role_1=local-c;role_2=local-a,PAIR_CORRELATED_DEGRADATION,1,0,0,local-a|local-c,2,SLO_ESTIMATE_UNSATISFIABLE,best-effort,2,0,2,1,local-b|local-c,2,0,1
v4conf-104,0,2000104,role_0=local-b;role_1=local-c;role_2=local-a,SINGLE_PROVIDER_CONGESTED,1,0,1,local-a|local-b|local-c,3,WARMUP,warmup,0,3,3,1,local-b|local-c,2,1,1
v4conf-104,1,2000104,role_0=local-b;role_1=local-c;role_2=local-a,SINGLE_PROVIDER_CONGESTED,1,0,1,local-a|local-b|local-c,3,WARMUP,warmup,0,3,3,1,local-b|local-c,2,1,1
v4conf-104,2,2000104,role_0=local-b;role_1=local-c;role_2=local-a,SINGLE_PROVIDER_CONGESTED,1,0,1,local-a|local-b|local-c,3,WARMUP,warmup,0,3,3,1,local-b|local-c,2,1,1
v4conf-104,3,2000104,role_0=local-b;role_1=local-c;role_2=local-a,SINGLE_PROVIDER_CONGESTED,1,0,1,local-a,1,SLO_ESTIMATE_UNSATISFIABLE,best-effort,1,0,1,1,local-b|local-c,2,1,1
v4conf-104,4,2000104,role_0=local-b;role_1=local-c;role_2=local-a,SINGLE_PROVIDER_CONGESTED,1,0,1,local-a,1,SLO_ESTIMATE_UNSATISFIABLE,best-effort,1,0,1,1,local-b|local-c,2,1,1
v4conf-104,5,2000104,role_0=local-b;role_1=local-c;role_2=local-a,SINGLE_PROVIDER_CONGESTED,1,0,1,local-a,1,SELECTED,,1,0,1,1,local-b|local-c,2,1,1
v4conf-104,6,2000104,role_0=local-b;role_1=local-c;role_2=local-a,SINGLE_PROVIDER_CONGESTED,1,0,1,local-a,1,SELECTED,,1,0,1,1,local-b|local-c,2,1,1
v4conf-104,7,2000104,role_0=local-b;role_1=local-c;role_2=local-a,SINGLE_PROVIDER_CONGESTED,1,0,1,local-a,1,SELECTED,,1,3,4,1,local-b|local-c,2,1,1
v4conf-104,8,2000104,role_0=local-b;role_1=local-c;role_2=local-a,PAIR_CORRELATED_DEGRADATION,1,0,0,local-a,1,SELECTED,,1,0,1,1,local-b|local-c,2,0,1
v4conf-104,9,2000104,role_0=local-b;role_1=local-c;role_2=local-a,PAIR_CORRELATED_DEGRADATION,1,0,0,local-a,1,SELECTED,,1,0,1,1,local-b|local-c,2,0,1
v4conf-104,10,2000104,role_0=local-b;role_1=local-c;role_2=local-a,PAIR_CORRELATED_DEGRADATION,1,0,1,local-a,1,SELECTED,,1,0,1,1,local-b|local-c,2,1,1
v4conf-104,11,2000104,role_0=local-b;role_1=local-c;role_2=local-a,PAIR_CORRELATED_DEGRADATION,1,0,0,local-a,1,SELECTED,,1,0,1,1,local-b|local-c,2,0,1
v4conf-104,12,2000104,role_0=local-b;role_1=local-c;role_2=local-a,PAIR_CORRELATED_DEGRADATION,1,1,0,local-a,1,SELECTED,,1,0,1,1,local-b|local-c,2,1,1
v4conf-104,13,2000104,role_0=local-b;role_1=local-c;role_2=local-a,PAIR_CORRELATED_DEGRADATION,1,0,1,local-a,1,SELECTED,,1,0,1,1,local-b|local-c,2,1,1
v4conf-104,14,2000104,role_0=local-b;role_1=local-c;role_2=local-a,PAIR_CORRELATED_DEGRADATION,1,0,0,local-a,1,SELECTED,,1,0,1,1,local-b|local-c,2,0,1
v4conf-104,15,2000104,role_0=local-b;role_1=local-c;role_2=local-a,PAIR_CORRELATED_DEGRADATION,1,0,0,local-a,1,SELECTED,,1,3,4,1,local-b|local-c,2,0,1
v4conf-104,16,2000104,role_0=local-b;role_1=local-c;role_2=local-a,PAIR_CORRELATED_DEGRADATION,1,0,0,local-a,1,SELECTED,,1,0,1,1,local-b|local-c,2,0,1
v4conf-104,17,2000104,role_0=local-b;role_1=local-c;role_2=local-a,PAIR_CORRELATED_DEGRADATION,1,0,0,local-a,1,SELECTED,,1,0,1,1,local-b|local-c,2,0,1
v4conf-104,18,2000104,role_0=local-b;role_1=local-c;role_2=local-a,PAIR_CORRELATED_DEGRADATION,1,0,0,local-a,1,SELECTED,,1,0,1,1,local-b|local-c,2,0,1
v4conf-104,19,2000104,role_0=local-b;role_1=local-c;role_2=local-a,PAIR_CORRELATED_DEGRADATION,1,0,0,local-a,1,SELECTED,,1,0,1,1,local-b|local-c,2,0,1
v4conf-104,20,2000104,role_0=local-b;role_1=local-c;role_2=local-a,PAIR_CORRELATED_DEGRADATION,1,0,0,local-a,1,SELECTED,,1,0,1,1,local-b|local-c,2,0,1
v4conf-104,21,2000104,role_0=local-b;role_1=local-c;role_2=local-a,PAIR_CORRELATED_DEGRADATION,1,1,0,local-a,1,SELECTED,,1,0,1,1,local-b|local-c,2,1,1
v4conf-105,0,2000105,role_0=local-b;role_1=local-a;role_2=local-c,SINGLE_PROVIDER_UNSTABLE,1,0,1,local-a|local-b|local-c,3,WARMUP,warmup,0,3,3,1,local-b|local-c,2,1,1
v4conf-105,1,2000105,role_0=local-b;role_1=local-a;role_2=local-c,SINGLE_PROVIDER_UNSTABLE,1,0,1,local-a|local-b|local-c,3,WARMUP,warmup,0,3,3,1,local-b|local-c,2,1,1
v4conf-105,2,2000105,role_0=local-b;role_1=local-a;role_2=local-c,SINGLE_PROVIDER_UNSTABLE,1,0,1,local-a|local-b|local-c,3,WARMUP,warmup,0,3,3,1,local-b|local-c,2,1,1
v4conf-105,3,2000105,role_0=local-b;role_1=local-a;role_2=local-c,SINGLE_PROVIDER_UNSTABLE,1,0,1,local-a,1,SLO_ESTIMATE_UNSATISFIABLE,best-effort,1,0,1,1,local-b|local-c,2,1,1
v4conf-105,4,2000105,role_0=local-b;role_1=local-a;role_2=local-c,SINGLE_PROVIDER_UNSTABLE,1,0,1,local-a,1,SLO_ESTIMATE_UNSATISFIABLE,best-effort,1,0,1,1,local-b|local-c,2,1,1
v4conf-105,5,2000105,role_0=local-b;role_1=local-a;role_2=local-c,SINGLE_PROVIDER_UNSTABLE,1,0,1,local-a,1,SELECTED,,1,0,1,1,local-b|local-c,2,1,1
v4conf-105,6,2000105,role_0=local-b;role_1=local-a;role_2=local-c,SINGLE_PROVIDER_UNSTABLE,1,1,1,local-a,1,SELECTED,,1,0,1,1,local-b|local-c,2,1,1
v4conf-105,7,2000105,role_0=local-b;role_1=local-a;role_2=local-c,SINGLE_PROVIDER_UNSTABLE,1,1,1,local-a,1,SELECTED,,1,3,4,1,local-b|local-c,2,1,1
v4conf-105,8,2000105,role_0=local-b;role_1=local-a;role_2=local-c,NORMAL,1,1,1,local-a,1,SELECTED,,1,0,1,1,local-b|local-c,2,1,1
v4conf-105,9,2000105,role_0=local-b;role_1=local-a;role_2=local-c,NORMAL,1,1,1,local-a,1,SELECTED,,1,0,1,1,local-b|local-c,2,1,1
v4conf-105,10,2000105,role_0=local-b;role_1=local-a;role_2=local-c,NORMAL,1,1,1,local-a,1,SELECTED,,1,0,1,1,local-b|local-c,2,1,1
v4conf-105,11,2000105,role_0=local-b;role_1=local-a;role_2=local-c,NORMAL,1,1,1,local-a,1,SELECTED,,1,0,1,1,local-b|local-c,2,1,1
v4conf-105,12,2000105,role_0=local-b;role_1=local-a;role_2=local-c,NORMAL,1,1,1,local-a,1,SELECTED,,1,0,1,1,local-b|local-c,2,1,1
v4conf-105,13,2000105,role_0=local-b;role_1=local-a;role_2=local-c,NORMAL,1,1,1,local-a,1,SELECTED,,1,0,1,1,local-b|local-c,2,1,1
v4conf-105,14,2000105,role_0=local-b;role_1=local-a;role_2=local-c,NORMAL,1,1,1,local-a,1,SELECTED,,1,0,1,1,local-b|local-c,2,1,1
v4conf-105,15,2000105,role_0=local-b;role_1=local-a;role_2=local-c,NORMAL,1,1,1,local-a,1,SELECTED,,1,3,4,1,local-b|local-c,2,1,1
v4conf-105,16,2000105,role_0=local-b;role_1=local-a;role_2=local-c,NORMAL,1,1,1,local-a,1,SELECTED,,1,0,1,1,local-b|local-c,2,1,1
v4conf-105,17,2000105,role_0=local-b;role_1=local-a;role_2=local-c,SHARED_DEGRADATION,1,0,0,local-a,1,SELECTED,,1,0,1,1,local-b|local-c,2,0,1
v4conf-105,18,2000105,role_0=local-b;role_1=local-a;role_2=local-c,SHARED_DEGRADATION,0,0,1,local-a,1,SELECTED,,1,0,1,0,local-b|local-c,2,1,1
v4conf-105,19,2000105,role_0=local-b;role_1=local-a;role_2=local-c,SHARED_DEGRADATION,0,0,0,local-c,1,SELECTED,,1,0,1,0,local-b|local-c,2,0,0
v4conf-105,20,2000105,role_0=local-b;role_1=local-a;role_2=local-c,SHARED_DEGRADATION,1,1,0,local-a|local-b,2,SELECTED,,2,0,2,1,local-b|local-c,2,1,1
v4conf-105,21,2000105,role_0=local-b;role_1=local-a;role_2=local-c,SHARED_DEGRADATION,0,0,0,local-a|local-b,2,SELECTED,,2,0,2,0,local-b|local-c,2,0,0
v4conf-106,0,2000106,role_0=local-c;role_1=local-a;role_2=local-b,NORMAL,1,1,1,local-a|local-b|local-c,3,WARMUP,warmup,0,3,3,1,local-b|local-c,2,1,1
v4conf-106,1,2000106,role_0=local-c;role_1=local-a;role_2=local-b,NORMAL,1,1,1,local-a|local-b|local-c,3,WARMUP,warmup,0,3,3,1,local-b|local-c,2,1,1
v4conf-106,2,2000106,role_0=local-c;role_1=local-a;role_2=local-b,NORMAL,1,1,1,local-a|local-b|local-c,3,WARMUP,warmup,0,3,3,1,local-b|local-c,2,1,1
v4conf-106,3,2000106,role_0=local-c;role_1=local-a;role_2=local-b,NORMAL,1,1,1,local-a,1,SLO_ESTIMATE_UNSATISFIABLE,best-effort,1,0,1,1,local-b|local-c,2,1,1
v4conf-106,4,2000106,role_0=local-c;role_1=local-a;role_2=local-b,NORMAL,1,1,1,local-a,1,SLO_ESTIMATE_UNSATISFIABLE,best-effort,1,0,1,1,local-b|local-c,2,1,1
v4conf-106,5,2000106,role_0=local-c;role_1=local-a;role_2=local-b,NORMAL,1,1,1,local-a,1,SELECTED,,1,0,1,1,local-b|local-c,2,1,1
v4conf-106,6,2000106,role_0=local-c;role_1=local-a;role_2=local-b,NORMAL,1,1,1,local-a,1,SELECTED,,1,0,1,1,local-b|local-c,2,1,1
v4conf-106,7,2000106,role_0=local-c;role_1=local-a;role_2=local-b,NORMAL,1,1,1,local-a,1,SELECTED,,1,3,4,1,local-b|local-c,2,1,1
v4conf-106,8,2000106,role_0=local-c;role_1=local-a;role_2=local-b,NORMAL,1,1,1,local-a,1,SELECTED,,1,0,1,1,local-b|local-c,2,1,1
v4conf-106,9,2000106,role_0=local-c;role_1=local-a;role_2=local-b,NORMAL,1,1,1,local-a,1,SELECTED,,1,0,1,1,local-b|local-c,2,1,1
v4conf-106,10,2000106,role_0=local-c;role_1=local-a;role_2=local-b,NORMAL,1,1,1,local-a,1,SELECTED,,1,0,1,1,local-b|local-c,2,1,1
v4conf-106,11,2000106,role_0=local-c;role_1=local-a;role_2=local-b,NORMAL,1,1,1,local-a,1,SELECTED,,1,0,1,1,local-b|local-c,2,1,1
v4conf-106,12,2000106,role_0=local-c;role_1=local-a;role_2=local-b,NORMAL,1,1,1,local-a,1,SELECTED,,1,0,1,1,local-b|local-c,2,1,1
v4conf-106,13,2000106,role_0=local-c;role_1=local-a;role_2=local-b,NORMAL,1,1,1,local-a,1,SELECTED,,1,0,1,1,local-b|local-c,2,1,1
v4conf-106,14,2000106,role_0=local-c;role_1=local-a;role_2=local-b,NORMAL,1,1,1,local-a,1,SELECTED,,1,0,1,1,local-b|local-c,2,1,1
v4conf-106,15,2000106,role_0=local-c;role_1=local-a;role_2=local-b,NORMAL,1,1,1,local-a,1,SELECTED,,1,3,4,1,local-b|local-c,2,1,1
v4conf-106,16,2000106,role_0=local-c;role_1=local-a;role_2=local-b,NORMAL,1,1,1,local-a,1,SELECTED,,1,0,1,1,local-b|local-c,2,1,1
v4conf-106,17,2000106,role_0=local-c;role_1=local-a;role_2=local-b,NORMAL,1,1,1,local-a,1,SELECTED,,1,0,1,1,local-b|local-c,2,1,1
v4conf-106,18,2000106,role_0=local-c;role_1=local-a;role_2=local-b,NORMAL,1,1,1,local-a,1,SELECTED,,1,0,1,1,local-b|local-c,2,1,1
v4conf-106,19,2000106,role_0=local-c;role_1=local-a;role_2=local-b,NORMAL,1,1,1,local-a,1,SELECTED,,1,0,1,1,local-b|local-c,2,1,1
v4conf-106,20,2000106,role_0=local-c;role_1=local-a;role_2=local-b,NORMAL,1,1,1,local-a,1,SELECTED,,1,0,1,1,local-b|local-c,2,1,1
v4conf-106,21,2000106,role_0=local-c;role_1=local-a;role_2=local-b,NORMAL,1,1,1,local-a,1,SELECTED,,1,0,1,1,local-b|local-c,2,1,1
v4conf-107,0,2000107,role_0=local-b;role_1=local-c;role_2=local-a,SHARED_DEGRADATION,0,0,0,local-a|local-b|local-c,3,WARMUP,warmup,0,3,3,0,local-b|local-c,2,0,0
v4conf-107,1,2000107,role_0=local-b;role_1=local-c;role_2=local-a,SHARED_DEGRADATION,1,0,0,local-a|local-b|local-c,3,WARMUP,warmup,0,3,3,1,local-b|local-c,2,0,1
v4conf-107,2,2000107,role_0=local-b;role_1=local-c;role_2=local-a,SHARED_DEGRADATION,1,0,0,local-a|local-b|local-c,3,WARMUP,warmup,0,3,3,1,local-b|local-c,2,0,1
v4conf-107,3,2000107,role_0=local-b;role_1=local-c;role_2=local-a,SHARED_DEGRADATION,1,0,0,local-a,1,SLO_ESTIMATE_UNSATISFIABLE,best-effort,1,0,1,1,local-b|local-c,2,0,1
v4conf-107,4,2000107,role_0=local-b;role_1=local-c;role_2=local-a,SHARED_DEGRADATION,0,0,0,local-a,1,SLO_ESTIMATE_UNSATISFIABLE,best-effort,1,0,1,0,local-b|local-c,2,0,0
v4conf-107,5,2000107,role_0=local-b;role_1=local-c;role_2=local-a,SHARED_DEGRADATION,0,0,0,local-a|local-b,2,SLO_ESTIMATE_UNSATISFIABLE,best-effort,2,0,2,0,local-b|local-c,2,0,0
v4conf-107,6,2000107,role_0=local-b;role_1=local-c;role_2=local-a,SHARED_DEGRADATION,0,0,0,local-a|local-c,2,SLO_ESTIMATE_UNSATISFIABLE,best-effort,2,0,2,0,local-b|local-c,2,0,0
v4conf-107,7,2000107,role_0=local-b;role_1=local-c;role_2=local-a,PAIR_CORRELATED_DEGRADATION,1,0,0,local-a|local-b|local-c,3,SLO_ESTIMATE_UNSATISFIABLE,best-effort,3,3,6,1,local-b|local-c,2,0,1
v4conf-107,8,2000107,role_0=local-b;role_1=local-c;role_2=local-a,PAIR_CORRELATED_DEGRADATION,1,0,1,local-a|local-b|local-c,3,SLO_ESTIMATE_UNSATISFIABLE,best-effort,3,0,3,1,local-b|local-c,2,1,1
v4conf-107,9,2000107,role_0=local-b;role_1=local-c;role_2=local-a,PAIR_CORRELATED_DEGRADATION,1,0,0,local-a|local-b|local-c,3,SLO_ESTIMATE_UNSATISFIABLE,best-effort,3,0,3,1,local-b|local-c,2,0,1
v4conf-107,10,2000107,role_0=local-b;role_1=local-c;role_2=local-a,PAIR_CORRELATED_DEGRADATION,1,0,0,local-a|local-b|local-c,3,SLO_ESTIMATE_UNSATISFIABLE,best-effort,3,0,3,1,local-b|local-c,2,0,1
v4conf-107,11,2000107,role_0=local-b;role_1=local-c;role_2=local-a,PAIR_CORRELATED_DEGRADATION,1,0,0,local-a|local-b|local-c,3,SLO_ESTIMATE_UNSATISFIABLE,best-effort,3,0,3,1,local-b|local-c,2,0,1
v4conf-107,12,2000107,role_0=local-b;role_1=local-c;role_2=local-a,SINGLE_PROVIDER_UNSTABLE,1,0,1,local-a|local-b|local-c,3,SLO_ESTIMATE_UNSATISFIABLE,best-effort,3,0,3,1,local-b|local-c,2,1,1
v4conf-107,13,2000107,role_0=local-b;role_1=local-c;role_2=local-a,SINGLE_PROVIDER_UNSTABLE,1,0,1,local-a|local-b,2,SLO_ESTIMATE_UNSATISFIABLE,best-effort,2,0,2,1,local-b|local-c,2,1,1
v4conf-107,14,2000107,role_0=local-b;role_1=local-c;role_2=local-a,SINGLE_PROVIDER_UNSTABLE,1,0,1,local-a|local-b|local-c,3,SELECTED,,3,0,3,1,local-b|local-c,2,1,1
v4conf-107,15,2000107,role_0=local-b;role_1=local-c;role_2=local-a,SINGLE_PROVIDER_UNSTABLE,1,0,1,local-a|local-b|local-c,3,SELECTED,,3,3,6,1,local-b|local-c,2,1,1
v4conf-107,16,2000107,role_0=local-b;role_1=local-c;role_2=local-a,SINGLE_PROVIDER_UNSTABLE,1,1,1,local-a|local-b|local-c,3,SELECTED,,3,0,3,1,local-b|local-c,2,1,1
v4conf-107,17,2000107,role_0=local-b;role_1=local-c;role_2=local-a,SINGLE_PROVIDER_UNSTABLE,1,1,1,local-a,1,SELECTED,,1,0,1,1,local-b|local-c,2,1,1
v4conf-107,18,2000107,role_0=local-b;role_1=local-c;role_2=local-a,SINGLE_PROVIDER_UNSTABLE,1,1,1,local-a,1,SELECTED,,1,0,1,1,local-b|local-c,2,1,1
v4conf-107,19,2000107,role_0=local-b;role_1=local-c;role_2=local-a,SINGLE_PROVIDER_UNSTABLE,1,1,1,local-a,1,SELECTED,,1,0,1,1,local-b|local-c,2,1,1
v4conf-107,20,2000107,role_0=local-b;role_1=local-c;role_2=local-a,SINGLE_PROVIDER_UNSTABLE,1,0,1,local-a,1,SELECTED,,1,0,1,1,local-b|local-c,2,1,1
v4conf-107,21,2000107,role_0=local-b;role_1=local-c;role_2=local-a,NORMAL,1,1,1,local-a,1,SELECTED,,1,0,1,1,local-b|local-c,2,1,1
v4conf-108,0,2000108,role_0=local-b;role_1=local-a;role_2=local-c,SHARED_DEGRADATION,0,0,0,local-a|local-b|local-c,3,WARMUP,warmup,0,3,3,0,local-b|local-c,2,0,0
v4conf-108,1,2000108,role_0=local-b;role_1=local-a;role_2=local-c,SHARED_DEGRADATION,0,0,0,local-a|local-b|local-c,3,WARMUP,warmup,0,3,3,0,local-b|local-c,2,0,0
v4conf-108,2,2000108,role_0=local-b;role_1=local-a;role_2=local-c,SHARED_DEGRADATION,1,0,0,local-a|local-b|local-c,3,WARMUP,warmup,0,3,3,1,local-b|local-c,2,0,1
v4conf-108,3,2000108,role_0=local-b;role_1=local-a;role_2=local-c,SHARED_DEGRADATION,0,0,0,local-a,1,SLO_ESTIMATE_UNSATISFIABLE,best-effort,1,0,1,0,local-b|local-c,2,0,0
v4conf-108,4,2000108,role_0=local-b;role_1=local-a;role_2=local-c,SHARED_DEGRADATION,0,0,1,local-a|local-b,2,SLO_ESTIMATE_UNSATISFIABLE,best-effort,2,0,2,0,local-b|local-c,2,1,1
v4conf-108,5,2000108,role_0=local-b;role_1=local-a;role_2=local-c,SHARED_DEGRADATION,0,0,1,local-a|local-c,2,SLO_ESTIMATE_UNSATISFIABLE,best-effort,2,0,2,1,local-b|local-c,2,1,1
v4conf-108,6,2000108,role_0=local-b;role_1=local-a;role_2=local-c,NORMAL,1,1,1,local-a|local-c,2,SLO_ESTIMATE_UNSATISFIABLE,best-effort,2,0,2,1,local-b|local-c,2,1,1
v4conf-108,7,2000108,role_0=local-b;role_1=local-a;role_2=local-c,NORMAL,1,1,1,local-a|local-c,2,SLO_ESTIMATE_UNSATISFIABLE,best-effort,2,3,5,1,local-b|local-c,2,1,1
v4conf-108,8,2000108,role_0=local-b;role_1=local-a;role_2=local-c,NORMAL,1,1,1,local-a|local-c,2,SLO_ESTIMATE_UNSATISFIABLE,best-effort,2,0,2,1,local-b|local-c,2,1,1
v4conf-108,9,2000108,role_0=local-b;role_1=local-a;role_2=local-c,NORMAL,1,1,1,local-a|local-c,2,SLO_ESTIMATE_UNSATISFIABLE,best-effort,2,0,2,1,local-b|local-c,2,1,1
v4conf-108,10,2000108,role_0=local-b;role_1=local-a;role_2=local-c,NORMAL,1,1,1,local-a|local-c,2,SLO_ESTIMATE_UNSATISFIABLE,best-effort,2,0,2,1,local-b|local-c,2,1,1
v4conf-108,11,2000108,role_0=local-b;role_1=local-a;role_2=local-c,NORMAL,1,1,1,local-a|local-c,2,SLO_ESTIMATE_UNSATISFIABLE,best-effort,2,0,2,1,local-b|local-c,2,1,1
v4conf-108,12,2000108,role_0=local-b;role_1=local-a;role_2=local-c,NORMAL,1,1,1,local-a|local-c,2,SLO_ESTIMATE_UNSATISFIABLE,best-effort,2,0,2,1,local-b|local-c,2,1,1
v4conf-108,13,2000108,role_0=local-b;role_1=local-a;role_2=local-c,SINGLE_PROVIDER_CONGESTED,1,0,1,local-a|local-c,2,SLO_ESTIMATE_UNSATISFIABLE,best-effort,2,0,2,1,local-b|local-c,2,1,1
v4conf-108,14,2000108,role_0=local-b;role_1=local-a;role_2=local-c,SINGLE_PROVIDER_CONGESTED,1,0,1,local-a|local-c,2,SELECTED,,2,0,2,1,local-b|local-c,2,1,1
v4conf-108,15,2000108,role_0=local-b;role_1=local-a;role_2=local-c,SINGLE_PROVIDER_CONGESTED,1,0,1,local-c,1,SELECTED,,1,3,4,1,local-b|local-c,2,1,1
v4conf-108,16,2000108,role_0=local-b;role_1=local-a;role_2=local-c,SINGLE_PROVIDER_CONGESTED,1,0,1,local-a,1,SELECTED,,1,0,1,1,local-b|local-c,2,1,1
v4conf-108,17,2000108,role_0=local-b;role_1=local-a;role_2=local-c,SINGLE_PROVIDER_CONGESTED,1,0,1,local-a,1,SELECTED,,1,0,1,1,local-b|local-c,2,1,1
v4conf-108,18,2000108,role_0=local-b;role_1=local-a;role_2=local-c,PAIR_CORRELATED_DEGRADATION,0,0,1,local-a,1,SELECTED,,1,0,1,0,local-b|local-c,2,1,1
v4conf-108,19,2000108,role_0=local-b;role_1=local-a;role_2=local-c,PAIR_CORRELATED_DEGRADATION,0,0,1,local-c,1,SELECTED,,1,0,1,1,local-b|local-c,2,1,1
v4conf-108,20,2000108,role_0=local-b;role_1=local-a;role_2=local-c,PAIR_CORRELATED_DEGRADATION,0,0,1,local-c,1,SELECTED,,1,0,1,1,local-b|local-c,2,1,1
v4conf-108,21,2000108,role_0=local-b;role_1=local-a;role_2=local-c,PAIR_CORRELATED_DEGRADATION,0,0,1,local-c,1,SELECTED,,1,0,1,1,local-b|local-c,2,1,1
v4conf-109,0,2000109,role_0=local-a;role_1=local-c;role_2=local-b,SINGLE_PROVIDER_CONGESTED,0,1,1,local-a|local-b|local-c,3,WARMUP,warmup,0,3,3,1,local-b|local-c,2,1,1
v4conf-109,1,2000109,role_0=local-a;role_1=local-c;role_2=local-b,SINGLE_PROVIDER_CONGESTED,0,1,1,local-a|local-b|local-c,3,WARMUP,warmup,0,3,3,1,local-b|local-c,2,1,1
v4conf-109,2,2000109,role_0=local-a;role_1=local-c;role_2=local-b,SINGLE_PROVIDER_CONGESTED,0,1,1,local-a|local-b|local-c,3,WARMUP,warmup,0,3,3,1,local-b|local-c,2,1,1
v4conf-109,3,2000109,role_0=local-a;role_1=local-c;role_2=local-b,SINGLE_PROVIDER_CONGESTED,0,1,1,local-b,1,SLO_ESTIMATE_UNSATISFIABLE,best-effort,1,0,1,1,local-b|local-c,2,1,1
v4conf-109,4,2000109,role_0=local-a;role_1=local-c;role_2=local-b,SINGLE_PROVIDER_CONGESTED,0,1,1,local-b,1,SLO_ESTIMATE_UNSATISFIABLE,best-effort,1,0,1,1,local-b|local-c,2,1,1
v4conf-109,5,2000109,role_0=local-a;role_1=local-c;role_2=local-b,SINGLE_PROVIDER_CONGESTED,0,1,1,local-b,1,SELECTED,,1,0,1,1,local-b|local-c,2,1,1
v4conf-109,6,2000109,role_0=local-a;role_1=local-c;role_2=local-b,SINGLE_PROVIDER_CONGESTED,0,1,1,local-b,1,SELECTED,,1,0,1,1,local-b|local-c,2,1,1
v4conf-109,7,2000109,role_0=local-a;role_1=local-c;role_2=local-b,SINGLE_PROVIDER_CONGESTED,0,1,1,local-b,1,SELECTED,,1,3,4,1,local-b|local-c,2,1,1
v4conf-109,8,2000109,role_0=local-a;role_1=local-c;role_2=local-b,SINGLE_PROVIDER_CONGESTED,0,1,1,local-b,1,SELECTED,,1,0,1,1,local-b|local-c,2,1,1
v4conf-109,9,2000109,role_0=local-a;role_1=local-c;role_2=local-b,SINGLE_PROVIDER_INVALID_RISK,0,1,1,local-b,1,SELECTED,,1,0,1,1,local-b|local-c,2,1,1
v4conf-109,10,2000109,role_0=local-a;role_1=local-c;role_2=local-b,SINGLE_PROVIDER_INVALID_RISK,0,1,1,local-b,1,SELECTED,,1,0,1,1,local-b|local-c,2,1,1
v4conf-109,11,2000109,role_0=local-a;role_1=local-c;role_2=local-b,SINGLE_PROVIDER_INVALID_RISK,1,1,1,local-b,1,SELECTED,,1,0,1,1,local-b|local-c,2,1,1
v4conf-109,12,2000109,role_0=local-a;role_1=local-c;role_2=local-b,SINGLE_PROVIDER_INVALID_RISK,1,1,1,local-b,1,SELECTED,,1,0,1,1,local-b|local-c,2,1,1
v4conf-109,13,2000109,role_0=local-a;role_1=local-c;role_2=local-b,PAIR_CORRELATED_DEGRADATION,0,1,1,local-b,1,SELECTED,,1,0,1,1,local-b|local-c,2,1,1
v4conf-109,14,2000109,role_0=local-a;role_1=local-c;role_2=local-b,PAIR_CORRELATED_DEGRADATION,0,1,0,local-b,1,SELECTED,,1,0,1,1,local-b|local-c,2,1,1
v4conf-109,15,2000109,role_0=local-a;role_1=local-c;role_2=local-b,PAIR_CORRELATED_DEGRADATION,0,1,0,local-b,1,SELECTED,,1,3,4,1,local-b|local-c,2,1,1
v4conf-109,16,2000109,role_0=local-a;role_1=local-c;role_2=local-b,PAIR_CORRELATED_DEGRADATION,0,1,0,local-b,1,SELECTED,,1,0,1,1,local-b|local-c,2,1,1
v4conf-109,17,2000109,role_0=local-a;role_1=local-c;role_2=local-b,PAIR_CORRELATED_DEGRADATION,1,1,0,local-b,1,SELECTED,,1,0,1,1,local-b|local-c,2,1,1
v4conf-109,18,2000109,role_0=local-a;role_1=local-c;role_2=local-b,PAIR_CORRELATED_DEGRADATION,0,1,0,local-b,1,SELECTED,,1,0,1,1,local-b|local-c,2,1,1
v4conf-109,19,2000109,role_0=local-a;role_1=local-c;role_2=local-b,NORMAL,1,1,1,local-b,1,SELECTED,,1,0,1,1,local-b|local-c,2,1,1
v4conf-109,20,2000109,role_0=local-a;role_1=local-c;role_2=local-b,NORMAL,1,1,1,local-b,1,SELECTED,,1,0,1,1,local-b|local-c,2,1,1
v4conf-109,21,2000109,role_0=local-a;role_1=local-c;role_2=local-b,NORMAL,1,1,1,local-b,1,SELECTED,,1,0,1,1,local-b|local-c,2,1,1
v4conf-110,0,2000110,role_0=local-b;role_1=local-a;role_2=local-c,SINGLE_PROVIDER_INVALID_RISK,1,1,1,local-a|local-b|local-c,3,WARMUP,warmup,0,3,3,1,local-b|local-c,2,1,1
v4conf-110,1,2000110,role_0=local-b;role_1=local-a;role_2=local-c,SINGLE_PROVIDER_INVALID_RISK,1,0,1,local-a|local-b|local-c,3,WARMUP,warmup,0,3,3,1,local-b|local-c,2,1,1
v4conf-110,2,2000110,role_0=local-b;role_1=local-a;role_2=local-c,SINGLE_PROVIDER_INVALID_RISK,1,1,1,local-a|local-b|local-c,3,WARMUP,warmup,0,3,3,1,local-b|local-c,2,1,1
v4conf-110,3,2000110,role_0=local-b;role_1=local-a;role_2=local-c,SINGLE_PROVIDER_INVALID_RISK,1,0,1,local-a,1,SLO_ESTIMATE_UNSATISFIABLE,best-effort,1,0,1,1,local-b|local-c,2,1,1
v4conf-110,4,2000110,role_0=local-b;role_1=local-a;role_2=local-c,SINGLE_PROVIDER_INVALID_RISK,1,1,1,local-a,1,SLO_ESTIMATE_UNSATISFIABLE,best-effort,1,0,1,1,local-b|local-c,2,1,1
v4conf-110,5,2000110,role_0=local-b;role_1=local-a;role_2=local-c,SINGLE_PROVIDER_INVALID_RISK,1,0,1,local-a,1,SELECTED,,1,0,1,1,local-b|local-c,2,1,1
v4conf-110,6,2000110,role_0=local-b;role_1=local-a;role_2=local-c,SINGLE_PROVIDER_INVALID_RISK,1,1,1,local-a,1,SELECTED,,1,0,1,1,local-b|local-c,2,1,1
v4conf-110,7,2000110,role_0=local-b;role_1=local-a;role_2=local-c,SINGLE_PROVIDER_INVALID_RISK,1,0,1,local-a,1,SELECTED,,1,3,4,1,local-b|local-c,2,1,1
v4conf-110,8,2000110,role_0=local-b;role_1=local-a;role_2=local-c,SINGLE_PROVIDER_INVALID_RISK,1,1,1,local-a,1,SELECTED,,1,0,1,1,local-b|local-c,2,1,1
v4conf-110,9,2000110,role_0=local-b;role_1=local-a;role_2=local-c,SHARED_DEGRADATION,0,0,0,local-a,1,SELECTED,,1,0,1,0,local-b|local-c,2,0,0
v4conf-110,10,2000110,role_0=local-b;role_1=local-a;role_2=local-c,SHARED_DEGRADATION,0,0,0,local-a|local-b,2,SELECTED,,2,0,2,0,local-b|local-c,2,0,0
v4conf-110,11,2000110,role_0=local-b;role_1=local-a;role_2=local-c,SHARED_DEGRADATION,0,0,1,local-a|local-c,2,SELECTED,,2,0,2,1,local-b|local-c,2,1,1
v4conf-110,12,2000110,role_0=local-b;role_1=local-a;role_2=local-c,SHARED_DEGRADATION,0,0,0,local-c,1,SELECTED,,1,0,1,0,local-b|local-c,2,0,0
v4conf-110,13,2000110,role_0=local-b;role_1=local-a;role_2=local-c,SHARED_DEGRADATION,0,0,0,local-a|local-c,2,SELECTED,,2,0,2,0,local-b|local-c,2,0,0
v4conf-110,14,2000110,role_0=local-b;role_1=local-a;role_2=local-c,SHARED_DEGRADATION,0,0,0,local-b|local-c,2,SELECTED,,2,0,2,0,local-b|local-c,2,0,0
v4conf-110,15,2000110,role_0=local-b;role_1=local-a;role_2=local-c,PAIR_CORRELATED_DEGRADATION,0,0,1,local-a|local-b|local-c,3,SELECTED,,3,3,6,1,local-b|local-c,2,1,1
v4conf-110,16,2000110,role_0=local-b;role_1=local-a;role_2=local-c,PAIR_CORRELATED_DEGRADATION,0,0,1,local-a|local-b|local-c,3,SELECTED,,3,0,3,1,local-b|local-c,2,1,1
v4conf-110,17,2000110,role_0=local-b;role_1=local-a;role_2=local-c,PAIR_CORRELATED_DEGRADATION,0,0,1,local-a|local-b|local-c,3,SELECTED,,3,0,3,1,local-b|local-c,2,1,1
v4conf-110,18,2000110,role_0=local-b;role_1=local-a;role_2=local-c,PAIR_CORRELATED_DEGRADATION,0,0,1,local-a|local-b|local-c,3,SELECTED,,3,0,3,1,local-b|local-c,2,1,1
v4conf-110,19,2000110,role_0=local-b;role_1=local-a;role_2=local-c,PAIR_CORRELATED_DEGRADATION,0,0,1,local-a|local-b|local-c,3,SELECTED,,3,0,3,1,local-b|local-c,2,1,1
v4conf-110,20,2000110,role_0=local-b;role_1=local-a;role_2=local-c,PAIR_CORRELATED_DEGRADATION,0,0,1,local-a|local-b|local-c,3,SELECTED,,3,0,3,1,local-b|local-c,2,1,1
v4conf-110,21,2000110,role_0=local-b;role_1=local-a;role_2=local-c,PAIR_CORRELATED_DEGRADATION,0,0,1,local-a|local-b|local-c,3,SELECTED,,3,0,3,1,local-b|local-c,2,1,1
v4conf-111,0,2000111,role_0=local-b;role_1=local-a;role_2=local-c,SHARED_DEGRADATION,0,0,0,local-a|local-b|local-c,3,WARMUP,warmup,0,3,3,0,local-b|local-c,2,0,0
v4conf-111,1,2000111,role_0=local-b;role_1=local-a;role_2=local-c,SHARED_DEGRADATION,1,0,0,local-a|local-b|local-c,3,WARMUP,warmup,0,3,3,1,local-b|local-c,2,0,1
v4conf-111,2,2000111,role_0=local-b;role_1=local-a;role_2=local-c,SHARED_DEGRADATION,0,0,0,local-a|local-b|local-c,3,WARMUP,warmup,0,3,3,0,local-b|local-c,2,0,0
v4conf-111,3,2000111,role_0=local-b;role_1=local-a;role_2=local-c,SHARED_DEGRADATION,0,0,0,local-a,1,SLO_ESTIMATE_UNSATISFIABLE,best-effort,1,0,1,0,local-b|local-c,2,0,0
v4conf-111,4,2000111,role_0=local-b;role_1=local-a;role_2=local-c,SHARED_DEGRADATION,0,0,0,local-a|local-b,2,SLO_ESTIMATE_UNSATISFIABLE,best-effort,2,0,2,0,local-b|local-c,2,0,0
v4conf-111,5,2000111,role_0=local-b;role_1=local-a;role_2=local-c,SHARED_DEGRADATION,0,0,0,local-a|local-c,2,SLO_ESTIMATE_UNSATISFIABLE,best-effort,2,0,2,0,local-b|local-c,2,0,0
v4conf-111,6,2000111,role_0=local-b;role_1=local-a;role_2=local-c,SHARED_DEGRADATION,0,0,0,local-a|local-b|local-c,3,SLO_ESTIMATE_UNSATISFIABLE,best-effort,3,0,3,0,local-b|local-c,2,0,0
v4conf-111,7,2000111,role_0=local-b;role_1=local-a;role_2=local-c,SHARED_DEGRADATION,0,0,0,local-a|local-b|local-c,3,SLO_ESTIMATE_UNSATISFIABLE,best-effort,3,3,6,0,local-b|local-c,2,0,0
v4conf-111,8,2000111,role_0=local-b;role_1=local-a;role_2=local-c,PAIR_CORRELATED_DEGRADATION,0,0,1,local-a|local-b|local-c,3,SLO_ESTIMATE_UNSATISFIABLE,best-effort,3,0,3,1,local-b|local-c,2,1,1
v4conf-111,9,2000111,role_0=local-b;role_1=local-a;role_2=local-c,PAIR_CORRELATED_DEGRADATION,0,1,1,local-a|local-b|local-c,3,SLO_ESTIMATE_UNSATISFIABLE,best-effort,3,0,3,1,local-b|local-c,2,1,1
v4conf-111,10,2000111,role_0=local-b;role_1=local-a;role_2=local-c,PAIR_CORRELATED_DEGRADATION,0,0,1,local-a|local-b|local-c,3,SLO_ESTIMATE_UNSATISFIABLE,best-effort,3,0,3,1,local-b|local-c,2,1,1
v4conf-111,11,2000111,role_0=local-b;role_1=local-a;role_2=local-c,PAIR_CORRELATED_DEGRADATION,0,0,1,local-a|local-b|local-c,3,SLO_ESTIMATE_UNSATISFIABLE,best-effort,3,0,3,1,local-b|local-c,2,1,1
v4conf-111,12,2000111,role_0=local-b;role_1=local-a;role_2=local-c,PAIR_CORRELATED_DEGRADATION,1,0,1,local-a|local-b|local-c,3,SLO_ESTIMATE_UNSATISFIABLE,best-effort,3,0,3,1,local-b|local-c,2,1,1
v4conf-111,13,2000111,role_0=local-b;role_1=local-a;role_2=local-c,PAIR_CORRELATED_DEGRADATION,0,0,1,local-a|local-c,2,SLO_ESTIMATE_UNSATISFIABLE,best-effort,2,0,2,1,local-b|local-c,2,1,1
v4conf-111,14,2000111,role_0=local-b;role_1=local-a;role_2=local-c,PAIR_CORRELATED_DEGRADATION,0,0,1,local-a|local-b|local-c,3,SLO_ESTIMATE_UNSATISFIABLE,best-effort,3,0,3,1,local-b|local-c,2,1,1
v4conf-111,15,2000111,role_0=local-b;role_1=local-a;role_2=local-c,PAIR_CORRELATED_DEGRADATION,0,0,1,local-c,1,SLO_ESTIMATE_UNSATISFIABLE,best-effort,1,3,4,1,local-b|local-c,2,1,1
v4conf-111,16,2000111,role_0=local-b;role_1=local-a;role_2=local-c,SINGLE_PROVIDER_INVALID_RISK,1,0,1,local-c,1,SLO_ESTIMATE_UNSATISFIABLE,best-effort,1,0,1,1,local-b|local-c,2,1,1
v4conf-111,17,2000111,role_0=local-b;role_1=local-a;role_2=local-c,SINGLE_PROVIDER_INVALID_RISK,1,1,1,local-c,1,SLO_ESTIMATE_UNSATISFIABLE,best-effort,1,0,1,1,local-b|local-c,2,1,1
v4conf-111,18,2000111,role_0=local-b;role_1=local-a;role_2=local-c,SINGLE_PROVIDER_INVALID_RISK,1,1,1,local-c,1,SELECTED,,1,0,1,1,local-b|local-c,2,1,1
v4conf-111,19,2000111,role_0=local-b;role_1=local-a;role_2=local-c,SINGLE_PROVIDER_INVALID_RISK,1,1,1,local-c,1,SELECTED,,1,0,1,1,local-b|local-c,2,1,1
v4conf-111,20,2000111,role_0=local-b;role_1=local-a;role_2=local-c,SINGLE_PROVIDER_INVALID_RISK,1,0,1,local-c,1,SELECTED,,1,0,1,1,local-b|local-c,2,1,1
v4conf-111,21,2000111,role_0=local-b;role_1=local-a;role_2=local-c,SINGLE_PROVIDER_UNSTABLE,1,1,1,local-c,1,SELECTED,,1,0,1,1,local-b|local-c,2,1,1
v4conf-112,0,2000112,role_0=local-c;role_1=local-a;role_2=local-b,PAIR_CORRELATED_DEGRADATION,0,1,0,local-a|local-b|local-c,3,WARMUP,warmup,0,3,3,1,local-b|local-c,2,1,1
v4conf-112,1,2000112,role_0=local-c;role_1=local-a;role_2=local-b,PAIR_CORRELATED_DEGRADATION,0,1,0,local-a|local-b|local-c,3,WARMUP,warmup,0,3,3,1,local-b|local-c,2,1,1
v4conf-112,2,2000112,role_0=local-c;role_1=local-a;role_2=local-b,PAIR_CORRELATED_DEGRADATION,0,1,1,local-a|local-b|local-c,3,WARMUP,warmup,0,3,3,1,local-b|local-c,2,1,1
v4conf-112,3,2000112,role_0=local-c;role_1=local-a;role_2=local-b,PAIR_CORRELATED_DEGRADATION,0,1,1,local-b,1,SLO_ESTIMATE_UNSATISFIABLE,best-effort,1,0,1,1,local-b|local-c,2,1,1
v4conf-112,4,2000112,role_0=local-c;role_1=local-a;role_2=local-b,PAIR_CORRELATED_DEGRADATION,0,1,0,local-b,1,SLO_ESTIMATE_UNSATISFIABLE,best-effort,1,0,1,1,local-b|local-c,2,1,1
v4conf-112,5,2000112,role_0=local-c;role_1=local-a;role_2=local-b,PAIR_CORRELATED_DEGRADATION,0,1,1,local-b,1,SELECTED,,1,0,1,1,local-b|local-c,2,1,1
v4conf-112,6,2000112,role_0=local-c;role_1=local-a;role_2=local-b,SHARED_DEGRADATION,0,0,0,local-b,1,SELECTED,,1,0,1,0,local-b|local-c,2,0,0
v4conf-112,7,2000112,role_0=local-c;role_1=local-a;role_2=local-b,SHARED_DEGRADATION,1,0,0,local-a|local-b,2,SELECTED,,2,3,5,1,local-b|local-c,2,0,1
v4conf-112,8,2000112,role_0=local-c;role_1=local-a;role_2=local-b,SHARED_DEGRADATION,0,0,0,local-a|local-b,2,SELECTED,,2,0,2,0,local-b|local-c,2,0,0
v4conf-112,9,2000112,role_0=local-c;role_1=local-a;role_2=local-b,SHARED_DEGRADATION,0,0,1,local-a|local-b|local-c,3,SELECTED,,3,0,3,1,local-b|local-c,2,1,1
v4conf-112,10,2000112,role_0=local-c;role_1=local-a;role_2=local-b,SHARED_DEGRADATION,0,0,0,local-a|local-b|local-c,3,SELECTED,,3,0,3,0,local-b|local-c,2,0,0
v4conf-112,11,2000112,role_0=local-c;role_1=local-a;role_2=local-b,SHARED_DEGRADATION,0,0,0,local-a|local-b|local-c,3,SLO_ESTIMATE_UNSATISFIABLE,best-effort,3,0,3,0,local-b|local-c,2,0,0
v4conf-112,12,2000112,role_0=local-c;role_1=local-a;role_2=local-b,SHARED_DEGRADATION,0,0,0,local-a|local-b|local-c,3,SLO_ESTIMATE_UNSATISFIABLE,best-effort,3,0,3,0,local-b|local-c,2,0,0
v4conf-112,13,2000112,role_0=local-c;role_1=local-a;role_2=local-b,SHARED_DEGRADATION,0,0,0,local-a|local-b|local-c,3,SLO_ESTIMATE_UNSATISFIABLE,best-effort,3,0,3,0,local-b|local-c,2,0,0
v4conf-112,14,2000112,role_0=local-c;role_1=local-a;role_2=local-b,SHARED_DEGRADATION,0,0,0,local-a|local-b|local-c,3,SLO_ESTIMATE_UNSATISFIABLE,best-effort,3,0,3,0,local-b|local-c,2,0,0
v4conf-112,15,2000112,role_0=local-c;role_1=local-a;role_2=local-b,SHARED_DEGRADATION,0,0,1,local-a|local-b|local-c,3,SLO_ESTIMATE_UNSATISFIABLE,best-effort,3,3,6,1,local-b|local-c,2,1,1
v4conf-112,16,2000112,role_0=local-c;role_1=local-a;role_2=local-b,SHARED_DEGRADATION,0,0,0,local-a|local-b|local-c,3,SLO_ESTIMATE_UNSATISFIABLE,best-effort,3,0,3,0,local-b|local-c,2,0,0
v4conf-112,17,2000112,role_0=local-c;role_1=local-a;role_2=local-b,SHARED_DEGRADATION,0,1,0,local-a|local-c,2,SLO_ESTIMATE_UNSATISFIABLE,best-effort,2,0,2,0,local-b|local-c,2,1,1
v4conf-112,18,2000112,role_0=local-c;role_1=local-a;role_2=local-b,SHARED_DEGRADATION,0,0,0,local-a|local-b|local-c,3,SLO_ESTIMATE_UNSATISFIABLE,best-effort,3,0,3,0,local-b|local-c,2,0,0
v4conf-112,19,2000112,role_0=local-c;role_1=local-a;role_2=local-b,SHARED_DEGRADATION,0,1,0,local-a|local-b|local-c,3,SLO_ESTIMATE_UNSATISFIABLE,best-effort,3,0,3,1,local-b|local-c,2,1,1
v4conf-112,20,2000112,role_0=local-c;role_1=local-a;role_2=local-b,SHARED_DEGRADATION,0,0,0,local-b|local-c,2,SLO_ESTIMATE_UNSATISFIABLE,best-effort,2,0,2,0,local-b|local-c,2,0,0
v4conf-112,21,2000112,role_0=local-c;role_1=local-a;role_2=local-b,SHARED_DEGRADATION,0,0,0,local-a|local-b|local-c,3,SLO_ESTIMATE_UNSATISFIABLE,best-effort,3,0,3,0,local-b|local-c,2,0,0
v4conf-113,0,2000113,role_0=local-b;role_1=local-a;role_2=local-c,PAIR_CORRELATED_DEGRADATION,0,0,1,local-a|local-b|local-c,3,WARMUP,warmup,0,3,3,1,local-b|local-c,2,1,1
v4conf-113,1,2000113,role_0=local-b;role_1=local-a;role_2=local-c,PAIR_CORRELATED_DEGRADATION,1,0,1,local-a|local-b|local-c,3,WARMUP,warmup,0,3,3,1,local-b|local-c,2,1,1
v4conf-113,2,2000113,role_0=local-b;role_1=local-a;role_2=local-c,PAIR_CORRELATED_DEGRADATION,0,0,1,local-a|local-b|local-c,3,WARMUP,warmup,0,3,3,1,local-b|local-c,2,1,1
v4conf-113,3,2000113,role_0=local-b;role_1=local-a;role_2=local-c,PAIR_CORRELATED_DEGRADATION,0,0,1,local-c,1,SLO_ESTIMATE_UNSATISFIABLE,best-effort,1,0,1,1,local-b|local-c,2,1,1
v4conf-113,4,2000113,role_0=local-b;role_1=local-a;role_2=local-c,PAIR_CORRELATED_DEGRADATION,0,0,1,local-c,1,SLO_ESTIMATE_UNSATISFIABLE,best-effort,1,0,1,1,local-b|local-c,2,1,1
v4conf-113,5,2000113,role_0=local-b;role_1=local-a;role_2=local-c,PAIR_CORRELATED_DEGRADATION,1,0,1,local-c,1,SELECTED,,1,0,1,1,local-b|local-c,2,1,1
v4conf-113,6,2000113,role_0=local-b;role_1=local-a;role_2=local-c,PAIR_CORRELATED_DEGRADATION,0,0,1,local-c,1,SELECTED,,1,0,1,1,local-b|local-c,2,1,1
v4conf-113,7,2000113,role_0=local-b;role_1=local-a;role_2=local-c,SHARED_DEGRADATION,1,0,0,local-c,1,SELECTED,,1,3,4,0,local-b|local-c,2,0,1
v4conf-113,8,2000113,role_0=local-b;role_1=local-a;role_2=local-c,SHARED_DEGRADATION,0,0,0,local-a|local-c,2,SELECTED,,2,0,2,0,local-b|local-c,2,0,0
v4conf-113,9,2000113,role_0=local-b;role_1=local-a;role_2=local-c,SHARED_DEGRADATION,0,0,0,local-a|local-b|local-c,3,SELECTED,,3,0,3,0,local-b|local-c,2,0,0
v4conf-113,10,2000113,role_0=local-b;role_1=local-a;role_2=local-c,SHARED_DEGRADATION,0,0,1,local-a|local-b|local-c,3,SLO_ESTIMATE_UNSATISFIABLE,best-effort,3,0,3,1,local-b|local-c,2,1,1
v4conf-113,11,2000113,role_0=local-b;role_1=local-a;role_2=local-c,SHARED_DEGRADATION,0,1,0,local-a|local-b|local-c,3,SLO_ESTIMATE_UNSATISFIABLE,best-effort,3,0,3,1,local-b|local-c,2,1,1
v4conf-113,12,2000113,role_0=local-b;role_1=local-a;role_2=local-c,SHARED_DEGRADATION,0,0,0,local-a|local-b|local-c,3,SLO_ESTIMATE_UNSATISFIABLE,best-effort,3,0,3,0,local-b|local-c,2,0,0
v4conf-113,13,2000113,role_0=local-b;role_1=local-a;role_2=local-c,SHARED_DEGRADATION,0,0,0,local-a|local-b|local-c,3,SLO_ESTIMATE_UNSATISFIABLE,best-effort,3,0,3,0,local-b|local-c,2,0,0
v4conf-113,14,2000113,role_0=local-b;role_1=local-a;role_2=local-c,SINGLE_PROVIDER_CONGESTED,1,0,1,local-a|local-b|local-c,3,SLO_ESTIMATE_UNSATISFIABLE,best-effort,3,0,3,1,local-b|local-c,2,1,1
v4conf-113,15,2000113,role_0=local-b;role_1=local-a;role_2=local-c,SINGLE_PROVIDER_CONGESTED,1,0,1,local-a|local-b|local-c,3,SLO_ESTIMATE_UNSATISFIABLE,best-effort,3,3,6,1,local-b|local-c,2,1,1
v4conf-113,16,2000113,role_0=local-b;role_1=local-a;role_2=local-c,SINGLE_PROVIDER_CONGESTED,1,0,1,local-a|local-b|local-c,3,SLO_ESTIMATE_UNSATISFIABLE,best-effort,3,0,3,1,local-b|local-c,2,1,1
v4conf-113,17,2000113,role_0=local-b;role_1=local-a;role_2=local-c,SINGLE_PROVIDER_CONGESTED,1,0,1,local-a|local-b|local-c,3,SLO_ESTIMATE_UNSATISFIABLE,best-effort,3,0,3,1,local-b|local-c,2,1,1
v4conf-113,18,2000113,role_0=local-b;role_1=local-a;role_2=local-c,SINGLE_PROVIDER_CONGESTED,1,0,1,local-a|local-b|local-c,3,SLO_ESTIMATE_UNSATISFIABLE,best-effort,3,0,3,1,local-b|local-c,2,1,1
v4conf-113,19,2000113,role_0=local-b;role_1=local-a;role_2=local-c,SINGLE_PROVIDER_CONGESTED,1,0,1,local-b|local-c,2,SLO_ESTIMATE_UNSATISFIABLE,best-effort,2,0,2,1,local-b|local-c,2,1,1
v4conf-113,20,2000113,role_0=local-b;role_1=local-a;role_2=local-c,SINGLE_PROVIDER_CONGESTED,1,0,1,local-b|local-c,2,SLO_ESTIMATE_UNSATISFIABLE,best-effort,2,0,2,1,local-b|local-c,2,1,1
v4conf-113,21,2000113,role_0=local-b;role_1=local-a;role_2=local-c,NORMAL,1,1,1,local-b|local-c,2,SLO_ESTIMATE_UNSATISFIABLE,best-effort,2,0,2,1,local-b|local-c,2,1,1
v4conf-114,0,2000114,role_0=local-c;role_1=local-a;role_2=local-b,SINGLE_PROVIDER_UNSTABLE,1,1,0,local-a|local-b|local-c,3,WARMUP,warmup,0,3,3,1,local-b|local-c,2,1,1
v4conf-114,1,2000114,role_0=local-c;role_1=local-a;role_2=local-b,SINGLE_PROVIDER_UNSTABLE,1,1,0,local-a|local-b|local-c,3,WARMUP,warmup,0,3,3,1,local-b|local-c,2,1,1
v4conf-114,2,2000114,role_0=local-c;role_1=local-a;role_2=local-b,SINGLE_PROVIDER_UNSTABLE,1,1,1,local-a|local-b|local-c,3,WARMUP,warmup,0,3,3,1,local-b|local-c,2,1,1
v4conf-114,3,2000114,role_0=local-c;role_1=local-a;role_2=local-b,SINGLE_PROVIDER_UNSTABLE,1,1,1,local-a,1,SLO_ESTIMATE_UNSATISFIABLE,best-effort,1,0,1,1,local-b|local-c,2,1,1
v4conf-114,4,2000114,role_0=local-c;role_1=local-a;role_2=local-b,SINGLE_PROVIDER_UNSTABLE,1,1,1,local-a,1,SLO_ESTIMATE_UNSATISFIABLE,best-effort,1,0,1,1,local-b|local-c,2,1,1
v4conf-114,5,2000114,role_0=local-c;role_1=local-a;role_2=local-b,SINGLE_PROVIDER_CONGESTED,1,1,0,local-a,1,SELECTED,,1,0,1,1,local-b|local-c,2,1,1
v4conf-114,6,2000114,role_0=local-c;role_1=local-a;role_2=local-b,SINGLE_PROVIDER_CONGESTED,1,1,0,local-a,1,SELECTED,,1,0,1,1,local-b|local-c,2,1,1
v4conf-114,7,2000114,role_0=local-c;role_1=local-a;role_2=local-b,SINGLE_PROVIDER_CONGESTED,1,1,0,local-a,1,SELECTED,,1,3,4,1,local-b|local-c,2,1,1
v4conf-114,8,2000114,role_0=local-c;role_1=local-a;role_2=local-b,SINGLE_PROVIDER_CONGESTED,1,1,0,local-a,1,SELECTED,,1,0,1,1,local-b|local-c,2,1,1
v4conf-114,9,2000114,role_0=local-c;role_1=local-a;role_2=local-b,SINGLE_PROVIDER_CONGESTED,1,1,0,local-a,1,SELECTED,,1,0,1,1,local-b|local-c,2,1,1
v4conf-114,10,2000114,role_0=local-c;role_1=local-a;role_2=local-b,SINGLE_PROVIDER_CONGESTED,1,1,0,local-a,1,SELECTED,,1,0,1,1,local-b|local-c,2,1,1
v4conf-114,11,2000114,role_0=local-c;role_1=local-a;role_2=local-b,SINGLE_PROVIDER_CONGESTED,1,1,0,local-a,1,SELECTED,,1,0,1,1,local-b|local-c,2,1,1
v4conf-114,12,2000114,role_0=local-c;role_1=local-a;role_2=local-b,SINGLE_PROVIDER_CONGESTED,1,1,0,local-a,1,SELECTED,,1,0,1,1,local-b|local-c,2,1,1
v4conf-114,13,2000114,role_0=local-c;role_1=local-a;role_2=local-b,PAIR_CORRELATED_DEGRADATION,0,1,0,local-a,1,SELECTED,,1,0,1,0,local-b|local-c,2,1,1
v4conf-114,14,2000114,role_0=local-c;role_1=local-a;role_2=local-b,PAIR_CORRELATED_DEGRADATION,0,1,0,local-a|local-b,2,SELECTED,,2,0,2,1,local-b|local-c,2,1,1
v4conf-114,15,2000114,role_0=local-c;role_1=local-a;role_2=local-b,PAIR_CORRELATED_DEGRADATION,0,1,0,local-b,1,SELECTED,,1,3,4,1,local-b|local-c,2,1,1
v4conf-114,16,2000114,role_0=local-c;role_1=local-a;role_2=local-b,PAIR_CORRELATED_DEGRADATION,0,1,0,local-b,1,SELECTED,,1,0,1,1,local-b|local-c,2,1,1
v4conf-114,17,2000114,role_0=local-c;role_1=local-a;role_2=local-b,PAIR_CORRELATED_DEGRADATION,0,1,0,local-b,1,SELECTED,,1,0,1,1,local-b|local-c,2,1,1
v4conf-114,18,2000114,role_0=local-c;role_1=local-a;role_2=local-b,PAIR_CORRELATED_DEGRADATION,1,1,0,local-b,1,SELECTED,,1,0,1,1,local-b|local-c,2,1,1
v4conf-114,19,2000114,role_0=local-c;role_1=local-a;role_2=local-b,PAIR_CORRELATED_DEGRADATION,1,1,0,local-b,1,SELECTED,,1,0,1,1,local-b|local-c,2,1,1
v4conf-114,20,2000114,role_0=local-c;role_1=local-a;role_2=local-b,PAIR_CORRELATED_DEGRADATION,0,1,0,local-b,1,SELECTED,,1,0,1,1,local-b|local-c,2,1,1
v4conf-114,21,2000114,role_0=local-c;role_1=local-a;role_2=local-b,SINGLE_PROVIDER_CONGESTED,1,1,0,local-b,1,SELECTED,,1,0,1,1,local-b|local-c,2,1,1
v4conf-115,0,2000115,role_0=local-a;role_1=local-c;role_2=local-b,SINGLE_PROVIDER_UNSTABLE,0,1,1,local-a|local-b|local-c,3,WARMUP,warmup,0,3,3,1,local-b|local-c,2,1,1
v4conf-115,1,2000115,role_0=local-a;role_1=local-c;role_2=local-b,SINGLE_PROVIDER_UNSTABLE,0,1,1,local-a|local-b|local-c,3,WARMUP,warmup,0,3,3,1,local-b|local-c,2,1,1
v4conf-115,2,2000115,role_0=local-a;role_1=local-c;role_2=local-b,SINGLE_PROVIDER_UNSTABLE,1,1,1,local-a|local-b|local-c,3,WARMUP,warmup,0,3,3,1,local-b|local-c,2,1,1
v4conf-115,3,2000115,role_0=local-a;role_1=local-c;role_2=local-b,SINGLE_PROVIDER_UNSTABLE,0,1,1,local-b,1,SLO_ESTIMATE_UNSATISFIABLE,best-effort,1,0,1,1,local-b|local-c,2,1,1
v4conf-115,4,2000115,role_0=local-a;role_1=local-c;role_2=local-b,SINGLE_PROVIDER_UNSTABLE,0,1,1,local-b,1,SLO_ESTIMATE_UNSATISFIABLE,best-effort,1,0,1,1,local-b|local-c,2,1,1
v4conf-115,5,2000115,role_0=local-a;role_1=local-c;role_2=local-b,SINGLE_PROVIDER_UNSTABLE,1,1,1,local-b,1,SELECTED,,1,0,1,1,local-b|local-c,2,1,1
v4conf-115,6,2000115,role_0=local-a;role_1=local-c;role_2=local-b,SINGLE_PROVIDER_UNSTABLE,1,1,1,local-b,1,SELECTED,,1,0,1,1,local-b|local-c,2,1,1
v4conf-115,7,2000115,role_0=local-a;role_1=local-c;role_2=local-b,SHARED_DEGRADATION,0,1,0,local-b,1,SELECTED,,1,3,4,1,local-b|local-c,2,1,1
v4conf-115,8,2000115,role_0=local-a;role_1=local-c;role_2=local-b,SHARED_DEGRADATION,0,0,0,local-b,1,SELECTED,,1,0,1,0,local-b|local-c,2,0,0
v4conf-115,9,2000115,role_0=local-a;role_1=local-c;role_2=local-b,SHARED_DEGRADATION,0,0,0,local-a|local-b,2,SELECTED,,2,0,2,0,local-b|local-c,2,0,0
v4conf-115,10,2000115,role_0=local-a;role_1=local-c;role_2=local-b,SHARED_DEGRADATION,0,0,0,local-b|local-c,2,SELECTED,,2,0,2,0,local-b|local-c,2,0,0
v4conf-115,11,2000115,role_0=local-a;role_1=local-c;role_2=local-b,SHARED_DEGRADATION,0,0,0,local-a|local-b|local-c,3,SELECTED,,3,0,3,0,local-b|local-c,2,0,0
v4conf-115,12,2000115,role_0=local-a;role_1=local-c;role_2=local-b,SHARED_DEGRADATION,0,0,0,local-a|local-b|local-c,3,SLO_ESTIMATE_UNSATISFIABLE,best-effort,3,0,3,0,local-b|local-c,2,0,0
v4conf-115,13,2000115,role_0=local-a;role_1=local-c;role_2=local-b,SHARED_DEGRADATION,0,0,0,local-a|local-b|local-c,3,SLO_ESTIMATE_UNSATISFIABLE,best-effort,3,0,3,0,local-b|local-c,2,0,0
v4conf-115,14,2000115,role_0=local-a;role_1=local-c;role_2=local-b,NORMAL,1,1,1,local-a|local-b|local-c,3,SLO_ESTIMATE_UNSATISFIABLE,best-effort,3,0,3,1,local-b|local-c,2,1,1
v4conf-115,15,2000115,role_0=local-a;role_1=local-c;role_2=local-b,NORMAL,1,1,1,local-a|local-b|local-c,3,SLO_ESTIMATE_UNSATISFIABLE,best-effort,3,3,6,1,local-b|local-c,2,1,1
v4conf-115,16,2000115,role_0=local-a;role_1=local-c;role_2=local-b,NORMAL,1,1,1,local-a|local-b|local-c,3,SLO_ESTIMATE_UNSATISFIABLE,best-effort,3,0,3,1,local-b|local-c,2,1,1
v4conf-115,17,2000115,role_0=local-a;role_1=local-c;role_2=local-b,NORMAL,1,1,1,local-a|local-b|local-c,3,SLO_ESTIMATE_UNSATISFIABLE,best-effort,3,0,3,1,local-b|local-c,2,1,1
v4conf-115,18,2000115,role_0=local-a;role_1=local-c;role_2=local-b,PAIR_CORRELATED_DEGRADATION,1,1,0,local-a|local-b|local-c,3,SLO_ESTIMATE_UNSATISFIABLE,best-effort,3,0,3,1,local-b|local-c,2,1,1
v4conf-115,19,2000115,role_0=local-a;role_1=local-c;role_2=local-b,PAIR_CORRELATED_DEGRADATION,1,1,0,local-a|local-b|local-c,3,SLO_ESTIMATE_UNSATISFIABLE,best-effort,3,0,3,1,local-b|local-c,2,1,1
v4conf-115,20,2000115,role_0=local-a;role_1=local-c;role_2=local-b,PAIR_CORRELATED_DEGRADATION,0,1,0,local-a|local-b|local-c,3,SLO_ESTIMATE_UNSATISFIABLE,best-effort,3,0,3,1,local-b|local-c,2,1,1
v4conf-115,21,2000115,role_0=local-a;role_1=local-c;role_2=local-b,PAIR_CORRELATED_DEGRADATION,0,1,0,local-b,1,SLO_ESTIMATE_UNSATISFIABLE,best-effort,1,0,1,1,local-b|local-c,2,1,1
v4conf-116,0,2000116,role_0=local-b;role_1=local-c;role_2=local-a,SINGLE_PROVIDER_INVALID_RISK,1,0,1,local-a|local-b|local-c,3,WARMUP,warmup,0,3,3,1,local-b|local-c,2,1,1
v4conf-116,1,2000116,role_0=local-b;role_1=local-c;role_2=local-a,SINGLE_PROVIDER_INVALID_RISK,1,1,1,local-a|local-b|local-c,3,WARMUP,warmup,0,3,3,1,local-b|local-c,2,1,1
v4conf-116,2,2000116,role_0=local-b;role_1=local-c;role_2=local-a,SINGLE_PROVIDER_INVALID_RISK,1,1,1,local-a|local-b|local-c,3,WARMUP,warmup,0,3,3,1,local-b|local-c,2,1,1
v4conf-116,3,2000116,role_0=local-b;role_1=local-c;role_2=local-a,SINGLE_PROVIDER_INVALID_RISK,1,0,1,local-a,1,SLO_ESTIMATE_UNSATISFIABLE,best-effort,1,0,1,1,local-b|local-c,2,1,1
v4conf-116,4,2000116,role_0=local-b;role_1=local-c;role_2=local-a,SINGLE_PROVIDER_CONGESTED,1,0,1,local-a,1,SLO_ESTIMATE_UNSATISFIABLE,best-effort,1,0,1,1,local-b|local-c,2,1,1
v4conf-116,5,2000116,role_0=local-b;role_1=local-c;role_2=local-a,SINGLE_PROVIDER_CONGESTED,1,0,1,local-a,1,SELECTED,,1,0,1,1,local-b|local-c,2,1,1
v4conf-116,6,2000116,role_0=local-b;role_1=local-c;role_2=local-a,SINGLE_PROVIDER_CONGESTED,1,0,1,local-a,1,SELECTED,,1,0,1,1,local-b|local-c,2,1,1
v4conf-116,7,2000116,role_0=local-b;role_1=local-c;role_2=local-a,SINGLE_PROVIDER_CONGESTED,1,0,1,local-a,1,SELECTED,,1,3,4,1,local-b|local-c,2,1,1
v4conf-116,8,2000116,role_0=local-b;role_1=local-c;role_2=local-a,SINGLE_PROVIDER_CONGESTED,1,0,1,local-a,1,SELECTED,,1,0,1,1,local-b|local-c,2,1,1
v4conf-116,9,2000116,role_0=local-b;role_1=local-c;role_2=local-a,SINGLE_PROVIDER_CONGESTED,1,0,1,local-a,1,SELECTED,,1,0,1,1,local-b|local-c,2,1,1
v4conf-116,10,2000116,role_0=local-b;role_1=local-c;role_2=local-a,SINGLE_PROVIDER_CONGESTED,1,0,1,local-a,1,SELECTED,,1,0,1,1,local-b|local-c,2,1,1
v4conf-116,11,2000116,role_0=local-b;role_1=local-c;role_2=local-a,SINGLE_PROVIDER_CONGESTED,1,0,1,local-a,1,SELECTED,,1,0,1,1,local-b|local-c,2,1,1
v4conf-116,12,2000116,role_0=local-b;role_1=local-c;role_2=local-a,SINGLE_PROVIDER_UNSTABLE,1,1,1,local-a,1,SELECTED,,1,0,1,1,local-b|local-c,2,1,1
v4conf-116,13,2000116,role_0=local-b;role_1=local-c;role_2=local-a,SINGLE_PROVIDER_UNSTABLE,1,1,1,local-a,1,SELECTED,,1,0,1,1,local-b|local-c,2,1,1
v4conf-116,14,2000116,role_0=local-b;role_1=local-c;role_2=local-a,SINGLE_PROVIDER_UNSTABLE,1,1,1,local-a,1,SELECTED,,1,0,1,1,local-b|local-c,2,1,1
v4conf-116,15,2000116,role_0=local-b;role_1=local-c;role_2=local-a,SINGLE_PROVIDER_UNSTABLE,1,0,1,local-a,1,SELECTED,,1,3,4,1,local-b|local-c,2,1,1
v4conf-116,16,2000116,role_0=local-b;role_1=local-c;role_2=local-a,SINGLE_PROVIDER_UNSTABLE,1,0,1,local-a,1,SELECTED,,1,0,1,1,local-b|local-c,2,1,1
v4conf-116,17,2000116,role_0=local-b;role_1=local-c;role_2=local-a,SINGLE_PROVIDER_UNSTABLE,1,1,1,local-a,1,SELECTED,,1,0,1,1,local-b|local-c,2,1,1
v4conf-116,18,2000116,role_0=local-b;role_1=local-c;role_2=local-a,SINGLE_PROVIDER_UNSTABLE,1,1,1,local-a,1,SELECTED,,1,0,1,1,local-b|local-c,2,1,1
v4conf-116,19,2000116,role_0=local-b;role_1=local-c;role_2=local-a,SINGLE_PROVIDER_UNSTABLE,1,0,1,local-a,1,SELECTED,,1,0,1,1,local-b|local-c,2,1,1
v4conf-116,20,2000116,role_0=local-b;role_1=local-c;role_2=local-a,SINGLE_PROVIDER_UNSTABLE,1,0,1,local-a,1,SELECTED,,1,0,1,1,local-b|local-c,2,1,1
v4conf-116,21,2000116,role_0=local-b;role_1=local-c;role_2=local-a,PAIR_CORRELATED_DEGRADATION,1,0,0,local-a,1,SELECTED,,1,0,1,1,local-b|local-c,2,0,1
v4conf-117,0,2000117,role_0=local-c;role_1=local-b;role_2=local-a,PAIR_CORRELATED_DEGRADATION,1,0,0,local-a|local-b|local-c,3,WARMUP,warmup,0,3,3,1,local-b|local-c,2,0,1
v4conf-117,1,2000117,role_0=local-c;role_1=local-b;role_2=local-a,PAIR_CORRELATED_DEGRADATION,1,0,0,local-a|local-b|local-c,3,WARMUP,warmup,0,3,3,1,local-b|local-c,2,0,1
v4conf-117,2,2000117,role_0=local-c;role_1=local-b;role_2=local-a,PAIR_CORRELATED_DEGRADATION,1,0,0,local-a|local-b|local-c,3,WARMUP,warmup,0,3,3,1,local-b|local-c,2,0,1
v4conf-117,3,2000117,role_0=local-c;role_1=local-b;role_2=local-a,PAIR_CORRELATED_DEGRADATION,1,0,0,local-a,1,SLO_ESTIMATE_UNSATISFIABLE,best-effort,1,0,1,1,local-b|local-c,2,0,1
v4conf-117,4,2000117,role_0=local-c;role_1=local-b;role_2=local-a,PAIR_CORRELATED_DEGRADATION,1,0,0,local-a,1,SLO_ESTIMATE_UNSATISFIABLE,best-effort,1,0,1,1,local-b|local-c,2,0,1
v4conf-117,5,2000117,role_0=local-c;role_1=local-b;role_2=local-a,PAIR_CORRELATED_DEGRADATION,1,1,0,local-a,1,SELECTED,,1,0,1,1,local-b|local-c,2,1,1
v4conf-117,6,2000117,role_0=local-c;role_1=local-b;role_2=local-a,PAIR_CORRELATED_DEGRADATION,1,0,0,local-a,1,SELECTED,,1,0,1,1,local-b|local-c,2,0,1
v4conf-117,7,2000117,role_0=local-c;role_1=local-b;role_2=local-a,PAIR_CORRELATED_DEGRADATION,1,0,0,local-a,1,SELECTED,,1,3,4,1,local-b|local-c,2,0,1
v4conf-117,8,2000117,role_0=local-c;role_1=local-b;role_2=local-a,SINGLE_PROVIDER_CONGESTED,1,1,0,local-a,1,SELECTED,,1,0,1,1,local-b|local-c,2,1,1
v4conf-117,9,2000117,role_0=local-c;role_1=local-b;role_2=local-a,SINGLE_PROVIDER_CONGESTED,1,1,0,local-a,1,SELECTED,,1,0,1,1,local-b|local-c,2,1,1
v4conf-117,10,2000117,role_0=local-c;role_1=local-b;role_2=local-a,SINGLE_PROVIDER_CONGESTED,1,1,0,local-a,1,SELECTED,,1,0,1,1,local-b|local-c,2,1,1
v4conf-117,11,2000117,role_0=local-c;role_1=local-b;role_2=local-a,SINGLE_PROVIDER_CONGESTED,1,1,0,local-a,1,SELECTED,,1,0,1,1,local-b|local-c,2,1,1
v4conf-117,12,2000117,role_0=local-c;role_1=local-b;role_2=local-a,SINGLE_PROVIDER_CONGESTED,1,1,0,local-a,1,SELECTED,,1,0,1,1,local-b|local-c,2,1,1
v4conf-117,13,2000117,role_0=local-c;role_1=local-b;role_2=local-a,SINGLE_PROVIDER_CONGESTED,1,1,0,local-a,1,SELECTED,,1,0,1,1,local-b|local-c,2,1,1
v4conf-117,14,2000117,role_0=local-c;role_1=local-b;role_2=local-a,SINGLE_PROVIDER_CONGESTED,1,1,0,local-a,1,SELECTED,,1,0,1,1,local-b|local-c,2,1,1
v4conf-117,15,2000117,role_0=local-c;role_1=local-b;role_2=local-a,SINGLE_PROVIDER_UNSTABLE,1,1,0,local-a,1,SELECTED,,1,3,4,1,local-b|local-c,2,1,1
v4conf-117,16,2000117,role_0=local-c;role_1=local-b;role_2=local-a,SINGLE_PROVIDER_UNSTABLE,1,1,1,local-a,1,SELECTED,,1,0,1,1,local-b|local-c,2,1,1
v4conf-117,17,2000117,role_0=local-c;role_1=local-b;role_2=local-a,SINGLE_PROVIDER_UNSTABLE,1,1,1,local-a,1,SELECTED,,1,0,1,1,local-b|local-c,2,1,1
v4conf-117,18,2000117,role_0=local-c;role_1=local-b;role_2=local-a,SINGLE_PROVIDER_UNSTABLE,1,1,0,local-a,1,SELECTED,,1,0,1,1,local-b|local-c,2,1,1
v4conf-117,19,2000117,role_0=local-c;role_1=local-b;role_2=local-a,SINGLE_PROVIDER_INVALID_RISK,1,1,1,local-a,1,SELECTED,,1,0,1,1,local-b|local-c,2,1,1
v4conf-117,20,2000117,role_0=local-c;role_1=local-b;role_2=local-a,SINGLE_PROVIDER_INVALID_RISK,1,1,0,local-a,1,SELECTED,,1,0,1,1,local-b|local-c,2,1,1
v4conf-117,21,2000117,role_0=local-c;role_1=local-b;role_2=local-a,SINGLE_PROVIDER_INVALID_RISK,1,1,0,local-a,1,SELECTED,,1,0,1,1,local-b|local-c,2,1,1
v4conf-118,0,2000118,role_0=local-c;role_1=local-b;role_2=local-a,SINGLE_PROVIDER_INVALID_RISK,1,1,1,local-a|local-b|local-c,3,WARMUP,warmup,0,3,3,1,local-b|local-c,2,1,1
v4conf-118,1,2000118,role_0=local-c;role_1=local-b;role_2=local-a,SINGLE_PROVIDER_INVALID_RISK,1,1,1,local-a|local-b|local-c,3,WARMUP,warmup,0,3,3,1,local-b|local-c,2,1,1
v4conf-118,2,2000118,role_0=local-c;role_1=local-b;role_2=local-a,SINGLE_PROVIDER_INVALID_RISK,1,1,0,local-a|local-b|local-c,3,WARMUP,warmup,0,3,3,1,local-b|local-c,2,1,1
v4conf-118,3,2000118,role_0=local-c;role_1=local-b;role_2=local-a,SINGLE_PROVIDER_INVALID_RISK,1,1,0,local-a,1,SLO_ESTIMATE_UNSATISFIABLE,best-effort,1,0,1,1,local-b|local-c,2,1,1
v4conf-118,4,2000118,role_0=local-c;role_1=local-b;role_2=local-a,SHARED_DEGRADATION,0,0,0,local-a,1,SLO_ESTIMATE_UNSATISFIABLE,best-effort,1,0,1,0,local-b|local-c,2,0,0
v4conf-118,5,2000118,role_0=local-c;role_1=local-b;role_2=local-a,SHARED_DEGRADATION,0,0,0,local-a|local-b,2,SLO_ESTIMATE_UNSATISFIABLE,best-effort,2,0,2,0,local-b|local-c,2,0,0
v4conf-118,6,2000118,role_0=local-c;role_1=local-b;role_2=local-a,SHARED_DEGRADATION,0,1,0,local-a|local-c,2,SLO_ESTIMATE_UNSATISFIABLE,best-effort,2,0,2,0,local-b|local-c,2,1,1
v4conf-118,7,2000118,role_0=local-c;role_1=local-b;role_2=local-a,SHARED_DEGRADATION,0,0,1,local-a|local-b|local-c,3,SLO_ESTIMATE_UNSATISFIABLE,best-effort,3,3,6,1,local-b|local-c,2,1,1
v4conf-118,8,2000118,role_0=local-c;role_1=local-b;role_2=local-a,SHARED_DEGRADATION,0,1,0,local-a|local-b|local-c,3,SELECTED,,3,0,3,1,local-b|local-c,2,1,1
v4conf-118,9,2000118,role_0=local-c;role_1=local-b;role_2=local-a,SHARED_DEGRADATION,0,0,0,local-b|local-c,2,SELECTED,,2,0,2,0,local-b|local-c,2,0,0
v4conf-118,10,2000118,role_0=local-c;role_1=local-b;role_2=local-a,SHARED_DEGRADATION,0,0,0,local-a|local-b|local-c,3,SELECTED,,3,0,3,0,local-b|local-c,2,0,0
v4conf-118,11,2000118,role_0=local-c;role_1=local-b;role_2=local-a,SHARED_DEGRADATION,1,0,1,local-a|local-b|local-c,3,SLO_ESTIMATE_UNSATISFIABLE,best-effort,3,0,3,1,local-b|local-c,2,1,1
v4conf-118,12,2000118,role_0=local-c;role_1=local-b;role_2=local-a,SHARED_DEGRADATION,0,0,0,local-a|local-b|local-c,3,SLO_ESTIMATE_UNSATISFIABLE,best-effort,3,0,3,0,local-b|local-c,2,0,0
v4conf-118,13,2000118,role_0=local-c;role_1=local-b;role_2=local-a,SINGLE_PROVIDER_INVALID_RISK,1,1,0,local-a|local-b|local-c,3,SLO_ESTIMATE_UNSATISFIABLE,best-effort,3,0,3,1,local-b|local-c,2,1,1
v4conf-118,14,2000118,role_0=local-c;role_1=local-b;role_2=local-a,SINGLE_PROVIDER_INVALID_RISK,1,1,1,local-a|local-b|local-c,3,SLO_ESTIMATE_UNSATISFIABLE,best-effort,3,0,3,1,local-b|local-c,2,1,1
v4conf-118,15,2000118,role_0=local-c;role_1=local-b;role_2=local-a,SINGLE_PROVIDER_INVALID_RISK,1,1,1,local-a|local-b|local-c,3,SLO_ESTIMATE_UNSATISFIABLE,best-effort,3,3,6,1,local-b|local-c,2,1,1
v4conf-118,16,2000118,role_0=local-c;role_1=local-b;role_2=local-a,SINGLE_PROVIDER_INVALID_RISK,1,1,1,local-a|local-b|local-c,3,SLO_ESTIMATE_UNSATISFIABLE,best-effort,3,0,3,1,local-b|local-c,2,1,1
v4conf-118,17,2000118,role_0=local-c;role_1=local-b;role_2=local-a,SINGLE_PROVIDER_INVALID_RISK,1,1,0,local-a|local-b|local-c,3,SLO_ESTIMATE_UNSATISFIABLE,best-effort,3,0,3,1,local-b|local-c,2,1,1
v4conf-118,18,2000118,role_0=local-c;role_1=local-b;role_2=local-a,SINGLE_PROVIDER_INVALID_RISK,1,1,0,local-a|local-b|local-c,3,SLO_ESTIMATE_UNSATISFIABLE,best-effort,3,0,3,1,local-b|local-c,2,1,1
v4conf-118,19,2000118,role_0=local-c;role_1=local-b;role_2=local-a,SINGLE_PROVIDER_INVALID_RISK,1,1,1,local-a|local-b,2,SLO_ESTIMATE_UNSATISFIABLE,best-effort,2,0,2,1,local-b|local-c,2,1,1
v4conf-118,20,2000118,role_0=local-c;role_1=local-b;role_2=local-a,SINGLE_PROVIDER_INVALID_RISK,1,1,1,local-a,1,SLO_ESTIMATE_UNSATISFIABLE,best-effort,1,0,1,1,local-b|local-c,2,1,1
v4conf-118,21,2000118,role_0=local-c;role_1=local-b;role_2=local-a,NORMAL,1,1,1,local-a,1,SLO_ESTIMATE_UNSATISFIABLE,best-effort,1,0,1,1,local-b|local-c,2,1,1
v4conf-119,0,2000119,role_0=local-c;role_1=local-a;role_2=local-b,SINGLE_PROVIDER_CONGESTED,1,1,0,local-a|local-b|local-c,3,WARMUP,warmup,0,3,3,1,local-b|local-c,2,1,1
v4conf-119,1,2000119,role_0=local-c;role_1=local-a;role_2=local-b,SINGLE_PROVIDER_CONGESTED,1,1,0,local-a|local-b|local-c,3,WARMUP,warmup,0,3,3,1,local-b|local-c,2,1,1
v4conf-119,2,2000119,role_0=local-c;role_1=local-a;role_2=local-b,SINGLE_PROVIDER_CONGESTED,1,1,0,local-a|local-b|local-c,3,WARMUP,warmup,0,3,3,1,local-b|local-c,2,1,1
v4conf-119,3,2000119,role_0=local-c;role_1=local-a;role_2=local-b,SINGLE_PROVIDER_CONGESTED,1,1,0,local-a,1,SLO_ESTIMATE_UNSATISFIABLE,best-effort,1,0,1,1,local-b|local-c,2,1,1
v4conf-119,4,2000119,role_0=local-c;role_1=local-a;role_2=local-b,SINGLE_PROVIDER_CONGESTED,1,1,0,local-a,1,SLO_ESTIMATE_UNSATISFIABLE,best-effort,1,0,1,1,local-b|local-c,2,1,1
v4conf-119,5,2000119,role_0=local-c;role_1=local-a;role_2=local-b,SINGLE_PROVIDER_CONGESTED,1,1,0,local-a,1,SELECTED,,1,0,1,1,local-b|local-c,2,1,1
v4conf-119,6,2000119,role_0=local-c;role_1=local-a;role_2=local-b,SINGLE_PROVIDER_CONGESTED,1,1,0,local-a,1,SELECTED,,1,0,1,1,local-b|local-c,2,1,1
v4conf-119,7,2000119,role_0=local-c;role_1=local-a;role_2=local-b,SINGLE_PROVIDER_CONGESTED,1,1,0,local-a,1,SELECTED,,1,3,4,1,local-b|local-c,2,1,1
v4conf-119,8,2000119,role_0=local-c;role_1=local-a;role_2=local-b,SINGLE_PROVIDER_CONGESTED,1,1,0,local-a,1,SELECTED,,1,0,1,1,local-b|local-c,2,1,1
v4conf-119,9,2000119,role_0=local-c;role_1=local-a;role_2=local-b,SINGLE_PROVIDER_CONGESTED,1,1,0,local-a,1,SELECTED,,1,0,1,1,local-b|local-c,2,1,1
v4conf-119,10,2000119,role_0=local-c;role_1=local-a;role_2=local-b,SINGLE_PROVIDER_CONGESTED,1,1,0,local-a,1,SELECTED,,1,0,1,1,local-b|local-c,2,1,1
v4conf-119,11,2000119,role_0=local-c;role_1=local-a;role_2=local-b,NORMAL,1,1,1,local-a,1,SELECTED,,1,0,1,1,local-b|local-c,2,1,1
v4conf-119,12,2000119,role_0=local-c;role_1=local-a;role_2=local-b,NORMAL,1,1,1,local-a,1,SELECTED,,1,0,1,1,local-b|local-c,2,1,1
v4conf-119,13,2000119,role_0=local-c;role_1=local-a;role_2=local-b,NORMAL,1,1,1,local-a,1,SELECTED,,1,0,1,1,local-b|local-c,2,1,1
v4conf-119,14,2000119,role_0=local-c;role_1=local-a;role_2=local-b,NORMAL,1,1,1,local-a,1,SELECTED,,1,0,1,1,local-b|local-c,2,1,1
v4conf-119,15,2000119,role_0=local-c;role_1=local-a;role_2=local-b,SINGLE_PROVIDER_UNSTABLE,1,1,1,local-a,1,SELECTED,,1,3,4,1,local-b|local-c,2,1,1
v4conf-119,16,2000119,role_0=local-c;role_1=local-a;role_2=local-b,SINGLE_PROVIDER_UNSTABLE,1,1,1,local-a,1,SELECTED,,1,0,1,1,local-b|local-c,2,1,1
v4conf-119,17,2000119,role_0=local-c;role_1=local-a;role_2=local-b,SINGLE_PROVIDER_UNSTABLE,1,1,0,local-a,1,SELECTED,,1,0,1,1,local-b|local-c,2,1,1
v4conf-119,18,2000119,role_0=local-c;role_1=local-a;role_2=local-b,SINGLE_PROVIDER_UNSTABLE,1,1,1,local-a,1,SELECTED,,1,0,1,1,local-b|local-c,2,1,1
v4conf-119,19,2000119,role_0=local-c;role_1=local-a;role_2=local-b,SINGLE_PROVIDER_UNSTABLE,1,1,1,local-a,1,SELECTED,,1,0,1,1,local-b|local-c,2,1,1
v4conf-119,20,2000119,role_0=local-c;role_1=local-a;role_2=local-b,SINGLE_PROVIDER_UNSTABLE,1,1,1,local-a,1,SELECTED,,1,0,1,1,local-b|local-c,2,1,1
v4conf-119,21,2000119,role_0=local-c;role_1=local-a;role_2=local-b,SINGLE_PROVIDER_UNSTABLE,1,1,0,local-a,1,SELECTED,,1,0,1,1,local-b|local-c,2,1,1
